--
-- PostgreSQL database dump
--

-- Dumped from database version 15.4
-- Dumped by pg_dump version 15.2

SET statement_timeout = 0;
SET lock_timeout = 0;
SET idle_in_transaction_session_timeout = 0;
SET client_encoding = 'UTF8';
SET standard_conforming_strings = on;
SELECT pg_catalog.set_config('search_path', '', false);
SET check_function_bodies = false;
SET xmloption = content;
SET client_min_messages = warning;
SET row_security = off;

--
-- Name: pg_stat_statements; Type: EXTENSION; Schema: -; Owner: -
--

CREATE EXTENSION IF NOT EXISTS pg_stat_statements WITH SCHEMA public;


--
-- Name: EXTENSION pg_stat_statements; Type: COMMENT; Schema: -; Owner: -
--

COMMENT ON EXTENSION pg_stat_statements IS 'track planning and execution statistics of all SQL statements executed';


--
-- Name: uuid-ossp; Type: EXTENSION; Schema: -; Owner: -
--

CREATE EXTENSION IF NOT EXISTS "uuid-ossp" WITH SCHEMA public;


--
-- Name: EXTENSION "uuid-ossp"; Type: COMMENT; Schema: -; Owner: -
--

COMMENT ON EXTENSION "uuid-ossp" IS 'generate universally unique identifiers (UUIDs)';


SET default_tablespace = '';

SET default_table_access_method = heap;

--
-- Name: user; Type: TABLE; Schema: public; Owner: -
--

CREATE TABLE public."user" (
    "Id" integer NOT NULL,
    "Email" text NOT NULL,
    "SendDays" integer DEFAULT 0 NOT NULL,
    "AcceptedTerms" boolean DEFAULT false NOT NULL,
    "SportsFocus" integer DEFAULT 0 NOT NULL,
    "NewsletterDisabledReason" text,
    "CreatedDate" date DEFAULT '-infinity'::date NOT NULL,
    "LastActive" date DEFAULT '-infinity'::date,
    "DeloadAfterEveryXWeeks" integer DEFAULT 0 NOT NULL,
    "SendHour" integer DEFAULT 0 NOT NULL,
    "ShowStaticImages" boolean DEFAULT false NOT NULL,
    "RefreshAccessoryEveryXWeeks" integer DEFAULT 7 NOT NULL,
    "RefreshFunctionalEveryXWeeks" integer DEFAULT 30 NOT NULL,
    "Features" integer DEFAULT 0 NOT NULL,
    "IncludeMobilityWorkouts" boolean DEFAULT false NOT NULL,
    "SeasonedDate" date,
    "FootnoteType" integer DEFAULT 0 NOT NULL,
    "Frequency" integer DEFAULT 0 NOT NULL,
    "Intensity" integer DEFAULT 0 NOT NULL,
    "PrehabFocus" bigint DEFAULT 0 NOT NULL,
    "RehabFocus" bigint DEFAULT 0 NOT NULL,
    "Verbosity" integer DEFAULT 0 NOT NULL,
    "Equipment" integer DEFAULT 0 NOT NULL
);


--
-- Name: TABLE "user"; Type: COMMENT; Schema: public; Owner: -
--

COMMENT ON TABLE public."user" IS 'User who signed up for the newsletter';


--
-- Name: User_Id_seq; Type: SEQUENCE; Schema: public; Owner: -
--

ALTER TABLE public."user" ALTER COLUMN "Id" ADD GENERATED BY DEFAULT AS IDENTITY (
    SEQUENCE NAME public."User_Id_seq"
    START WITH 1
    INCREMENT BY 1
    NO MINVALUE
    NO MAXVALUE
    CACHE 1
);


--
-- Name: __EFMigrationsHistory; Type: TABLE; Schema: public; Owner: -
--

CREATE TABLE public."__EFMigrationsHistory" (
    "MigrationId" character varying(150) NOT NULL,
    "ProductVersion" character varying(32) NOT NULL
);


--
-- Name: exercise; Type: TABLE; Schema: public; Owner: -
--

CREATE TABLE public.exercise (
    "Id" integer NOT NULL,
    "DisabledReason" text,
    "Groups" integer NOT NULL,
    "Name" text NOT NULL,
    "Notes" text,
    "Proficiency" integer NOT NULL
);


--
-- Name: TABLE exercise; Type: COMMENT; Schema: public; Owner: -
--

COMMENT ON TABLE public.exercise IS 'Exercises listed on the website';


--
-- Name: exercise_Id_seq; Type: SEQUENCE; Schema: public; Owner: -
--

ALTER TABLE public.exercise ALTER COLUMN "Id" ADD GENERATED BY DEFAULT AS IDENTITY (
    SEQUENCE NAME public."exercise_Id_seq"
    START WITH 1
    INCREMENT BY 1
    NO MINVALUE
    NO MAXVALUE
    CACHE 1
);


--
-- Name: exercise_prerequisite; Type: TABLE; Schema: public; Owner: -
--

CREATE TABLE public.exercise_prerequisite (
    "ExerciseId" integer NOT NULL,
    "PrerequisiteExerciseId" integer NOT NULL
);


--
-- Name: TABLE exercise_prerequisite; Type: COMMENT; Schema: public; Owner: -
--

COMMENT ON TABLE public.exercise_prerequisite IS 'Pre-requisite exercises for other exercises';


--
-- Name: exercise_variation; Type: TABLE; Schema: public; Owner: -
--

CREATE TABLE public.exercise_variation (
    "Id" integer NOT NULL,
    "ExerciseId" integer NOT NULL,
    "VariationId" integer NOT NULL,
    "DisabledReason" text,
    "ExerciseType" integer NOT NULL,
    "Notes" text,
    "Progression_Max" integer,
    "Progression_Min" integer
);


--
-- Name: TABLE exercise_variation; Type: COMMENT; Schema: public; Owner: -
--

COMMENT ON TABLE public.exercise_variation IS 'Variation progressions for an exercise track';


--
-- Name: exercise_variation_Id_seq; Type: SEQUENCE; Schema: public; Owner: -
--

ALTER TABLE public.exercise_variation ALTER COLUMN "Id" ADD GENERATED BY DEFAULT AS IDENTITY (
    SEQUENCE NAME public."exercise_variation_Id_seq"
    START WITH 1
    INCREMENT BY 1
    NO MINVALUE
    NO MAXVALUE
    CACHE 1
);


--
-- Name: user_footnote; Type: TABLE; Schema: public; Owner: -
--

CREATE TABLE public.user_footnote (
    "Id" integer NOT NULL,
    "Note" text NOT NULL,
    "Source" text,
    "Type" integer NOT NULL,
    "UserId" integer
);


--
-- Name: TABLE user_footnote; Type: COMMENT; Schema: public; Owner: -
--

COMMENT ON TABLE public.user_footnote IS 'Sage advice';


--
-- Name: footnote_Id_seq; Type: SEQUENCE; Schema: public; Owner: -
--

ALTER TABLE public.user_footnote ALTER COLUMN "Id" ADD GENERATED BY DEFAULT AS IDENTITY (
    SEQUENCE NAME public."footnote_Id_seq"
    START WITH 1
    INCREMENT BY 1
    NO MINVALUE
    NO MAXVALUE
    CACHE 1
);


--
-- Name: instruction; Type: TABLE; Schema: public; Owner: -
--

CREATE TABLE public.instruction (
    "Id" integer NOT NULL,
    "ParentId" integer,
    "VariationId" integer NOT NULL,
    "DisabledReason" text,
    "Link" text,
    "Name" text,
    "Notes" text,
    "Equipment" integer DEFAULT 0 NOT NULL
);


--
-- Name: TABLE instruction; Type: COMMENT; Schema: public; Owner: -
--

COMMENT ON TABLE public.instruction IS 'Equipment that can be switched out for one another';


--
-- Name: instruction_Id_seq; Type: SEQUENCE; Schema: public; Owner: -
--

ALTER TABLE public.instruction ALTER COLUMN "Id" ADD GENERATED BY DEFAULT AS IDENTITY (
    SEQUENCE NAME public."instruction_Id_seq"
    START WITH 1
    INCREMENT BY 1
    NO MINVALUE
    NO MAXVALUE
    CACHE 1
);


--
-- Name: user_email; Type: TABLE; Schema: public; Owner: -
--

CREATE TABLE public.user_email (
    "Id" integer NOT NULL,
    "UserId" integer NOT NULL,
    "Body" text NOT NULL,
    "Date" date NOT NULL,
    "EmailStatus" integer NOT NULL,
    "LastError" text,
    "SendAfter" timestamp with time zone NOT NULL,
    "SendAttempts" integer NOT NULL,
    "Subject" text NOT NULL
);


--
-- Name: TABLE user_email; Type: COMMENT; Schema: public; Owner: -
--

COMMENT ON TABLE public.user_email IS 'A day''s workout routine';


--
-- Name: user_email_Id_seq; Type: SEQUENCE; Schema: public; Owner: -
--

ALTER TABLE public.user_email ALTER COLUMN "Id" ADD GENERATED BY DEFAULT AS IDENTITY (
    SEQUENCE NAME public."user_email_Id_seq"
    START WITH 1
    INCREMENT BY 1
    NO MINVALUE
    NO MAXVALUE
    CACHE 1
);


--
-- Name: user_exercise; Type: TABLE; Schema: public; Owner: -
--

CREATE TABLE public.user_exercise (
    "UserId" integer NOT NULL,
    "ExerciseId" integer NOT NULL,
    "Ignore" boolean NOT NULL,
    "LastSeen" date NOT NULL,
    "Progression" integer NOT NULL,
    "RefreshAfter" date
);


--
-- Name: TABLE user_exercise; Type: COMMENT; Schema: public; Owner: -
--

COMMENT ON TABLE public.user_exercise IS 'User''s progression level of an exercise';


--
-- Name: user_exercise_variation; Type: TABLE; Schema: public; Owner: -
--

CREATE TABLE public.user_exercise_variation (
    "UserId" integer NOT NULL,
    "ExerciseVariationId" integer NOT NULL,
    "LastSeen" date NOT NULL,
    "RefreshAfter" date,
    "Ignore" boolean DEFAULT false NOT NULL
);


--
-- Name: TABLE user_exercise_variation; Type: COMMENT; Schema: public; Owner: -
--

COMMENT ON TABLE public.user_exercise_variation IS 'User''s progression level of an exercise variation';


--
-- Name: user_frequency; Type: TABLE; Schema: public; Owner: -
--

CREATE TABLE public.user_frequency (
    "UserId" integer NOT NULL,
    "Id" integer NOT NULL,
    "Rotation_Id" integer NOT NULL,
    "Rotation_MovementPatterns" integer NOT NULL,
    "Rotation_MuscleGroups" bigint NOT NULL
);


--
-- Name: user_muscle_flexibility; Type: TABLE; Schema: public; Owner: -
--

CREATE TABLE public.user_muscle_flexibility (
    "MuscleGroup" bigint NOT NULL,
    "UserId" integer NOT NULL,
    "Count" integer NOT NULL
);


--
-- Name: user_muscle_mobility; Type: TABLE; Schema: public; Owner: -
--

CREATE TABLE public.user_muscle_mobility (
    "UserId" integer NOT NULL,
    "MuscleGroup" bigint NOT NULL,
    "Count" integer NOT NULL
);


--
-- Name: user_muscle_strength; Type: TABLE; Schema: public; Owner: -
--

CREATE TABLE public.user_muscle_strength (
    "UserId" integer NOT NULL,
    "MuscleGroup" bigint NOT NULL,
    "End" integer NOT NULL,
    "Start" integer NOT NULL
);


--
-- Name: user_token; Type: TABLE; Schema: public; Owner: -
--

CREATE TABLE public.user_token (
    "UserId" integer NOT NULL,
    "Token" text NOT NULL,
    "Expires" timestamp with time zone NOT NULL,
    "Id" integer NOT NULL
);


--
-- Name: TABLE user_token; Type: COMMENT; Schema: public; Owner: -
--

COMMENT ON TABLE public.user_token IS 'Auth tokens for a user';


--
-- Name: user_token_Id_seq; Type: SEQUENCE; Schema: public; Owner: -
--

ALTER TABLE public.user_token ALTER COLUMN "Id" ADD GENERATED BY DEFAULT AS IDENTITY (
    SEQUENCE NAME public."user_token_Id_seq"
    START WITH 1
    INCREMENT BY 1
    NO MINVALUE
    NO MAXVALUE
    CACHE 1
);


--
-- Name: user_variation; Type: TABLE; Schema: public; Owner: -
--

CREATE TABLE public.user_variation (
    "UserId" integer NOT NULL,
    "VariationId" integer NOT NULL,
    "Ignore" boolean NOT NULL,
    "Weight" integer NOT NULL
);


--
-- Name: TABLE user_variation; Type: COMMENT; Schema: public; Owner: -
--

COMMENT ON TABLE public.user_variation IS 'User''s intensity stats';


--
-- Name: user_variation_weight; Type: TABLE; Schema: public; Owner: -
--

CREATE TABLE public.user_variation_weight (
    "Id" integer NOT NULL,
    "UserId" integer NOT NULL,
    "VariationId" integer NOT NULL,
    "Date" date NOT NULL,
    "Weight" integer NOT NULL
);


--
-- Name: TABLE user_variation_weight; Type: COMMENT; Schema: public; Owner: -
--

COMMENT ON TABLE public.user_variation_weight IS 'User variation weight log';


--
-- Name: user_variation_weight_Id_seq; Type: SEQUENCE; Schema: public; Owner: -
--

ALTER TABLE public.user_variation_weight ALTER COLUMN "Id" ADD GENERATED BY DEFAULT AS IDENTITY (
    SEQUENCE NAME public."user_variation_weight_Id_seq"
    START WITH 1
    INCREMENT BY 1
    NO MINVALUE
    NO MAXVALUE
    CACHE 1
);


--
-- Name: user_workout; Type: TABLE; Schema: public; Owner: -
--

CREATE TABLE public.user_workout (
    "Id" integer NOT NULL,
    "UserId" integer NOT NULL,
    "Date" date NOT NULL,
    "Frequency" integer NOT NULL,
    "IsDeloadWeek" boolean NOT NULL,
    "WorkoutRotation_Id" integer NOT NULL,
    "WorkoutRotation_MovementPatterns" integer NOT NULL,
    "WorkoutRotation_MuscleGroups" bigint NOT NULL,
    "Intensity" integer DEFAULT 0 NOT NULL
);


--
-- Name: TABLE user_workout; Type: COMMENT; Schema: public; Owner: -
--

COMMENT ON TABLE public.user_workout IS 'A day''s workout routine';


--
-- Name: user_workout_Id_seq; Type: SEQUENCE; Schema: public; Owner: -
--

ALTER TABLE public.user_workout ALTER COLUMN "Id" ADD GENERATED BY DEFAULT AS IDENTITY (
    SEQUENCE NAME public."user_workout_Id_seq"
    START WITH 1
    INCREMENT BY 1
    NO MINVALUE
    NO MAXVALUE
    CACHE 1
);


--
-- Name: user_workout_exercise_variation; Type: TABLE; Schema: public; Owner: -
--

CREATE TABLE public.user_workout_exercise_variation (
    "Id" integer NOT NULL,
    "ExerciseVariationId" integer NOT NULL,
    "UserWorkoutId" integer NOT NULL,
    "Order" integer NOT NULL,
    "Section" integer NOT NULL
);


--
-- Name: TABLE user_workout_exercise_variation; Type: COMMENT; Schema: public; Owner: -
--

COMMENT ON TABLE public.user_workout_exercise_variation IS 'A day''s workout routine';


--
-- Name: user_workout_exercise_variation_Id_seq; Type: SEQUENCE; Schema: public; Owner: -
--

ALTER TABLE public.user_workout_exercise_variation ALTER COLUMN "Id" ADD GENERATED BY DEFAULT AS IDENTITY (
    SEQUENCE NAME public."user_workout_exercise_variation_Id_seq"
    START WITH 1
    INCREMENT BY 1
    NO MINVALUE
    NO MAXVALUE
    CACHE 1
);


--
-- Name: variation; Type: TABLE; Schema: public; Owner: -
--

CREATE TABLE public.variation (
    "Id" integer NOT NULL,
    "AnimatedImage" text,
    "DisabledReason" text,
    "IsWeighted" boolean NOT NULL,
    "MobilityJoints" bigint NOT NULL,
    "MovementPattern" integer NOT NULL,
    "MuscleContractions" integer NOT NULL,
    "MuscleMovement" integer NOT NULL,
    "Name" text NOT NULL,
    "Notes" text,
    "SecondaryMuscles" bigint NOT NULL,
    "StaticImage" text NOT NULL,
    "StrengthMuscles" bigint NOT NULL,
    "StretchMuscles" bigint NOT NULL,
    "Unilateral" boolean NOT NULL,
    "UseCaution" boolean NOT NULL,
    "ExerciseFocus" integer DEFAULT 0 NOT NULL,
    "SportsFocus" integer DEFAULT 0 NOT NULL,
    "PauseReps" boolean DEFAULT false,
    "DefaultInstruction" text
);


--
-- Name: TABLE variation; Type: COMMENT; Schema: public; Owner: -
--

COMMENT ON TABLE public.variation IS 'Variations of exercises';


--
-- Name: variation_Id_seq; Type: SEQUENCE; Schema: public; Owner: -
--

ALTER TABLE public.variation ALTER COLUMN "Id" ADD GENERATED BY DEFAULT AS IDENTITY (
    SEQUENCE NAME public."variation_Id_seq"
    START WITH 1
    INCREMENT BY 1
    NO MINVALUE
    NO MAXVALUE
    CACHE 1
);


--
-- Data for Name: __EFMigrationsHistory; Type: TABLE DATA; Schema: public; Owner: -
--

COPY public."__EFMigrationsHistory" ("MigrationId", "ProductVersion") FROM stdin;
20230826154945_SquashMigrations	7.0.10
\.


--
-- Data for Name: exercise; Type: TABLE DATA; Schema: public; Owner: -
--

COPY public.exercise ("Id", "DisabledReason", "Groups", "Name", "Notes", "Proficiency") FROM stdin;
291	\N	0	Hip Stretches	\N	50
301	\N	0	Bird of Paradise	\N	50
305	\N	0	Firelog Stretch	aka. Double Pigeon.	50
313	Duplciate of Calf Raises	0	Resisted Plantar Flexion (Straight-Leg)	Ankle Plantar Flexion	50
315	\N	0	Heel Walk	Ankle Plantar Flexion. Not a duplicate of Toe Raises b/c we want a seperate progression range for this.	50
314	\N	0	Toe Walk	Ankle Plantar Flexion. Not a duplicate of Calf Raises b/c we want a seperate progression range for this.	50
309	This doesn't stretch any muscles, only strengthens. It won't ever show up as a Cooldown stretch.	0	Mountain Stretch	\N	50
296	This doesn't stretch any muscles, only strengthens. It won't ever show up as a Cooldown stretch.	0	Easy Stretch	\N	50
147	Duplicate of Jump Squats	0	Squat Jumps	\N	50
323	\N	0	Shoulder Rotations	\N	50
292	\N	0	Karaoke	\N	50
302	\N	0	Thread the Needle	\N	50
262	\N	0	Deep Squats	aka. Garland Pose.	50
61	They push your curved spine against the floor and work your hip flexors, the muscles that run from the thighs to the lumbar vertebrae in the lower back. When the hip flexors are too strong or too tight, they tug on the lower spine, which can create lower back discomfort.	0	Ab Raises	\N	50
297	This doesn't stretch any muscles, only strengthens. It won't ever show up as a Cooldown stretch.	0	Tabletop Stretch	\N	50
319	\N	0	Overhead Reaches	\N	50
54	\N	0	Step Ups	\N	50
66	\N	0	Hero Stretch	\N	50
293	\N	0	Hamstring Floss	\N	50
298	\N	0	Dancer Stretch	\N	50
294	Duplicate of Knees to Chest	0	Knee Hugs	\N	50
306	\N	0	Quadruped + Downward Dog	\N	50
311	\N	0	Single Leg Balance	\N	50
316	\N	0	Shavasana	\N	50
110	\N	0	Nordic Curls	\N	50
111	\N	0	Jump Squats	aka. Squat Jumps	50
320	\N	0	Diagonals	\N	50
286	\N	0	Heel Digs	\N	50
263	Duplicate of Shadow Boxing	0	Punches	\N	50
290	\N	0	Calf Smash	\N	50
155	\N	0	Curtsy Lunges (Plyometric)	\N	50
160	\N	0	Lunges (Plyometric)	\N	50
282	\N	0	Shoulder External Rotation	\N	50
283	\N	0	Shoulder Internal Rotation	\N	50
169	\N	0	Reverse Tabletop	\N	50
173	\N	0	Face Pulls	\N	50
58	Hip is under tension when doing the exercise which creates a lot of unwanted pressure on the lumbar spine.	0	Russian Twists	\N	50
257	\N	0	Fast Feet	\N	50
227	\N	0	Skater Squats	\N	50
230	\N	0	Cow Face Stretch	\N	50
237	\N	0	Puppy Dog	\N	50
258	\N	0	Bounds	\N	50
259	\N	0	Hops	\N	50
167	\N	0	World's Greatest Stretch	\N	50
7	When you descend into a triceps dip, using poor form, it also increases the risk of shoulder impingement. Impingement is a condition where the ligaments, tendons, and bursa that run underneath the acromion, the bony prominence on the shoulder blade, become compressed. The end result is inflammation and discomfort, especially when you do dips or when you lift your arms up. That’s why form is so critical when you dip.	0	Dips	\N	50
203	\N	0	Pigeon Stretch	\N	50
175	\N	0	Landmine Rotations	\N	50
209	\N	0	Hamstring Bridges	\N	50
212	\N	0	Pullovers	\N	50
200	\N	0	Zenith Rotations	\N	50
222	\N	0	L Sit	\N	50
226	\N	0	Crossover Step Ups	\N	50
229	\N	0	Savasana	\N	50
233	\N	0	Shoulder Stands	\N	50
96	\N	0	Running	\N	50
94	\N	0	Shadow Boxing	\N	50
24	\N	0	Butt Kicks	\N	50
287	\N	0	Leg Swings	\N	50
289	\N	0	Hamstring Catch	\N	50
284	\N	0	Shoulder Extension	\N	50
179	“Using a leg extension machine isn’t functional – there is no natural movement in life were you sit and straighten your knee with a 100-pound load against it,” says Joe Tatta, DPT. He’s a physical therapist at Premier Physical Therapy & Wellness in New York City.	0	Leg Extension	\N	50
187	\N	0	Support Hold	\N	50
30	\N	0	Downward Dog	\N	50
83	\N	0	Tree Stretch	\N	50
112	\N	0	Jumps	\N	50
97	\N	0	90/90 Hip Stretch	\N	50
141	\N	0	Side Throw	\N	50
100	\N	0	Jogging	\N	50
95	\N	0	Side Leg Lifts	\N	50
22	\N	0	Side Stretch	\N	50
88	\N	0	Warrior I	\N	50
183	Duplicate of Tricep Extensions	0	Tricep Pushdowns	\N	50
254	\N	0	Flutter Kicks	\N	50
185	\N	0	Woodchoppers	\N	50
228	\N	0	Heel Sits	\N	50
231	\N	0	Side Angle Stretch	\N	50
89	\N	0	Warrior II	\N	50
248	\N	0	Hip Airplanes	\N	50
232	\N	0	Eye of the Needle Stretch	\N	50
268	\N	0	Sumo Deadlift	\N	50
264	\N	0	Split Squats (ATG)	\N	50
56	“As exercisers drop in and out of abdominal flexion, losing their muscle tension in the midsection, the low back gets wrenched in and out of extension with little support,” says Alycea Ungaro, PT. She’s the owner of Real Pilates in New York City.	0	Heel Touches	\N	50
270	\N	2	Pike	\N	50
269	\N	0	Commando Pullups	\N	50
4	\N	0	Pullups	\N	50
223	\N	0	Rack Carries	\N	50
236	\N	0	Headstand	\N	50
163	These don't seem too good of a warmup.	8	Beast Pushups	\N	50
189	\N	8	Pushups (Plyometric)	\N	50
91	\N	1	Quadruped Planks	\N	50
137	\N	1	Side Star Plank (Hands)	\N	50
159	\N	1	Leg Lifts from Reverse Planks (Hands)	\N	50
62	\N	0	Reverse Flyes	\N	50
35	\N	0	Burpees	\N	50
13	\N	0	Jumping Jacks	\N	50
116	Moved to combined recovery exercise progressions	0	Sleeper Stretch	\N	50
43	\N	0	Overhead Presses	\N	50
34	\N	0	Jump Rope	\N	50
11	Until the variations are flushed out	0	Elbow Levers	\N	50
104	\N	0	Leg Lifts	\N	50
3	\N	0	Front Squats	\N	50
103	\N	0	Reverse Leg Lifts	\N	50
49	\N	0	Rows	\N	50
114	\N	0	Plant & Cut	\N	50
31	\N	0	Arm Circles	\N	50
6	\N	0	Twists	\N	50
80	\N	0	Pyramid Stretch	\N	50
239	\N	0	Gate Stretch	\N	50
242	\N	0	Locust	Different from Superman in that the arms stay back instead of coming forward.	50
2	\N	0	Leg Raises	\N	50
5	\N	0	Bridges	\N	50
99	\N	0	Walking	\N	50
16	\N	0	Butterfly Stretch	\N	50
29	\N	0	Child's Stretch	\N	50
240	\N	0	Half Moon Stretch	\N	50
67	\N	0	Cobra Stretches	\N	50
243	\N	0	Fish	\N	50
255	\N	0	Toe Taps	\N	50
256	\N	0	Fire Hydrant	\N	50
50	\N	0	Flyes	\N	50
162	\N	0	Glute Bridges	\N	50
206	\N	0	Downward Dog + Upward Dog	\N	50
144	\N	0	Halos	\N	50
208	\N	0	Foot Mash	\N	50
193	\N	0	Curtsy Squats	\N	50
38	\N	0	Wall Sits	\N	50
77	\N	0	Lotus Stretch	\N	50
27	\N	0	Tricep Extensions	\N	50
32	\N	0	Mountain Climbers	\N	50
81	\N	0	Rabbit Stretch	\N	50
253	\N	0	Knee Tucks	\N	50
59	\N	0	Box Jumps	\N	50
79	\N	0	Eagle Stretch	\N	50
45	\N	0	Lateral Step Ups	\N	50
105	\N	0	Lateral Step Downs	\N	50
267	\N	0	Sumo Squats	\N	50
245	\N	0	Wild Thing	\N	50
252	\N	0	Side Splits	\N	50
117	\N	0	Snow Angels	\N	50
41	\N	0	Elevated Split Squats	\N	50
68	\N	0	Bear Crawl	\N	50
109	\N	0	Split Squats	\N	50
69	\N	0	Leg Cycle	\N	50
63	\N	0	Hip Thrusts	\N	50
36	\N	0	Bar Hang	\N	50
40	\N	0	Reverse Lunges	\N	50
46	\N	0	Chest Presses	\N	50
39	\N	0	Lateral Lunges	\N	50
106	\N	0	Lateral Squats	\N	50
78	\N	0	Turkish Get-Ups	\N	50
140	\N	0	Ball Slam	\N	50
139	\N	0	Granny Toss	\N	50
142	\N	0	Chest Throw	\N	50
70	\N	0	Boat Stretch	\N	50
71	\N	0	Bow Stretch	\N	50
72	\N	0	Happy Baby Stretch	\N	50
74	\N	0	Chair Stretch	\N	50
76	\N	0	Lizard Stretch	\N	50
102	\N	0	Thigh Lifts	\N	50
9	Until the variations are flushed out	0	Clutch Flags	\N	50
115	\N	0	Lateral Jumps	\N	50
98	\N	0	Sprinting	\N	50
53	\N	0	Deadlift	\N	50
172	The internal rotation to which you expose your shoulders is one of the most harmful exercises you can do, causing similar damage to triceps dips. As a demonstration, hold your arms straight out to your sides with your palms facing down.\n\nThen, rotate your hands forward as if pouring out, or emptying a glass of water in from each hand. Then, to do the upright row, you’ll lift the barbell with bent elbows causing internal rotation of the shoulders.\n\nInternal rotation itself is not necessarily harmful to your shoulders.\n\nThe problem comes as you raise your arms and add resistance (the weight of the barbell) in that position. Every time you raise your arms bearing the weight, impingement occurs. That involves a small shoulder tendon getting pinched by the bones in your shoulder.	0	Upright Rows	\N	50
26	\N	0	Arm Curls	\N	50
48	Duplicate of Arm Curls	0	Barbell Curls	\N	50
158	\N	0	Depth Drops	\N	50
188	\N	0	Back Extensions	\N	50
174	Duplciate of Shadow Boxing	0	Uppercuts	\N	50
156	\N	0	Dead Bugs	\N	50
191	\N	0	Reverse Mountain Climbers	\N	50
199	\N	0	Frog Stretch (Bhekasana)	\N	50
205	\N	0	Arm Bar	\N	50
211	\N	0	Squat + Upright Rows	\N	50
218	\N	0	Dolphin	\N	50
215	\N	0	Wall Slides	\N	50
221	\N	0	Reverse Warrior	\N	50
64	\N	0	Forward Folds	\N	50
251	\N	0	Front Splits	\N	50
202	Hard to maximize weight because the max depends on standing up straight when the weight is pulling you backwards and you will lose balance.	0	Pull Throughs	\N	50
272	\N	0	Upward Facing Dog	\N	50
55	\N	0	Kettlebell Swings	\N	50
244	These are close enough to the Cobra variations.	0	Sphinx Stretches	\N	50
165	\N	0	Star Jacks	\N	50
168	\N	0	Crab Walks	\N	50
171	\N	0	Lateral Squat Walks	\N	50
210	\N	0	Arm Wall Slides	\N	50
181	\N	0	Shoulder Shrugs	\N	50
241	\N	0	Psoas March	\N	50
265	\N	0	Matrix Squats	\N	50
21	\N	0	Shoulder Controlled Articular Rotations	\N	50
47	\N	0	Lateral Raises	\N	50
15	Duplicate of Side Plank	1	Side Plank with Torso Rotation	\N	50
271	Duplicate of Handstands	2	Pike Walks	\N	50
42	\N	1	Planks (Forearms)	\N	50
196	\N	0	Farmer's Carries	\N	50
101	\N	0	Chinups	\N	50
1	\N	8	Pushups	\N	50
108	\N	8	Pushups + Rows	\N	50
166	\N	10	Pike Pushups	\N	50
107	\N	1	Planks + Rows	\N	50
178	\N	1	Downward Dog + Plank	\N	50
180	\N	12	Handstand Pushups	\N	50
145	\N	0	Hamstring Scoops	\N	50
299	\N	0	Compass Stretch	\N	50
303	\N	0	Crane Hold	\N	50
249	\N	0	Doorway Stretches	\N	50
161	\N	0	Warrior III	aka. Airplane Pose	50
285	\N	0	Rear Raises	Not the same as a Reverse Fly.	50
317	\N	0	Reverse Nordic Curls	\N	50
321	\N	0	Curtsy Lunges	\N	50
195	\N	0	Stiff-Legged Deadlift	\N	50
198	\N	0	Frog Stretch (Mandukasana)	\N	50
28	\N	0	Trunk Rotations	\N	50
201	\N	0	Kneeling Hip Flexor Stretch	\N	50
182	\N	0	Pull Downs	\N	50
261	\N	32	Calf Raises (Bent-Knee)	aka. ankle plantar flexion.	50
204	\N	0	Kettlebell Windmill	\N	50
23	\N	0	High Knees	\N	50
52	\N	0	Romanian Deadlift	\N	50
234	\N	0	Crow Hold	\N	50
148	\N	0	Toy Soldiers	\N	50
90	\N	0	Triangle Stretch	Not a duplicate of Pyramid Stretch--this has thoracic rotation.	50
214	Let's keep this simple. No olympic weightlifting. We are targeting home workouts.	0	Clean and Press	\N	50
25	\N	0	Superman	Different from Locust in that the arms come forward instead of staying back.	50
250	\N	0	Pallof Presses	\N	50
213	Let's keep this simple. No olympic weightlifting. We are targeting home workouts.	0	Power Cleans	\N	50
266	\N	0	Hack Squats	\N	50
246	\N	0	Scapular Retraction	\N	50
14	\N	0	Camel Stretch	\N	50
65	\N	0	Cat Cow Stretch	\N	50
18	\N	0	Triceps Stretch	\N	50
82	\N	0	Knees to Chest Stretch	\N	50
73	\N	0	Wall Angels	\N	50
164	\N	0	Quadruped Leg Lifts	\N	50
184	\N	0	Hamstring Curls	\N	50
225	\N	0	Hula Hoop	\N	50
113	Duplicate of Bounds	0	Bounding	\N	50
247	Should really be done separately so the max weight is used for each movement and so a full range of motion can be done with calf raises (toes elevated).	0	Squats + Calf Raises	\N	50
260	\N	0	Hollow Body Hold	\N	50
186	\N	0	Y Raises	\N	50
146	\N	0	Inch Worms	\N	50
197	\N	0	Squats + Forward Fold	\N	50
19	\N	0	Quad Stretches	\N	50
20	\N	0	Hamstring Stretch	\N	50
300	\N	0	Firefly Hold	\N	50
304	\N	0	Scale Stretch	\N	50
177	\N	0	Toe Raises	Ankle Dorsiflection	50
312	Duplciate of Calf Raises	0	Resisted Plantar Flexion (Bent-Knee)	Ankle Plantar Flexion	50
295	This doesn't stretch any muscles, only strengthens. It won't ever show up as a Cooldown stretch.	0	Staff Stretch	\N	50
318	\N	0	Squat Throws	\N	50
322	\N	0	Shoulder Dislocates	\N	50
325	\N	0	Toe Curls	\N	50
326	\N	0	Kegals	\N	50
329	\N	0	Metatarsal Mobilization	\N	50
330	\N	0	Toe Rocker	\N	50
331	\N	0	Top of Foot Stretch	\N	50
84	Duplicate of Wrist Pronation/Supination	0	Forearm Rotations	aka. Wrist Pronation/Supination	50
334	\N	0	Wrist Mobility	\N	50
328	\N	0	Toe Marble Pick-up	\N	50
344	\N	0	Finger Mobility	\N	50
345	\N	0	Toe Abduction	\N	50
346	\N	0	Foot Doming	\N	50
348	\N	0	Reverse Clamshells	\N	50
333	\N	0	Wrist Rotations	aka. Wrist Pronation/Supination	50
324	\N	0	Toe Mobility	\N	50
86	\N	0	Finger Ball Squeezes	\N	50
87	\N	0	Finger Spread	\N	50
381	\N	0	Lateral Lunge with Overhead Reach	\N	50
332	\N	0	Finger Curls	\N	50
85	\N	0	Wrist Curls	\N	50
382	\N	0	Kneeling Adductor Stretch	\N	50
341	\N	0	Wrist Twists	aka. Wrist Flexion/Extension	50
383	\N	0	Cossack Squats	\N	50
327	\N	0	Finger Tendon Glide	\N	50
342	\N	0	Finger Abduction	\N	50
44	\N	1	Side Plank (Hands)	\N	50
343	\N	0	Finger Adduction	\N	50
347	\N	0	Clamshells	\N	50
57	\N	1	Reverse Planks (Hands)	\N	50
60	\N	0	Front Raises	You use your front shoulders a lot every time you bench or press, so front raises are not as necessary for even development.	50
207	\N	1	Planks (Hands)	\N	50
216	\N	1	Side Plank (Forearms)	\N	50
224	\N	0	Overhead Carries	You have to press the weight up into the carry position.	50
37	\N	4	Handstands	\N	50
194	This isn't as well known as the other Downward Dog flows. Can't find instruction videos or webps. Also hard to do the pushups w/o having to adjust your legs.	8	Downward Dog + Pushup	\N	50
384	\N	0	Heron Stretch	\N	50
217	\N	1	Side Star Plank (Forearms)	\N	50
219	\N	1	Dolphin + Plank	\N	50
235	\N	1	Peacock Plank	\N	50
273	\N	1	Dynamic Planks	\N	50
307	\N	1	Reverse Planks (Forearms)	\N	50
308	\N	1	Leg Lifts from Reverse Planks (Forearms)	\N	50
170	\N	3	Pike + Plank	\N	50
385	\N	0	Eye Blinking	\N	50
386	\N	0	Neck Strength	\N	50
387	\N	0	Neck Stretches	\N	50
388	\N	0	Ankle Stretch	\N	50
389	\N	0	Banana Stretch	\N	50
390	\N	0	Cat Pulling it's Tail Stretch	\N	50
8	\N	0	Lunges	Hard on the knees, keep these as warmup exercises.	50
391	\N	1	Planks (Forearms + Hands)	\N	50
392	\N	0	Hurdler Stretch	\N	50
393	\N	0	Crab Reach	\N	50
394	\N	0	Reverse Lunges + Twist	\N	50
395	\N	0	Reverse Lunges + Knee Drive	\N	50
396	\N	0	Reverse Lunges + Reach	\N	50
397	\N	0	Deep Squats + Rotation	\N	50
398	\N	0	Towel Stretch	\N	50
399	\N	0	Shoulder Pendulum	\N	50
400	\N	0	Cross-Arm Stretch	\N	50
401	\N	0	Straight-Arm Pull Downs	\N	50
402	\N	0	Scapular Pull Downs	\N	50
403	\N	0	Scapular Pullups	\N	50
404	\N	0	Frog Pumps	\N	50
405	\N	0	Glute Bridge March	\N	50
406	\N	0	Glute Bridge + Reach	\N	50
407	\N	0	Romanian Deadlift + Knee Drive	\N	50
408	\N	0	Good Mornings	\N	50
409	\N	0	Ankle Mobilization	\N	50
410	\N	0	Tibial Internal Rotation	\N	50
220	\N	0	Hip Mobilization	\N	50
411	\N	0	Shoulder W's	\N	50
412	\N	8	Pseudo Planche	\N	50
10	\N	32	Calf Raises (Straight-Leg)	aka. ankle plantar flexion.	50
414	\N	0	Suitcase Squats	\N	50
413	\N	0	Overhead Squats	This is primarily mobility training. Not a functional movement.	50
415	\N	0	Lock Clams	\N	50
416	\N	0	Hamstring Walk Outs	\N	50
417	\N	0	Monster Walk	\N	50
418	\N	0	Ostrich Walk	\N	50
419	\N	0	Mixed Grip Pullups	\N	50
420	\N	0	Reverse Monster Walk	\N	50
421	\N	8	Hip External Rotation Pushups	\N	50
422	\N	0	Banded 3-Pt Toe Taps	\N	50
\.


--
-- Data for Name: exercise_prerequisite; Type: TABLE DATA; Schema: public; Owner: -
--

COPY public.exercise_prerequisite ("ExerciseId", "PrerequisiteExerciseId") FROM stdin;
35	13
35	1
55	3
53	3
11	1
58	6
9	44
96	99
98	99
98	96
100	99
96	100
98	100
107	49
108	49
108	1
115	112
137	44
137	95
139	3
142	46
59	112
111	3
159	104
159	57
160	8
146	30
146	1
163	29
163	1
68	91
165	3
165	13
35	165
169	57
166	1
166	30
171	3
180	37
180	1
4	36
101	36
189	1
142	1
39	106
8	109
41	109
191	57
155	193
178	30
194	1
194	30
52	53
195	52
175	6
197	64
197	3
180	166
78	205
204	205
206	67
206	30
178	207
71	199
211	3
211	172
213	3
214	3
214	43
214	213
168	169
38	215
217	216
217	95
44	216
219	42
219	218
107	207
77	16
222	64
222	187
224	223
223	196
37	207
226	45
227	40
4	49
101	49
233	2
235	234
234	207
236	42
235	207
106	3
109	3
160	40
231	89
80	90
240	161
67	244
62	246
247	10
247	3
248	161
252	198
251	20
251	76
251	203
252	39
252	106
5	162
32	207
23	100
23	99
24	100
24	99
258	112
258	259
259	112
260	70
262	3
167	76
263	94
264	109
265	3
266	3
267	3
268	267
269	101
269	4
37	270
170	270
170	207
180	270
180	207
63	162
32	273
273	207
245	5
224	43
204	90
111	158
155	158
160	158
258	158
259	158
112	158
236	233
292	99
292	100
64	295
16	296
299	64
303	234
304	77
304	300
77	203
305	203
77	305
300	234
300	262
65	297
76	16
254	156
299	16
306	30
306	91
298	161
298	71
245	44
245	14
245	57
308	104
308	307
83	309
269	49
269	36
261	312
247	312
10	313
236	218
285	246
318	3
321	193
155	321
321	40
321	109
193	109
381	39
381	106
382	39
382	106
383	39
383	106
384	64
8	40
391	42
391	207
251	392
392	64
393	169
393	57
168	57
396	40
395	40
394	40
397	262
397	3
283	399
282	399
4	403
403	36
405	162
406	162
245	406
245	162
209	286
407	52
408	53
3	409
262	409
262	410
3	410
73	411
412	1
412	235
413	3
414	3
419	101
419	4
401	284
421	1
\.


--
-- Data for Name: exercise_variation; Type: TABLE DATA; Schema: public; Owner: -
--

COPY public.exercise_variation ("Id", "ExerciseId", "VariationId", "DisabledReason", "ExerciseType", "Notes", "Progression_Max", "Progression_Min") FROM stdin;
1435	413	987	\N	8	\N	\N	50
1428	72	983	\N	2	\N	50	\N
1	100	430	\N	1	\N	\N	50
686	208	701	\N	256	\N	\N	\N
849	250	836	\N	256	\N	50	\N
376	246	490	\N	2	\N	50	\N
791	245	784	\N	2	\N	\N	\N
800	253	788	\N	2	\N	\N	\N
855	189	842	\N	8	\N	25	\N
797	64	790	\N	2	\N	\N	25
852	250	837	\N	256	\N	\N	75
94	29	85	\N	2	\N	\N	\N
180	14	72	\N	2	\N	\N	50
640	198	656	\N	2	\N	\N	\N
179	14	146	\N	2	\N	50	25
178	14	144	\N	2	\N	\N	75
626	30	637	\N	2	\N	\N	75
619	194	639	\N	2	\N	\N	50
717	167	730	\N	2	\N	\N	\N
48	82	380	\N	256	\N	\N	\N
707	197	721	\N	2	\N	\N	\N
675	206	691	\N	2	\N	\N	\N
718	36	731	\N	256	\N	\N	\N
383	158	497	\N	8	\N	\N	50
254	115	449	\N	8	\N	\N	\N
502	112	533	\N	1	\N	\N	50
498	112	529	\N	1	\N	\N	75
821	100	808	\N	1	\N	50	\N
252	98	425	\N	1	\N	\N	\N
18	54	133	\N	128	\N	\N	\N
104	45	245	\N	128	\N	\N	\N
816	164	803	\N	8	\N	\N	\N
154	113	447	\N	1	\N	\N	\N
777	64	772	\N	2	\N	\N	75
1275	290	885	\N	128	\N	\N	\N
601	201	633	\N	2	\N	\N	50
226	96	426	\N	1	\N	\N	\N
820	99	807	\N	1	\N	50	\N
155	99	424	\N	1	\N	\N	50
19	66	319	\N	2	\N	50	25
1276	398	975	\N	128	\N	\N	\N
762	229	758	\N	2	\N	\N	\N
206	56	142	\N	2	\N	\N	\N
530	268	615	\N	4	\N	\N	\N
349	66	289	\N	2	\N	\N	50
644	97	659	\N	2	\N	\N	\N
350	244	291	\N	2	\N	\N	\N
353	244	297	\N	2	\N	\N	\N
351	67	292	\N	2	\N	\N	\N
134	49	166	\N	4	\N	\N	50
1035	49	960	\N	4	\N	\N	\N
1277	400	977	\N	128	\N	\N	\N
633	40	249	\N	4	\N	\N	50
239	162	129	\N	8	\N	\N	50
625	178	641	\N	2	\N	\N	75
624	178	642	\N	2	\N	\N	75
1278	399	976	\N	128	\N	\N	\N
1279	220	982	\N	128	\N	\N	\N
1296	82	380	\N	128	\N	\N	\N
392	146	501	\N	2	\N	\N	\N
332	83	385	\N	2	\N	\N	\N
432	16	512	\N	2	\N	\N	50
763	230	759	\N	2	\N	\N	50
754	396	750	\N	2	\N	\N	\N
708	395	722	\N	2	\N	\N	\N
152	408	484	\N	2	\N	\N	\N
1297	36	731	\N	128	\N	\N	\N
1301	200	661	\N	128	\N	\N	\N
1306	184	581	\N	128	\N	\N	\N
1346	319	664	\N	128	\N	\N	\N
321	63	339	\N	32	\N	\N	\N
529	156	577	\N	16	\N	\N	25
666	156	682	\N	16	\N	\N	50
809	256	799	\N	2	\N	\N	\N
830	262	817	\N	2	\N	50	\N
534	262	612	\N	2	\N	\N	50
814	270	801	\N	2	\N	\N	75
836	405	823	\N	2	\N	\N	\N
393	148	504	\N	2	\N	\N	\N
499	13	530	\N	1	\N	50	25
75	69	207	\N	1	\N	\N	50
6	32	453	\N	1	\N	\N	50
318	1	125	\N	4	\N	75	60
146	4	42	\N	4	\N	\N	90
1215	250	836	\N	4	\N	50	\N
1217	250	606	\N	4	\N	\N	50
1216	250	837	\N	4	\N	\N	75
577	182	558	\N	4	\N	\N	\N
505	76	536	\N	2	\N	\N	\N
627	218	646	\N	2	\N	\N	50
129	37	97	\N	8	\N	\N	50
887	285	472	\N	8	\N	\N	\N
354	65	283	\N	2	\N	\N	50
661	203	677	\N	2	\N	\N	75
93	6	55	\N	2	\N	\N	75
352	272	833	\N	2	\N	\N	\N
481	31	505	\N	2	\N	\N	\N
650	21	667	\N	2	\N	\N	\N
642	199	657	\N	2	\N	\N	50
641	199	658	\N	2	\N	50	\N
772	233	769	\N	2	\N	\N	\N
757	90	753	\N	2	\N	\N	50
784	240	779	\N	2	\N	\N	\N
236	90	406	\N	2	\N	\N	\N
240	77	370	\N	2	\N	\N	50
766	64	762	\N	2	\N	\N	90
647	201	663	\N	2	\N	50	\N
95	30	86	\N	2	\N	\N	50
770	64	766	\N	2	\N	\N	50
769	64	767	\N	2	\N	\N	60
275	80	376	\N	2	\N	\N	\N
674	237	690	\N	2	\N	\N	\N
346	65	284	\N	2	\N	\N	\N
347	65	285	\N	2	\N	\N	\N
847	67	293	\N	2	\N	\N	\N
336	66	361	\N	2	\N	25	\N
751	221	747	\N	2	\N	\N	\N
723	77	736	\N	2	\N	50	\N
348	6	286	\N	2	\N	\N	\N
1430	169	984	\N	2	\N	\N	50
58	86	399	\N	256	\N	\N	\N
542	177	620	\N	256	\N	\N	\N
363	8	247	\N	2	\N	\N	\N
646	397	662	\N	2	\N	\N	\N
799	252	791	\N	2	\N	\N	50
760	228	756	\N	128	\N	\N	\N
798	251	792	\N	2	\N	\N	50
692	210	706	\N	256	\N	\N	\N
648	319	664	\N	256	\N	\N	\N
494	161	525	\N	64	\N	\N	50
602	94	635	\N	32	\N	\N	\N
914	19	503	\N	128	\N	\N	\N
1429	169	984	\N	16	\N	\N	50
1347	82	382	\N	128	\N	\N	\N
1348	209	476	\N	128	\N	\N	50
55	82	382	\N	256	\N	\N	\N
1349	333	392	\N	128	\N	\N	\N
1350	85	600	\N	128	\N	\N	\N
1351	209	328	\N	128	\N	\N	\N
1353	62	522	\N	128	\N	\N	\N
269	94	422	\N	32	\N	\N	50
483	159	517	\N	16	\N	\N	\N
482	144	498	\N	2	\N	\N	\N
2	108	442	\N	2	\N	\N	\N
173	207	127	\N	16	\N	70	55
761	382	757	\N	2	\N	\N	\N
587	47	559	\N	8	\N	\N	50
588	186	589	\N	8	\N	\N	\N
764	231	761	\N	2	\N	\N	50
323	81	379	\N	2	\N	\N	\N
660	14	676	\N	2	\N	\N	50
308	66	355	\N	2	\N	50	25
42	218	357	\N	2	\N	\N	\N
281	73	353	\N	2	\N	\N	50
331	71	359	\N	2	\N	50	\N
719	30	732	\N	2	\N	50	\N
813	257	800	\N	1	\N	50	\N
756	225	752	\N	1	\N	\N	\N
126	34	91	\N	1	\N	\N	\N
147	112	446	\N	1	\N	\N	\N
268	24	76	\N	1	\N	\N	\N
198	114	448	\N	1	\N	\N	\N
521	101	552	\N	4	\N	90	80
512	171	543	\N	8	\N	\N	\N
578	212	597	\N	8	\N	\N	\N
705	213	718	\N	8	\N	\N	50
706	213	719	\N	8	\N	\N	\N
1437	415	989	\N	2	\N	\N	\N
902	286	465	\N	2	\N	\N	\N
111	88	401	\N	2	\N	\N	\N
783	239	778	\N	2	\N	\N	\N
788	243	782	\N	2	\N	\N	\N
789	14	783	\N	2	\N	25	\N
148	163	457	\N	2	\N	\N	\N
153	89	404	\N	2	\N	\N	\N
158	117	458	\N	2	\N	\N	\N
209	25	169	\N	2	\N	50	\N
271	25	75	\N	2	\N	\N	50
750	64	746	\N	2	\N	\N	75
599	64	632	\N	2	\N	50	25
659	97	675	\N	2	\N	\N	50
16	64	365	\N	2	\N	\N	25
1432	334	985	\N	128	\N	\N	\N
638	197	654	\N	2	\N	\N	\N
184	76	367	\N	2	\N	\N	\N
749	220	745	\N	2	\N	\N	\N
261	71	349	\N	2	\N	\N	50
1431	334	985	\N	256	\N	\N	\N
787	242	781	\N	2	\N	\N	\N
916	421	739	\N	256	\N	\N	\N
919	290	847	\N	256	\N	\N	\N
713	334	489	\N	256	\N	\N	\N
548	219	582	\N	2	\N	\N	\N
796	249	789	\N	256	\N	\N	\N
228	411	390	\N	2	\N	\N	\N
645	200	661	\N	256	\N	\N	\N
488	62	522	\N	256	\N	\N	\N
691	320	705	\N	256	\N	\N	\N
258	383	337	\N	128	\N	\N	50
580	173	622	\N	128	\N	\N	\N
801	254	793	\N	16	\N	\N	\N
262	79	375	\N	64	\N	\N	50
812	257	797	\N	32	\N	\N	50
140	207	158	\N	16	\N	75	50
837	264	824	\N	128	\N	\N	50
1354	320	705	\N	128	\N	\N	\N
1355	105	431	\N	128	\N	\N	\N
1356	287	737	\N	128	\N	\N	\N
1357	82	850	\N	128	\N	\N	\N
1358	287	738	\N	128	\N	\N	\N
503	258	534	\N	32	\N	\N	\N
395	259	508	\N	32	\N	\N	50
381	142	495	\N	32	\N	\N	\N
853	273	840	\N	16	\N	\N	25
46	68	330	\N	16	\N	\N	\N
608	193	636	\N	2	\N	\N	\N
60	68	443	\N	16	\N	90	75
128	13	63	\N	1	\N	\N	50
300	32	451	\N	1	\N	\N	75
82	32	455	\N	1	\N	\N	50
328	32	452	\N	1	\N	\N	50
61	32	454	\N	1	\N	\N	75
555	1	579	\N	4	\N	\N	50
272	72	350	\N	2	\N	\N	50
720	215	734	\N	8	\N	\N	50
693	104	708	\N	8	\N	\N	\N
827	4	814	\N	4	\N	50	25
583	172	560	\N	8	\N	\N	\N
699	20	712	\N	2	\N	\N	\N
694	95	709	\N	8	\N	\N	\N
15	74	363	\N	2	\N	\N	\N
598	64	631	\N	2	\N	\N	50
698	20	713	\N	2	\N	\N	\N
765	231	760	\N	2	\N	\N	\N
767	232	763	\N	2	\N	\N	\N
651	21	666	\N	2	\N	\N	\N
618	194	638	\N	2	\N	\N	\N
1439	416	990	\N	2	\N	\N	\N
1433	334	986	\N	256	\N	\N	\N
391	145	500	\N	2	\N	\N	\N
945	249	873	\N	256	\N	\N	\N
700	293	711	\N	2	\N	\N	\N
697	293	714	\N	2	\N	\N	\N
643	97	660	\N	2	\N	\N	50
888	284	471	\N	256	\N	\N	\N
390	381	499	\N	2	\N	\N	\N
885	282	470	\N	256	\N	\N	\N
924	295	852	\N	2	\N	\N	\N
925	296	853	\N	2	\N	\N	\N
928	64	856	\N	2	\N	\N	60
930	298	858	\N	2	\N	\N	\N
933	299	861	\N	2	\N	\N	\N
936	301	864	\N	2	\N	\N	\N
935	300	863	\N	2	\N	\N	50
937	300	865	\N	2	\N	50	\N
942	252	870	\N	2	\N	50	\N
943	251	871	\N	2	\N	50	\N
944	302	872	\N	2	\N	\N	\N
662	203	678	\N	2	\N	75	50
932	304	860	\N	2	\N	\N	\N
940	305	868	\N	2	\N	\N	\N
528	250	606	\N	256	\N	\N	50
948	306	877	\N	2	\N	\N	\N
755	396	749	\N	2	\N	\N	\N
753	394	751	\N	2	\N	\N	\N
946	249	874	\N	256	\N	\N	\N
934	251	862	\N	2	\N	\N	75
200	404	459	\N	2	\N	\N	\N
1434	334	986	\N	128	\N	\N	\N
758	226	754	\N	128	\N	\N	\N
589	315	619	\N	128	\N	\N	\N
838	264	825	\N	128	\N	50	\N
282	169	395	\N	16	\N	50	\N
950	161	878	\N	64	\N	50	\N
76	169	440	\N	16	\N	\N	50
920	291	848	\N	128	\N	\N	\N
923	20	851	\N	128	\N	\N	\N
1359	184	473	\N	128	\N	\N	\N
1361	322	899	\N	128	\N	\N	\N
472	111	502	\N	32	\N	\N	\N
628	1	647	\N	32	\N	\N	55
379	141	493	\N	32	\N	\N	\N
826	39	813	\N	32	\N	50	\N
507	254	538	\N	16	\N	\N	\N
834	254	821	\N	16	\N	\N	\N
786	241	742	\N	2	\N	\N	\N
527	164	575	\N	2	\N	\N	\N
817	347	804	\N	2	\N	\N	\N
952	65	879	\N	2	\N	50	\N
956	64	883	\N	2	\N	25	\N
957	309	884	\N	2	\N	\N	\N
955	203	882	\N	2	\N	50	\N
186	267	321	\N	8	\N	\N	50
843	270	829	\N	8	\N	50	\N
40	3	31	\N	4	\N	\N	95
1440	417	992	\N	2	\N	\N	\N
842	270	830	\N	8	\N	\N	50
120	3	26	\N	4	\N	70	60
124	52	130	\N	4	\N	\N	\N
1441	418	991	\N	2	\N	\N	\N
663	52	679	\N	4	\N	\N	25
967	316	892	\N	512	\N	\N	\N
963	312	889	\N	256	\N	\N	\N
311	46	229	\N	4	\N	\N	25
949	306	876	\N	2	\N	\N	50
9	191	119	\N	8	\N	\N	\N
752	222	748	\N	8	\N	\N	\N
931	74	859	\N	2	\N	\N	50
563	64	574	\N	8	\N	50	\N
962	313	888	\N	256	\N	\N	\N
965	10	888	\N	256	\N	50	\N
780	189	775	\N	8	\N	50	25
966	261	889	\N	256	\N	50	\N
825	106	812	\N	8	\N	50	\N
954	79	881	\N	2	\N	50	\N
886	283	467	\N	256	\N	\N	\N
978	324	903	\N	256	\N	\N	\N
315	49	35	\N	4	\N	\N	50
840	267	827	\N	8	\N	50	\N
712	50	725	\N	8	\N	\N	\N
39	2	17	\N	8	\N	80	70
66	103	435	\N	8	\N	\N	\N
597	401	630	\N	8	\N	\N	\N
979	325	904	\N	256	\N	\N	\N
980	326	906	\N	256	\N	\N	\N
981	326	905	\N	256	\N	\N	\N
982	328	907	\N	256	\N	\N	\N
983	329	908	\N	256	\N	\N	\N
92	6	54	\N	2	\N	75	50
255	6	460	\N	2	\N	\N	\N
953	6	880	\N	2	\N	25	\N
172	6	53	\N	2	\N	50	25
122	27	82	\N	8	\N	\N	\N
127	11	61	\N	8	\N	\N	\N
714	175	727	\N	8	\N	\N	50
984	330	909	\N	256	\N	\N	\N
985	331	910	\N	256	\N	\N	\N
996	10	921	\N	256	\N	\N	50
818	164	805	\N	8	\N	\N	\N
338	87	400	\N	256	\N	\N	\N
986	341	911	\N	256	\N	\N	\N
989	342	913	\N	256	\N	\N	\N
988	343	914	\N	256	\N	\N	\N
987	344	912	\N	256	\N	\N	\N
991	344	916	\N	256	\N	\N	\N
972	248	897	\N	128	\N	\N	50
748	248	744	\N	128	\N	50	\N
964	314	891	\N	128	\N	\N	\N
532	215	584	\N	8	\N	\N	\N
1030	383	955	\N	128	\N	50	\N
141	57	44	\N	128	\N	\N	50
1362	311	886	\N	128	\N	\N	50
1363	311	887	\N	128	\N	50	\N
1364	246	785	\N	128	\N	\N	50
1365	409	973	\N	128	\N	\N	\N
795	59	786	\N	8	\N	75	50
590	270	626	\N	8	\N	\N	90
1366	410	981	\N	128	\N	\N	\N
1239	421	739	\N	128	\N	\N	\N
921	292	849	\N	32	\N	\N	\N
863	258	845	\N	32	\N	\N	\N
553	179	624	\N	8	\N	\N	\N
183	26	209	\N	32	\N	\N	\N
14	63	343	\N	32	\N	\N	50
106	102	441	\N	8	\N	\N	\N
649	207	665	\N	16	\N	\N	30
688	207	704	\N	16	\N	65	40
779	207	774	\N	16	\N	\N	55
23	42	150	\N	16	\N	\N	65
26	38	98	\N	8	\N	\N	\N
305	27	219	\N	8	\N	\N	\N
655	59	670	\N	8	\N	\N	25
545	26	591	\N	8	\N	\N	50
685	42	700	\N	16	\N	\N	75
142	10	311	\N	8	\N	\N	75
558	261	571	\N	8	\N	75	50
218	207	155	\N	16	\N	80	60
927	297	854	\N	16	\N	\N	\N
204	9	59	\N	8	\N	\N	\N
207	273	265	\N	16	\N	\N	\N
47	68	329	\N	16	\N	\N	\N
841	235	828	\N	16	\N	50	\N
776	235	771	\N	16	\N	\N	50
484	308	516	\N	16	\N	\N	\N
170	217	262	\N	16	\N	\N	\N
345	217	266	\N	16	\N	\N	75
220	137	273	\N	16	\N	25	\N
3	107	183	\N	16	\N	\N	\N
168	137	267	\N	16	\N	\N	75
846	219	834	\N	2	\N	\N	50
509	170	540	\N	2	\N	\N	\N
831	41	818	\N	8	\N	50	\N
568	164	572	\N	8	\N	\N	\N
747	49	743	\N	4	\N	\N	\N
977	73	902	\N	2	\N	50	\N
635	195	651	\N	8	\N	\N	\N
238	47	222	\N	8	\N	\N	\N
216	28	308	\N	8	\N	\N	\N
781	49	776	\N	4	\N	\N	\N
217	1	1	\N	4	\N	15	\N
295	1	2	\N	4	\N	35	15
20	4	306	\N	4	\N	\N	50
41	4	41	\N	4	\N	90	80
709	4	723	\N	4	\N	50	25
710	101	724	\N	4	\N	50	25
828	101	815	\N	4	\N	50	25
680	196	694	\N	4	\N	\N	50
678	223	696	\N	4	\N	\N	50
679	224	695	\N	4	\N	\N	50
832	40	819	\N	4	\N	50	\N
91	5	49	\N	4	\N	\N	75
202	5	45	\N	4	\N	10	\N
210	162	323	\N	8	\N	\N	\N
241	162	324	\N	8	\N	\N	50
567	269	578	\N	4	\N	\N	50
854	269	841	\N	4	\N	50	\N
973	321	898	\N	2	\N	\N	\N
976	323	901	\N	2	\N	\N	\N
997	348	922	\N	2	\N	\N	\N
291	2	21	\N	8	\N	\N	95
620	178	640	\N	2	\N	\N	50
547	178	583	\N	2	\N	\N	\N
245	7	56	\N	8	\N	\N	50
929	384	857	\N	2	\N	\N	\N
695	94	710	\N	32	\N	\N	\N
247	41	116	\N	8	\N	\N	50
298	2	15	\N	8	\N	60	50
279	3	28	\N	4	\N	80	70
491	52	513	\N	4	\N	\N	50
260	39	113	\N	32	\N	\N	50
190	55	138	\N	32	\N	\N	\N
654	332	669	\N	256	\N	\N	\N
525	94	601	\N	32	\N	\N	\N
214	53	131	\N	4	\N	\N	\N
549	53	610	\N	4	\N	\N	50
1036	29	961	\N	2	\N	\N	50
1037	97	962	\N	2	\N	\N	\N
1038	64	963	\N	2	\N	50	\N
1039	16	964	\N	2	\N	50	\N
1040	230	965	\N	2	\N	50	\N
1041	230	966	\N	2	\N	50	\N
1042	79	967	\N	2	\N	25	\N
1043	388	968	\N	2	\N	\N	\N
1044	389	969	\N	2	\N	\N	\N
1045	390	970	\N	2	\N	\N	\N
396	259	507	\N	32	\N	\N	\N
471	318	515	\N	32	\N	\N	\N
1034	386	959	\N	256	\N	\N	\N
1033	387	958	\N	256	\N	\N	\N
1032	385	957	\N	256	\N	\N	\N
1050	290	885	\N	256	\N	\N	\N
1051	398	975	\N	256	\N	\N	\N
1053	400	977	\N	256	\N	\N	\N
1049	392	974	\N	2	\N	\N	\N
595	412	566	\N	8	\N	\N	\N
926	297	855	\N	16	\N	\N	50
634	396	649	\N	2	\N	\N	50
656	59	671	\N	8	\N	\N	75
299	2	16	\N	8	\N	70	60
584	47	609	\N	8	\N	\N	50
1031	216	956	\N	16	\N	\N	70
230	70	346	\N	16	\N	\N	50
320	49	34	\N	4	\N	50	\N
1052	399	976	\N	256	\N	\N	\N
68	1	4	\N	4	\N	50	35
1058	220	982	\N	256	\N	\N	\N
793	246	785	\N	256	\N	\N	50
1048	409	973	\N	256	\N	\N	\N
1056	406	980	\N	2	\N	\N	\N
658	407	674	\N	2	\N	\N	\N
310	70	428	\N	16	\N	50	\N
297	1	6	\N	4	\N	75	65
637	28	653	\N	8	\N	\N	\N
861	101	843	\N	4	\N	\N	60
711	166	668	\N	4	\N	\N	50
844	271	831	\N	8	\N	50	\N
845	37	832	\N	8	\N	25	\N
564	64	573	\N	8	\N	\N	50
495	164	526	\N	8	\N	\N	75
1070	156	577	\N	2	\N	\N	25
1071	156	682	\N	2	\N	\N	50
1072	207	665	\N	2	\N	\N	30
1073	207	704	\N	2	\N	65	40
1074	207	774	\N	2	\N	\N	55
1075	156	685	\N	2	\N	\N	50
1076	156	686	\N	2	\N	\N	35
1077	156	687	\N	2	\N	\N	35
1078	156	689	\N	2	\N	50	\N
1079	42	703	\N	2	\N	\N	60
1057	410	981	\N	256	\N	\N	\N
1060	404	459	\N	128	\N	\N	\N
1080	156	577	\N	128	\N	\N	25
1081	156	682	\N	128	\N	\N	50
835	254	822	\N	16	\N	\N	\N
550	102	614	\N	8	\N	\N	\N
265	78	373	\N	8	\N	\N	75
701	211	715	\N	8	\N	\N	\N
839	265	826	\N	8	\N	50	\N
1082	207	665	\N	128	\N	\N	30
1083	207	704	\N	128	\N	65	40
1084	207	774	\N	128	\N	\N	55
1085	156	685	\N	128	\N	\N	50
1086	156	686	\N	128	\N	\N	35
506	168	537	\N	16	\N	\N	\N
1087	156	687	\N	128	\N	\N	35
1088	156	689	\N	128	\N	50	\N
1089	42	703	\N	128	\N	\N	60
815	262	802	\N	2	\N	\N	50
833	262	820	\N	2	\N	50	\N
941	397	869	\N	2	\N	\N	\N
221	44	159	\N	16	\N	\N	70
1047	391	972	\N	16	\N	\N	\N
1046	393	971	\N	16	\N	\N	\N
669	156	685	\N	16	\N	\N	50
670	156	686	\N	16	\N	\N	35
671	156	687	\N	16	\N	\N	35
673	156	689	\N	16	\N	50	\N
689	42	703	\N	16	\N	\N	60
33	3	317	\N	4	\N	\N	50
44	3	24	\N	4	\N	50	25
45	3	23	\N	4	\N	50	\N
277	3	30	\N	4	\N	90	80
785	3	780	\N	4	\N	50	25
316	49	33	\N	4	\N	25	\N
289	1	7	\N	4	\N	80	75
314	4	36	\N	4	\N	25	\N
676	223	693	\N	4	\N	\N	\N
677	224	692	\N	4	\N	\N	\N
103	43	240	\N	4	\N	\N	\N
162	5	52	\N	4	\N	\N	95
163	5	51	\N	4	\N	95	85
171	5	48	\N	4	\N	75	50
213	5	46	\N	4	\N	25	10
215	5	47	\N	4	\N	50	25
561	26	593	\N	8	\N	\N	50
1436	414	988	\N	8	\N	\N	50
702	160	716	\N	8	\N	50	\N
193	36	95	\N	8	\N	\N	50
4	109	250	\N	8	\N	\N	50
71	2	14	\N	8	\N	50	30
136	60	220	\N	8	\N	\N	50
401	155	509	\N	8	\N	\N	\N
716	61	729	\N	8	\N	\N	75
276	266	259	\N	8	\N	\N	\N
378	139	491	\N	8	\N	\N	\N
365	8	307	\N	8	\N	\N	\N
829	109	816	\N	8	\N	50	\N
370	95	486	\N	8	\N	\N	50
394	158	506	\N	8	\N	50	\N
639	205	655	\N	8	\N	\N	\N
623	78	643	\N	8	\N	25	\N
1442	420	994	\N	2	\N	\N	\N
1137	216	956	\N	128	\N	\N	70
622	78	644	\N	8	\N	50	25
1138	207	127	\N	128	\N	70	55
1139	207	158	\N	128	\N	75	50
1140	42	150	\N	128	\N	\N	65
1141	42	700	\N	128	\N	\N	75
1142	207	155	\N	128	\N	80	60
1143	44	159	\N	128	\N	\N	70
1144	207	539	\N	128	\N	\N	75
1145	207	697	\N	128	\N	\N	80
1146	207	586	\N	128	\N	\N	90
1147	42	126	\N	128	\N	\N	75
1148	42	191	\N	128	\N	\N	85
1149	42	149	\N	128	\N	50	\N
621	78	645	\N	8	\N	75	50
466	189	514	\N	8	\N	\N	50
759	227	755	\N	8	\N	\N	50
1438	415	989	\N	8	\N	\N	\N
823	106	810	\N	8	\N	\N	75
562	2	607	\N	8	\N	\N	85
497	37	528	\N	8	\N	50	25
513	95	544	\N	8	\N	\N	\N
560	180	567	\N	8	\N	\N	\N
100	61	205	\N	8	\N	\N	50
489	50	521	\N	8	\N	\N	\N
657	202	672	\N	8	\N	\N	\N
664	204	681	\N	8	\N	\N	\N
665	204	680	\N	8	\N	\N	50
569	260	576	\N	8	\N	\N	\N
1123	44	110	\N	8	\N	\N	\N
1150	57	161	\N	128	\N	\N	50
1151	57	438	\N	128	\N	\N	75
1152	44	795	\N	128	\N	\N	70
1153	216	148	\N	128	\N	50	\N
1154	42	157	\N	128	\N	\N	75
1155	42	154	\N	128	\N	\N	80
1156	307	160	\N	128	\N	\N	50
1157	307	437	\N	128	\N	\N	75
1158	307	396	\N	128	\N	50	\N
1159	57	396	\N	128	\N	50	\N
1160	216	152	\N	128	\N	\N	75
1161	216	151	\N	128	\N	\N	75
1162	216	580	\N	128	\N	\N	50
1163	216	616	\N	128	\N	\N	90
1164	207	106	\N	128	\N	50	20
1165	207	147	\N	128	\N	20	\N
1166	42	107	\N	128	\N	\N	50
1167	42	487	\N	128	\N	\N	75
1168	42	184	\N	128	\N	\N	85
1169	42	699	\N	128	\N	\N	90
1170	42	461	\N	128	\N	\N	90
1171	44	110	\N	128	\N	\N	\N
1172	42	156	\N	128	\N	\N	80
1173	42	698	\N	128	\N	\N	95
508	207	539	\N	16	\N	\N	75
682	207	697	\N	16	\N	\N	80
582	207	586	\N	16	\N	\N	90
161	42	126	\N	16	\N	\N	75
208	42	191	\N	16	\N	\N	85
251	42	149	\N	16	\N	50	\N
176	57	161	\N	16	\N	\N	50
86	57	438	\N	16	\N	\N	75
808	44	795	\N	16	\N	\N	70
286	216	148	\N	16	\N	50	\N
27	42	157	\N	16	\N	\N	75
138	42	154	\N	16	\N	\N	80
174	307	160	\N	16	\N	\N	50
85	307	437	\N	16	\N	\N	75
951	307	396	\N	16	\N	50	\N
307	57	396	\N	16	\N	50	\N
5	216	152	\N	16	\N	\N	75
287	216	151	\N	16	\N	\N	75
572	216	580	\N	16	\N	\N	50
535	216	616	\N	16	\N	\N	90
79	207	106	\N	16	\N	50	20
28	207	147	\N	16	\N	20	\N
80	42	107	\N	16	\N	\N	50
374	42	487	\N	16	\N	\N	75
185	42	184	\N	16	\N	\N	85
57	44	110	\N	16	\N	\N	\N
570	2	565	\N	8	\N	95	90
824	227	811	\N	8	\N	50	\N
165	106	253	\N	8	\N	\N	50
574	179	623	\N	8	\N	\N	\N
596	188	625	\N	8	\N	\N	\N
78	110	444	\N	8	\N	\N	50
715	175	728	\N	8	\N	50	\N
531	175	608	\N	8	\N	50	\N
556	261	570	\N	8	\N	\N	75
566	317	562	\N	8	\N	\N	50
591	36	627	\N	8	\N	\N	75
119	3	27	\N	4	\N	80	70
188	3	182	\N	4	\N	\N	55
1186	297	855	\N	2	\N	\N	50
1187	273	840	\N	2	\N	\N	25
1188	169	395	\N	2	\N	50	\N
1189	169	440	\N	2	\N	\N	50
1190	297	854	\N	2	\N	\N	\N
1191	273	265	\N	2	\N	\N	\N
1192	391	972	\N	2	\N	\N	\N
1193	393	971	\N	2	\N	\N	\N
278	3	29	\N	4	\N	95	90
145	46	195	\N	4	\N	\N	\N
782	49	777	\N	4	\N	\N	\N
248	1	9	\N	4	\N	90	85
288	1	8	\N	4	\N	85	80
304	1	10	\N	4	\N	\N	90
319	1	233	\N	4	\N	\N	50
52	4	38	\N	4	\N	\N	60
53	4	39	\N	4	\N	80	70
862	4	844	\N	4	\N	\N	60
516	101	547	\N	4	\N	80	70
517	101	548	\N	4	\N	\N	90
518	101	549	\N	4	\N	\N	60
501	166	532	\N	4	\N	50	\N
636	196	652	\N	4	\N	\N	\N
164	5	50	\N	4	\N	\N	90
771	5	768	\N	4	\N	50	\N
327	162	301	\N	8	\N	75	25
485	104	518	\N	8	\N	\N	\N
690	403	707	\N	8	\N	\N	40
912	289	478	\N	256	\N	\N	\N
909	52	480	\N	256	\N	\N	\N
910	52	464	\N	256	\N	\N	\N
1230	208	701	\N	128	\N	\N	\N
235	61	277	\N	8	\N	\N	25
257	27	226	\N	8	\N	\N	\N
382	59	496	\N	8	\N	75	50
67	103	436	\N	8	\N	\N	\N
284	60	221	You use your front shoulders a lot every time you bench or press, so front raises are not as necessary for even development.	8	\N	\N	\N
721	38	733	\N	8	\N	\N	50
244	2	12	\N	8	\N	50	\N
1231	250	836	\N	128	\N	50	\N
1232	250	837	\N	128	\N	\N	75
1233	86	399	\N	128	\N	\N	\N
1234	177	620	\N	128	\N	\N	\N
1235	289	478	\N	128	\N	\N	\N
1225	250	836	\N	32	\N	50	\N
1226	250	837	\N	32	\N	\N	75
1227	250	606	\N	32	\N	\N	50
1228	250	838	\N	32	\N	\N	90
1229	250	839	\N	32	\N	\N	90
683	42	699	\N	16	\N	\N	90
263	42	461	\N	16	\N	\N	90
195	42	156	\N	16	\N	\N	80
681	42	698	\N	16	\N	\N	95
373	207	488	\N	16	\N	\N	50
219	207	190	\N	16	\N	75	50
684	207	154	\N	16	\N	80	60
231	207	193	\N	16	\N	\N	65
232	207	192	\N	16	\N	\N	65
306	207	194	\N	16	\N	\N	80
250	91	408	\N	16	\N	\N	\N
234	42	272	\N	16	\N	\N	90
177	216	65	\N	16	\N	\N	75
8	91	407	\N	16	\N	\N	50
510	168	541	\N	16	\N	\N	\N
169	137	261	\N	16	\N	\N	\N
112	247	445	\N	8	\N	\N	\N
586	185	605	\N	8	\N	\N	\N
233	61	276	\N	8	\N	50	\N
212	58	172	\N	8	\N	\N	25
181	58	170	\N	8	\N	\N	\N
355	7	334	\N	8	\N	50	\N
389	140	492	\N	8	\N	\N	\N
380	142	494	\N	8	\N	\N	\N
492	50	524	\N	8	\N	\N	50
493	50	523	\N	8	\N	\N	50
687	7	702	\N	8	\N	\N	25
551	265	594	\N	8	\N	\N	50
1281	82	380	\N	2	\N	\N	\N
1282	36	731	\N	2	\N	\N	\N
1283	210	706	\N	2	\N	\N	\N
1284	319	664	\N	2	\N	\N	\N
1285	82	382	\N	2	\N	\N	\N
1286	200	661	\N	2	\N	\N	\N
1287	287	737	\N	2	\N	\N	\N
1288	82	850	\N	2	\N	\N	\N
1289	287	738	\N	2	\N	\N	\N
1290	184	473	\N	2	\N	\N	\N
1291	184	581	\N	2	\N	\N	\N
1292	322	899	\N	2	\N	\N	\N
1293	246	785	\N	2	\N	\N	50
1294	409	973	\N	2	\N	\N	\N
1295	410	981	\N	2	\N	\N	\N
773	234	770	\N	8	\N	\N	\N
17	10	314	\N	8	\N	75	50
593	187	628	\N	8	\N	\N	\N
579	27	590	\N	8	\N	\N	\N
38	2	18	\N	8	\N	90	80
581	69	585	\N	1	\N	\N	\N
810	255	798	\N	1	\N	50	\N
811	255	796	\N	1	\N	\N	50
807	13	794	\N	1	\N	25	\N
197	23	78	\N	1	\N	\N	\N
500	165	531	\N	1	\N	\N	\N
778	236	773	\N	8	\N	\N	\N
1321	249	789	\N	2	\N	\N	\N
1322	249	873	\N	2	\N	\N	\N
1323	249	874	\N	2	\N	\N	\N
203	59	177	\N	1	\N	\N	\N
107	35	93	\N	1	\N	\N	\N
1375	94	635	\N	1	\N	\N	\N
703	214	717	\N	8	\N	\N	50
704	214	720	\N	8	\N	\N	\N
1330	248	897	\N	2	\N	\N	50
1331	248	744	\N	2	\N	50	\N
575	181	604	\N	8	\N	\N	50
576	181	603	\N	8	\N	\N	\N
1376	94	422	\N	1	\N	\N	50
1377	94	710	\N	1	\N	\N	\N
1336	19	503	\N	2	\N	\N	\N
1337	383	337	\N	2	\N	\N	50
1338	315	619	\N	2	\N	\N	\N
1339	291	848	\N	2	\N	\N	\N
1340	20	851	\N	2	\N	\N	\N
1341	314	891	\N	2	\N	\N	\N
1342	383	955	\N	2	\N	50	\N
504	164	535	\N	8	\N	\N	90
571	26	587	\N	8	\N	\N	50
1444	422	996	\N	2	\N	\N	\N
273	209	328	\N	256	\N	\N	\N
1174	207	488	\N	128	\N	\N	50
1175	207	190	\N	128	\N	75	50
1176	207	154	\N	128	\N	80	60
1177	207	193	\N	128	\N	\N	65
1178	207	192	\N	128	\N	\N	65
1179	207	194	\N	128	\N	\N	80
1180	91	408	\N	128	\N	\N	\N
1181	42	272	\N	128	\N	\N	90
1182	216	65	\N	128	\N	\N	75
1183	91	407	\N	128	\N	\N	50
1236	52	480	\N	128	\N	\N	\N
1345	210	706	\N	128	\N	\N	\N
1220	250	836	\N	64	\N	50	\N
1221	250	837	\N	64	\N	\N	75
1222	250	606	\N	64	\N	\N	50
1223	250	838	\N	64	\N	\N	90
1224	250	839	\N	64	\N	\N	90
1319	311	886	\N	64	\N	\N	50
1320	311	887	\N	64	\N	50	\N
123	26	81	\N	8	\N	\N	\N
1378	257	797	\N	1	\N	\N	50
1379	258	534	\N	1	\N	\N	\N
1380	111	502	\N	1	\N	\N	\N
1381	292	849	\N	1	\N	\N	\N
1382	258	845	\N	1	\N	\N	\N
114	32	456	\N	1	\N	\N	50
83	32	89	\N	1	\N	\N	\N
139	46	196	\N	4	\N	\N	\N
968	46	893	\N	4	\N	\N	\N
969	46	894	\N	4	\N	\N	\N
515	101	546	\N	4	\N	\N	50
519	101	550	\N	4	\N	25	\N
768	40	764	\N	4	\N	\N	\N
419	419	993	\N	4	\N	\N	50
1395	1	647	\N	2	\N	\N	55
1396	161	525	\N	2	\N	\N	50
1397	79	375	\N	2	\N	\N	50
1398	161	878	\N	2	\N	50	\N
72	26	239	\N	8	\N	\N	\N
102	26	80	\N	8	\N	\N	\N
939	234	867	\N	8	\N	\N	50
938	303	866	\N	8	\N	\N	\N
947	110	875	\N	8	\N	50	\N
1312	333	392	\N	32	\N	\N	\N
1327	173	622	\N	32	\N	\N	\N
1328	264	824	\N	32	\N	\N	50
1329	264	825	\N	32	\N	50	\N
402	160	510	\N	8	\N	\N	50
970	188	895	\N	8	\N	\N	\N
971	317	896	\N	8	\N	50	\N
975	402	900	\N	8	\N	\N	\N
1332	248	897	\N	64	\N	\N	50
1333	248	744	\N	64	\N	50	\N
1055	401	979	\N	8	\N	\N	50
1059	404	459	\N	8	\N	\N	\N
1061	156	577	\N	8	\N	\N	25
1062	156	682	\N	8	\N	\N	50
1063	156	685	\N	8	\N	\N	50
1064	156	686	\N	8	\N	\N	35
1065	156	687	\N	8	\N	\N	35
1066	156	689	\N	8	\N	50	\N
1067	207	704	\N	8	\N	65	40
1068	207	774	\N	8	\N	\N	55
1069	42	703	\N	8	\N	\N	60
1090	216	956	\N	8	\N	\N	70
1091	207	127	\N	8	\N	70	55
1092	207	158	\N	8	\N	75	50
1093	42	150	\N	8	\N	\N	65
1094	42	700	\N	8	\N	\N	75
1095	207	155	\N	8	\N	80	60
1096	207	539	\N	8	\N	\N	75
1097	207	697	\N	8	\N	\N	80
1098	207	586	\N	8	\N	\N	90
1099	42	126	\N	8	\N	\N	75
1100	42	191	\N	8	\N	\N	85
1101	42	149	\N	8	\N	50	\N
1102	57	161	\N	8	\N	\N	50
1103	57	438	\N	8	\N	\N	75
1104	44	795	\N	8	\N	\N	70
1105	216	148	\N	8	\N	50	\N
1106	42	157	\N	8	\N	\N	75
1107	42	154	\N	8	\N	\N	80
1108	307	160	\N	8	\N	\N	50
1109	307	437	\N	8	\N	\N	75
1110	307	396	\N	8	\N	50	\N
1111	57	396	\N	8	\N	50	\N
1112	216	152	\N	8	\N	\N	75
1113	216	151	\N	8	\N	\N	75
1114	216	580	\N	8	\N	\N	50
1115	216	616	\N	8	\N	\N	90
1116	207	106	\N	8	\N	50	20
1117	207	147	\N	8	\N	20	\N
1118	42	107	\N	8	\N	\N	50
1119	42	487	\N	8	\N	\N	75
1120	42	184	\N	8	\N	\N	85
1121	42	699	\N	8	\N	\N	90
1122	42	461	\N	8	\N	\N	90
1124	42	156	\N	8	\N	\N	80
1125	42	698	\N	8	\N	\N	95
1126	207	488	\N	8	\N	\N	50
1127	207	190	\N	8	\N	75	50
1128	207	154	\N	8	\N	80	60
1129	207	193	\N	8	\N	\N	65
1130	207	192	\N	8	\N	\N	65
1131	207	194	\N	8	\N	\N	80
1132	91	408	\N	8	\N	\N	\N
1133	42	272	\N	8	\N	\N	90
1134	216	65	\N	8	\N	\N	75
1135	91	407	\N	8	\N	\N	50
1136	44	159	\N	8	\N	\N	70
1184	273	840	\N	8	\N	\N	25
1185	273	265	\N	8	\N	\N	\N
1194	70	346	\N	8	\N	\N	50
1195	70	428	\N	8	\N	50	\N
1196	254	822	\N	8	\N	\N	\N
1197	168	537	\N	8	\N	\N	\N
1198	159	517	\N	8	\N	\N	\N
1199	254	793	\N	8	\N	\N	\N
1200	68	330	\N	8	\N	\N	\N
1201	68	443	\N	8	\N	90	75
1202	168	541	\N	8	\N	\N	\N
1203	254	538	\N	8	\N	\N	\N
1204	254	821	\N	8	\N	\N	\N
1205	137	261	\N	8	\N	\N	\N
1206	68	329	\N	8	\N	\N	\N
1207	235	828	\N	8	\N	50	\N
1208	235	771	\N	8	\N	\N	50
1209	308	516	\N	8	\N	\N	\N
1210	217	262	\N	8	\N	\N	\N
1211	217	266	\N	8	\N	\N	75
1212	137	273	\N	8	\N	25	\N
1213	107	183	\N	8	\N	\N	\N
1214	137	267	\N	8	\N	\N	75
1218	250	838	\N	4	\N	\N	90
1054	182	978	\N	4	\N	\N	50
326	209	476	\N	256	\N	\N	50
264	333	392	\N	256	\N	\N	\N
539	85	600	\N	256	\N	\N	\N
59	105	431	\N	256	\N	\N	\N
903	287	737	\N	256	\N	\N	\N
922	82	850	\N	256	\N	\N	\N
904	287	738	\N	256	\N	\N	\N
906	184	473	\N	256	\N	\N	\N
992	345	917	\N	256	\N	\N	\N
993	346	918	\N	256	\N	\N	\N
994	327	920	\N	256	\N	50	\N
995	327	919	\N	256	\N	50	\N
990	327	915	\N	256	\N	\N	50
851	250	838	\N	256	\N	\N	90
850	250	839	\N	256	\N	\N	90
908	184	581	\N	256	\N	\N	\N
974	322	899	\N	256	\N	\N	\N
959	311	886	\N	256	\N	\N	50
960	311	887	\N	256	\N	50	\N
1237	52	464	\N	128	\N	\N	\N
1238	290	847	\N	128	\N	\N	\N
1240	334	489	\N	128	\N	\N	\N
1241	284	471	\N	128	\N	\N	\N
1242	282	470	\N	128	\N	\N	\N
1243	250	606	\N	128	\N	\N	50
1244	312	889	\N	128	\N	\N	\N
1245	313	888	\N	128	\N	\N	\N
1246	10	888	\N	128	\N	50	\N
1247	261	889	\N	128	\N	50	\N
1248	283	467	\N	128	\N	\N	\N
1249	324	903	\N	128	\N	\N	\N
1250	325	904	\N	128	\N	\N	\N
1251	326	906	\N	128	\N	\N	\N
1252	326	905	\N	128	\N	\N	\N
1253	328	907	\N	128	\N	\N	\N
1254	329	908	\N	128	\N	\N	\N
1255	330	909	\N	128	\N	\N	\N
1256	331	910	\N	128	\N	\N	\N
1257	10	921	\N	128	\N	\N	50
1258	87	400	\N	128	\N	\N	\N
1259	341	911	\N	128	\N	\N	\N
1260	342	913	\N	128	\N	\N	\N
1261	343	914	\N	128	\N	\N	\N
1262	344	912	\N	128	\N	\N	\N
1263	344	916	\N	128	\N	\N	\N
1264	345	917	\N	128	\N	\N	\N
1265	346	918	\N	128	\N	\N	\N
1266	327	920	\N	128	\N	50	\N
1267	327	919	\N	128	\N	50	\N
1268	327	915	\N	128	\N	\N	50
1269	250	838	\N	128	\N	\N	90
1270	250	839	\N	128	\N	\N	90
1271	332	669	\N	128	\N	\N	\N
1272	386	959	\N	128	\N	\N	\N
1273	387	958	\N	128	\N	\N	\N
1274	385	957	\N	128	\N	\N	\N
1280	184	473	\N	8	\N	\N	\N
1311	333	392	\N	8	\N	\N	\N
1313	209	476	\N	8	\N	\N	50
1314	85	600	\N	8	\N	\N	\N
1315	209	328	\N	8	\N	\N	\N
1316	62	522	\N	8	\N	\N	\N
1317	320	705	\N	8	\N	\N	\N
1318	105	431	\N	8	\N	\N	\N
1324	173	622	\N	8	\N	\N	\N
1325	264	824	\N	8	\N	\N	50
1326	264	825	\N	8	\N	50	\N
1334	383	337	\N	8	\N	\N	50
1335	383	955	\N	8	\N	50	\N
1367	54	133	\N	8	\N	\N	\N
1368	45	245	\N	8	\N	\N	\N
1369	228	756	\N	8	\N	\N	\N
1370	226	754	\N	8	\N	\N	\N
1371	57	44	\N	8	\N	\N	50
1372	258	534	\N	8	\N	\N	\N
1373	111	502	\N	8	\N	\N	\N
1374	258	845	\N	8	\N	\N	\N
1383	255	798	\N	8	\N	50	\N
1384	255	796	\N	8	\N	\N	50
1385	32	453	\N	8	\N	\N	50
1386	59	177	\N	8	\N	\N	\N
1387	35	93	\N	8	\N	\N	\N
1388	32	451	\N	8	\N	\N	75
1389	32	455	\N	8	\N	\N	50
1390	32	452	\N	8	\N	\N	50
1391	32	454	\N	8	\N	\N	75
1392	32	456	\N	8	\N	\N	50
1393	32	89	\N	8	\N	\N	\N
1401	55	138	\N	8	\N	\N	\N
1402	259	508	\N	8	\N	\N	50
1403	142	495	\N	8	\N	\N	\N
1404	94	601	\N	8	\N	\N	\N
1405	259	507	\N	8	\N	\N	\N
1406	318	515	\N	8	\N	\N	\N
1407	141	493	\N	8	\N	\N	\N
1409	26	209	\N	8	\N	\N	\N
1411	256	799	\N	8	\N	\N	\N
1412	262	817	\N	8	\N	50	\N
1413	262	612	\N	8	\N	\N	50
1414	270	801	\N	8	\N	\N	75
1415	405	823	\N	8	\N	\N	\N
1416	144	498	\N	8	\N	\N	\N
1417	108	442	\N	8	\N	\N	\N
1418	193	636	\N	8	\N	\N	\N
1419	241	742	\N	8	\N	\N	\N
1420	164	575	\N	8	\N	\N	\N
1421	347	804	\N	8	\N	\N	\N
1422	321	898	\N	8	\N	\N	\N
1423	323	901	\N	8	\N	\N	\N
1424	348	922	\N	8	\N	\N	\N
1425	262	802	\N	8	\N	\N	50
1426	262	820	\N	8	\N	50	\N
1427	397	869	\N	8	\N	\N	\N
1394	1	647	\N	4	\N	\N	55
1399	63	339	\N	4	\N	\N	\N
1410	63	343	\N	4	\N	\N	50
1400	39	113	\N	4	\N	\N	50
1408	39	813	\N	4	\N	50	\N
1219	250	839	\N	4	\N	\N	90
1443	419	995	\N	4	\N	50	\N
\.


--
-- Data for Name: instruction; Type: TABLE DATA; Schema: public; Owner: -
--

COPY public.instruction ("Id", "ParentId", "VariationId", "DisabledReason", "Link", "Name", "Notes", "Equipment") FROM stdin;
1845	\N	992	\N	https://www.youtube.com/watch?v=_WTs2-YeB3I	\N	\N	128
1398	1397	776	\N	https://www.youtube.com/watch?v=H75im9fAUMc	Chest-Supported Row	\N	3
1429	\N	681	\N	https://www.youtube.com/watch?v=wjYNzITBDqg	\N	\N	3
1446	\N	694	\N	https://www.youtube.com/watch?v=bAnCoDrvXc4	\N	\N	3
1447	\N	695	\N	https://www.youtube.com/watch?v=5xtllI7frxI	\N	\N	3
171	\N	125	\N	https://www.youtube.com/watch?v=4tygIJHECng	\N	\N	1
1448	\N	696	\N	https://www.youtube.com/watch?v=Z8D-kdvRYlI	\N	\N	3
1477	\N	715	\N	https://www.youtube.com/watch?v=3rpTMDIPh0M	\N	\N	3
1517	\N	733	\N	https://www.youtube.com/watch?v=CNMgU5e95hQ	\N	\N	3
1546	1545	754	\N	https://www.youtube.com/watch?v=oQxyhAu7Q5M	\N	\N	3
1597	\N	756	\N	https://www.youtube.com/watch?v=WNKiVHo6sUU	\N	\N	3
1575	1574	776	\N	https://www.youtube.com/watch?v=-koP10y1qZI	Dumbbell Row	\N	3
1459	\N	459	\N	https://www.youtube.com/watch?v=MQ62r2V7Lw8	\N	\N	1
146	\N	183	\N	https://www.youtube.com/watch?v=rSc1pmDEhZg	\N	\N	1
147	\N	182	\N	https://www.youtube.com/watch?v=AyuOhrT-9J4	\N	\N	1
152	\N	221	\N	https://www.youtube.com/watch?v=xagEKj2yDc8	\N	\N	1
163	157	196	\N	https://www.youtube.com/watch?v=VmB1G1K7v94	\N	\N	1
174	\N	209	\N	https://www.youtube.com/watch?v=zC3nLlEvin4	\N	\N	1
189	188	219	\N	https://www.youtube.com/watch?v=6SS6K3lAwZ8	\N	\N	1
192	\N	222	\N	https://www.youtube.com/watch?v=3VcKaXpzqRo	\N	\N	1
193	\N	226	\N	https://www.youtube.com/watch?v=JGWZcp5qdwY	\N	\N	1
201	\N	522	\N	https://www.youtube.com/watch?v=ttvfGg9d76c	\N	\N	1
203	204	229	\N	https://www.youtube.com/watch?v=7CHPqVxJOUE	\N	\N	1
212	211	521	\N	https://www.youtube.com/watch?v=eozdVDA78K0	\N	\N	1
221	\N	240	\N	https://www.youtube.com/watch?v=OOe_HrNnQWw	\N	\N	1
1457	\N	220	\N	https://www.youtube.com/watch?v=IB3rU0RIpAE	\N	\N	1
1481	\N	717	\N	https://www.youtube.com/watch?v=naMjFXp1MWI	\N	\N	1
1482	\N	718	\N	https://www.youtube.com/watch?v=rC56fB6jPQM	\N	\N	1
1484	\N	719	\N	https://www.youtube.com/watch?v=o4max7K84vw	\N	\N	1
1489	\N	720	\N	https://www.youtube.com/watch?v=2YedyLmkDRE	\N	\N	1
888	\N	82	\N	https://www.youtube.com/watch?v=-Vyt2QdsR7E	\N	\N	1
1571	\N	129	\N	https://www.youtube.com/watch?v=1u5ZDhtYC8s	\N	\N	1
955	\N	392	\N	https://www.youtube.com/watch?v=baXR98MXziA	\N	\N	1
986	\N	116	Superseeded by Location instructions	https://www.youtube.com/watch?v=VFGHQt14p6A	\N	\N	1
989	\N	253	\N	https://www.youtube.com/watch?v=poM87byNUMw	\N	\N	1
1167	\N	523	\N	\N	\N	\N	1
1219	111	195	\N	https://www.youtube.com/watch?v=zZX5AGyg3VQ	\N	\N	1
1221	\N	239	\N	https://www.youtube.com/watch?v=EoYWMB856cA	\N	\N	1
1248	\N	580	This is like a side plank with arm bar. Keep them as separate exercises.	https://www.youtube.com/watch?v=2WxwO9E93wI	\N	\N	1
1256	\N	587	\N	\N	\N	\N	1
1261	\N	589	\N	https://www.youtube.com/watch?v=VHeZJHEj6ic	\N	\N	1
1272	\N	593	\N	\N	\N	\N	1
1286	\N	601	\N	https://www.youtube.com/watch?v=T0eXGAYl6xg	\N	\N	1
1352	\N	559	\N	https://www.youtube.com/watch?v=b2R-W2efN-g	\N	\N	1
1368	\N	196	\N	https://www.youtube.com/watch?v=uUGDRwge4F8	\N	\N	1
1573	\N	323	\N	https://www.youtube.com/watch?v=JpDDoINkrog	\N	\N	1
124	\N	131	\N	https://www.youtube.com/watch?v=lJ3QwaXNJfw	\N	\N	3
1835	\N	982	\N	https://www.youtube.com/watch?v=T3Su_arMrv0	\N	Bands	64
277	\N	324	\N	\N	\N	\N	9
1103	\N	489	This is a Wrist Curl	https://www.youtube.com/watch?v=1br9pHPutEw	\N	\N	66
1238	\N	575	\N	https://www.youtube.com/watch?v=OGyrUo0DAhI	\N	\N	9
1239	\N	576	\N	https://www.youtube.com/watch?v=aqet70KyAbk	\N	\N	9
1730	1729	894	\N	https://www.youtube.com/watch?v=Mooao_wZHv4	\N	\N	9
1731	\N	893	\N	https://www.youtube.com/watch?v=cIoUZOnypS8	\N	\N	9
128	\N	116	\N	https://www.youtube.com/watch?v=9QAnqXGsyyo	\N	\N	3
1497	\N	445	\N	https://www.youtube.com/watch?v=1v9rrOULVT8	\N	\N	3
1492	\N	636	\N	https://www.youtube.com/watch?v=a9NpF5eVjgY	\N	\N	3
1281	\N	600	\N	https://www.youtube.com/watch?v=FW7URAaC-vE	\N	\N	5
1822	\N	970	Moved Link to variation	https://www.youtube.com/watch?v=Gmnw-PsAKvE	\N	\N	0
1846	\N	993	\N	https://www.youtube.com/watch?v=tCxmmLMv7Do	\N	\N	768
108	\N	34	\N	https://www.hybridcalisthenics.com/horizontal-pullups	\N	Gymnastic Rings | Pullup Bar | TRX System	2048
1553	\N	35	\N	https://www.hybridcalisthenics.com/advanced-horizontal-pullups	\N	\N	2048
1502	\N	615	\N	https://www.youtube.com/watch?v=De9OUZz5W_I	\N	\N	3
1512	\N	98	\N	https://www.youtube.com/watch?v=nLOIgukB4Ro	\N	\N	3
1518	\N	584	\N	https://www.youtube.com/watch?v=KRHexHq1PsQ	\N	\N	3
1519	\N	734	\N	https://www.youtube.com/watch?v=F1K-rRfv7OI	\N	\N	3
1744	\N	901	\N	https://www.youtube.com/watch?v=4qMoh3-3EpY	\N	\N	1
1548	\N	755	\N	https://www.youtube.com/watch?v=gj-QWNeCIng	\N	\N	3
280	\N	328	\N	https://www.youtube.com/watch?v=YYiEdmODb1A	\N	\N	21
884	\N	337	\N	https://www.youtube.com/watch?v=wrYqfSLWqdE	\N	\N	29
1439	\N	577	\N	https://www.youtube.com/watch?v=pXcG0IH2Nkg	\N	\N	61
1537	\N	682	\N	https://www.youtube.com/watch?v=cBgq78NY_KA	\N	\N	61
1372	\N	560	\N	https://www.youtube.com/watch?v=IhZLB48kluc	\N	\N	3
230	\N	247	\N	https://www.youtube.com/watch?v=F-qXSJHR9ng	\N	\N	3
1427	\N	679	\N	https://www.youtube.com/watch?v=93jCohkGzJQ	\N	\N	3
1444	\N	692	\N	https://www.youtube.com/watch?v=r1Aej0sfoKY	\N	\N	3
274	\N	321	\N	https://www.youtube.com/watch?v=vBA3vyOxJv0	\N	\N	3
1445	\N	693	\N	https://www.youtube.com/watch?v=DrcFCCtHsvE	\N	\N	3
1140	\N	166	\N	https://www.youtube.com/watch?v=6TSP1TRMUzs	\N	\N	3
1528	\N	745	\N	https://www.youtube.com/watch?v=sE80dr21rA0	\N	\N	3
1649	\N	571	\N	https://www.youtube.com/watch?v=55o-CHIn3kI	\N	\N	3
1396	\N	652	\N	https://www.youtube.com/watch?v=zDjBc2tJ358	\N	\N	3
1428	\N	680	\N	https://www.youtube.com/watch?v=3rtUK_jUv4s	\N	\N	3
1356	\N	573	\N	https://www.youtube.com/watch?v=w8HTY2kx5FI	\N	\N	3
1382	\N	643	\N	https://www.youtube.com/watch?v=Adp4EV4OaDM	\N	\N	3
1384	\N	644	\N	https://www.youtube.com/watch?v=dB8NDBaQ_Dw	\N	\N	3
1386	\N	645	\N	https://www.youtube.com/watch?v=LdePxGTLLUQ	\N	\N	3
114	\N	95	\N	https://www.youtube.com/watch?v=mtOAYPGRBMc	\N	\N	768
1463	\N	707	\N	https://www.youtube.com/watch?v=pE8PJsWEV7k	\N	\N	768
1332	\N	627	\N	https://www.youtube.com/watch?v=I0_smdbfxcw	\N	\N	768
226	227	245	\N	https://www.youtube.com/watch?v=GThrNeGcjGc	\N	\N	3
264	\N	307	\N	https://www.youtube.com/watch?v=D7KaRcUTQeE	\N	\N	3
265	\N	311	\N	https://www.youtube.com/watch?v=Jy0aMkLNsKo	\N	\N	3
267	\N	314	\N	https://www.youtube.com/watch?v=HvvqTpTongY	\N	\N	3
934	\N	373	\N	https://www.youtube.com/watch?v=saYKvqSscuY	\N	\N	3
1136	\N	130	\N	https://www.youtube.com/watch?v=FQKfr1YDhEk	\N	\N	3
1143	\N	513	\N	https://www.youtube.com/watch?v=HtHxnWmMgzM	\N	\N	3
1279	1801	597	\N	https://www.youtube.com/watch?v=FK4rHfWKEac	\N	\N	3
1366	\N	603	\N	https://www.youtube.com/watch?v=cJRVVxmytaM	\N	\N	3
1455	\N	570	\N	https://www.youtube.com/watch?v=2GQI2mNoN2E	\N	\N	3
1836	\N	390	\N	https://www.youtube.com/watch?v=idnj7bbZ3F8	\N	Bands	64
1244	\N	196	\N	https://www.youtube.com/watch?v=EbfYPZCWkB0	\N	\N	64
1246	\N	579	\N	https://www.youtube.com/watch?v=cOFwFzzLFWw	\N	\N	64
1264	\N	590	\N	https://www.youtube.com/watch?v=uA_idJVmN6k	\N	\N	64
1265	\N	82	\N	https://www.youtube.com/watch?v=Yi_zNoIsNcc	\N	\N	64
1290	\N	603	\N	https://www.youtube.com/watch?v=LvyVdBv8tZM	\N	\N	64
1668	\N	513	\N	https://www.youtube.com/watch?v=5_87DdGDw7g	\N	\N	64
1705	1704	875	\N	https://www.youtube.com/watch?v=xJiyXM5EW8c	\N	\N	64
1719	\N	889	\N	https://www.youtube.com/watch?v=ak-LQboTk24	\N	\N	64
1720	\N	888	\N	https://www.youtube.com/watch?v=9bdOZ-1usoM	\N	\N	64
1722	\N	311	Moved to Ankle Planter Flexion	https://www.youtube.com/watch?v=9bdOZ-1usoM	\N	\N	64
1726	\N	597	\N	https://www.youtube.com/watch?v=I3b8FyV9vZQ	\N	\N	64
1736	\N	896	\N	https://www.youtube.com/watch?v=-yf6BI9d4Us	\N	\N	64
1738	\N	113	\N	https://www.youtube.com/watch?v=rzgR6DKkc2w	\N	\N	64
1743	\N	900	\N	https://www.youtube.com/watch?v=F9I16nVwo4o	\N	\N	64
232	\N	250	\N	https://www.youtube.com/watch?v=Mog2evZymVE	\N	\N	3
233	\N	249	\N	https://www.youtube.com/watch?v=2d0r0PqpXtY	\N	\N	3
999	1001	249	Just keeping this as a Reverse Lunge	https://www.youtube.com/watch?v=VIMbpSJ-cQY	\N	\N	3
1578	\N	780	\N	https://www.youtube.com/watch?v=Pk17wYyx0h8	\N	\N	9
270	\N	317	\N	https://www.youtube.com/watch?v=MJao9o7ROs0	\N	\N	3
1275	\N	595	\N	https://www.youtube.com/watch?v=5udUcINEMS4	\N	\N	64
1823	\N	971	Moved Link to variation	https://www.youtube.com/watch?v=QoXSQAsmVco	\N	\N	0
1402	\N	655	\N	https://www.youtube.com/watch?v=WtqAD5-Re18	\N	\N	3
1605	\N	595	\N	https://www.youtube.com/watch?v=9XVf_yGLXNk	\N	\N	1
1723	\N	259	\N	https://www.youtube.com/watch?v=xHu_b5PgHKM	\N	\N	1
1724	\N	605	\N	https://www.youtube.com/watch?v=b65s5BtdOEc	\N	\N	1
100	\N	42	\N	https://www.hybridcalisthenics.com/one-arm-pullups	\N	\N	768
101	\N	41	\N	https://www.youtube.com/watch?v=ziQjz1-DmX8	\N	\N	768
103	\N	39	\N	https://www.hybridcalisthenics.com/one-hand-pullups	\N	\N	768
104	\N	38	\N	https://www.hybridcalisthenics.com/narrow-pullups	\N	\N	768
106	\N	36	\N	https://www.hybridcalisthenics.com/jackknife-pullups	\N	\N	768
1513	\N	560	Combining this with Dumbells, you want to use two kettlebells to keep the hands shoulder-width apart. I can't find a video using kettlebells though.	https://www.youtube.com/watch?v=_VMfDJmuw40	\N	\N	3
133	\N	138	\N	https://www.youtube.com/watch?v=Buz6gaVzVZs	\N	\N	3
1426	\N	679	\N	https://www.youtube.com/watch?v=j46r9lWAPxE	\N	\N	4
115	111	195	\N	https://www.youtube.com/watch?v=nEF0bv2FW94	\N	\N	4
1456	\N	220	\N	https://www.youtube.com/watch?v=mjwkcWDDjPA	\N	\N	4
123	\N	130	\N	https://www.youtube.com/watch?v=JCXUYuzwNrM	\N	\N	4
1504	\N	727	\N	https://www.youtube.com/watch?v=M93HfnAVIl8	\N	\N	4
141	\N	314	\N	https://www.youtube.com/watch?v=3UWi44yN-wM	\N	\N	4
145	\N	182	\N	https://www.youtube.com/watch?v=aTSjww7jcTY	\N	\N	4
156	157	196	\N	https://www.youtube.com/watch?v=rT7DgCr-3pg	\N	\N	4
177	\N	80	\N	https://www.youtube.com/watch?v=LY1V6UbRHFM	\N	\N	4
202	\N	221	\N	https://www.youtube.com/watch?v=sxeY7kMYhLc	\N	\N	4
220	\N	239	\N	https://www.youtube.com/watch?v=didEQUuieRQ	\N	\N	4
223	\N	240	\N	https://www.youtube.com/watch?v=2yjwXTZQDDI	\N	\N	4
225	\N	113	\N	https://www.youtube.com/watch?v=vtPgvobdWBI	\N	\N	4
228	227	245	\N	https://www.youtube.com/watch?v=pR6yH5p913I	\N	\N	4
235	\N	253	\N	https://www.youtube.com/watch?v=1clWWF8Nw4U	\N	\N	4
1847	\N	994	\N	https://www.youtube.com/watch?v=unp6vxYbir0	\N	\N	128
240	\N	259	\N	https://www.youtube.com/watch?v=EdtaJRBqwes	\N	\N	4
1437	\N	686	\N	https://www.youtube.com/watch?v=MdL2qeiC-P4	\N	\N	64
1438	\N	687	\N	https://www.youtube.com/watch?v=NCdt2mICJuU	\N	\N	64
1433	\N	577	\N	https://www.youtube.com/watch?v=eufYDHUtScc	\N	\N	64
1531	\N	195	\N	https://www.youtube.com/watch?v=hlSFgUuy25Y	\N	\N	64
1554	\N	422	\N	https://www.youtube.com/watch?v=TX9XfhdueEg	\N	\N	64
1627	\N	575	\N	https://www.youtube.com/watch?v=a2k082aPBSQ	\N	\N	64
1635	1634	815	\N	https://www.youtube.com/watch?v=MajmFI5KpUM	\N	\N	64
1657	\N	836	\N	https://www.youtube.com/watch?v=Xw7IDn8k-pA	\N	\N	64
1666	\N	679	\N	https://www.youtube.com/watch?v=1bRd85urBqc	\N	\N	64
1606	\N	317	\N	https://www.youtube.com/watch?v=1_r-jPvEVoc	\N	\N	24
1449	\N	581	\N	https://www.youtube.com/watch?v=XkESHgkTdFw	\N	\N	8192
1535	\N	682	\N	https://www.youtube.com/watch?v=UrzUSf_W3cg	\N	\N	8192
238	\N	250	\N	https://www.youtube.com/watch?v=t2aTPR9gjkg	\N	\N	4
237	\N	249	\N	https://www.youtube.com/watch?v=Vlgh0ImT5oU	\N	\N	4
1824	\N	972	Moved Link to variation	https://www.youtube.com/watch?v=kJp-8Me6_84	\N	\N	0
1837	\N	983	Moved Link to variation	https://www.youtube.com/watch?v=m6DZRXGzY7U	\N	\N	0
1721	\N	891	Moved Link to variation	https://www.youtube.com/watch?v=3d2S7a3D9YY	\N	\N	0
1725	\N	892	Moved Link to variation	https://www.youtube.com/watch?v=_VXhLwE_FJI	\N	\N	0
1727	\N	875	Moved Link to variation	https://www.youtube.com/watch?v=6z7Fl98jGAQ	\N	\N	0
1728	\N	444	Moved Link to variation	https://www.youtube.com/watch?v=xJiyXM5EW8c	\N	\N	0
848	\N	286	Moved Link to variation	https://www.youtube.com/watch?v=sTHqKEj6YwE	\N	\N	0
1737	\N	897	Moved Link to variation	https://www.youtube.com/watch?v=9svtEV4vkp0	\N	\N	0
1739	\N	898	Moved Link to variation	https://www.youtube.com/watch?v=1MgFup8A_0c	\N	\N	0
1742	\N	899	Moved Link to variation	https://www.youtube.com/watch?v=LFv4Gp_QDAg	\N	\N	0
173	\N	205	\N	https://www.youtube.com/watch?v=7MY2agzydDw	\N	\N	32
190	\N	220	\N	https://www.youtube.com/watch?v=e8my9OOCXVo	\N	\N	16
1112	\N	494	\N	https://www.youtube.com/watch?v=ZlrvmNflFJw	\N	\N	80
191	\N	221	\N	https://www.youtube.com/watch?v=hikbChhbeLI	\N	\N	16
234	\N	253	\N	https://www.youtube.com/watch?v=KFzKHhfb1yU	\N	\N	18
1435	\N	685	\N	https://www.youtube.com/watch?v=yUiZpr9ngIA	\N	\N	61
1661	\N	839	\N	\N	\N	\N	16
143	\N	177	\N	https://www.youtube.com/watch?v=NBY9-kTuHEk	\N	\N	8192
1494	\N	579	\N	https://www.youtube.com/watch?v=FRiiZRhapeU	\N	\N	512
242	\N	193	\N	https://www.youtube.com/watch?v=_Iev7PLP6QY	\N	\N	512
243	\N	106	\N	https://www.youtube.com/watch?v=-WArq8wMWQg	\N	\N	512
244	\N	261	\N	https://www.youtube.com/watch?v=QqjPHk-uErQ	\N	\N	512
1418	\N	671	\N	https://www.youtube.com/watch?v=LDU_yVvp7pA	\N	\N	8192
111	\N	195	\N	\N	\N	\N	32768
121	\N	125	Can also use a chair or couch which everybody has at home	\N	\N	\N	20480
126	\N	133	\N	https://www.youtube.com/watch?v=WCFCdxzFBa4	\N	\N	20480
188	\N	219	\N	\N	\N	\N	32768
204	\N	229	\N	\N	\N	\N	32768
211	\N	521	\N	\N	\N	\N	32768
1574	\N	776	\N	\N	\N	\N	32768
154	\N	126	Can also use a chair or couch which everybody has at home	\N	\N	\N	32768
155	\N	127	Can also use a chair or couch which everybody has at home	\N	\N	\N	32768
227	\N	245	\N	https://www.youtube.com/watch?v=cvhbznhHxS8	\N	\N	20480
245	\N	267	\N	https://www.youtube.com/watch?v=a9Arb1Dnf1I	\N	\N	64
246	\N	266	\N	https://www.youtube.com/watch?v=WQ86i2JMJ9o	\N	\N	64
1327	\N	623	\N	https://www.youtube.com/watch?v=yAKABuMpjkg	\N	\N	320
1411	\N	664	\N	https://www.youtube.com/watch?v=GPjss8FcQx8	\N	\N	256
1469	\N	708	\N	https://www.youtube.com/watch?v=Zr-PtqcpeWM	\N	\N	256
1471	\N	709	\N	https://www.youtube.com/watch?v=l_U2uoePtS4	\N	\N	256
253	\N	81	\N	\N	\N	\N	1
256	\N	80	\N	https://www.youtube.com/watch?v=3OZ2MT_5r3Q	\N	\N	1
1400	\N	653	\N	https://www.youtube.com/watch?v=q1MeZPov8eM	\N	\N	1
1663	\N	841	\N	\N	\N	\N	768
260	\N	306	\N	https://www.hybridcalisthenics.com/full-pullups	\N	\N	768
1496	\N	723	\N	https://www.youtube.com/watch?v=R8xNrImzdwI	\N	\N	768
1495	\N	724	\N	https://www.youtube.com/watch?v=Dx740NIKX94	\N	\N	768
1632	\N	814	\N	\N	\N	\N	768
1480	\N	717	\N	https://www.youtube.com/watch?v=sAtZ4yAsQnI	\N	\N	3
1483	\N	718	\N	https://www.youtube.com/watch?v=yK-s3HEe3A0	\N	\N	3
1485	\N	719	\N	https://www.youtube.com/watch?v=aXwilZfmDyo	\N	\N	3
1488	\N	720	\N	https://www.youtube.com/watch?v=5Fx69TRWARc	\N	\N	3
251	\N	166	\N	https://www.youtube.com/watch?v=cZvQNvTUUu0	\N	\N	4
261	\N	307	\N	https://www.youtube.com/watch?v=0_9sJd9P8M0	\N	\N	4
250	\N	6	\N	https://www.youtube.com/watch?v=orPv4L77rZQ	\N	\N	48
1454	\N	571	\N	https://www.youtube.com/watch?v=55o-CHIn3kI	\N	\N	4
276	\N	323	\N	https://www.youtube.com/watch?v=ylpfCk3i-0Y	\N	\N	4
1486	\N	719	\N	https://www.youtube.com/watch?v=KjGvwQl8tis	\N	\N	4
1487	\N	720	\N	https://www.youtube.com/watch?v=r8vi2RqW5qg	\N	\N	4
1505	\N	728	\N	https://www.youtube.com/watch?v=epdBIT32SS0	\N	\N	4
1543	\N	752	\N	https://www.youtube.com/watch?v=Py_x-BP4kcg	\N	\N	131072
1572	\N	129	\N	https://www.youtube.com/watch?v=GNY0RKIvkH0	\N	\N	4
900	899	339	\N	https://www.youtube.com/watch?v=hg9MMvd-MY8	\N	\N	4
1848	\N	995	\N	\N	\N	\N	768
1395	\N	651	\N	https://www.youtube.com/watch?v=wklohZsolc4	\N	\N	64
1419	\N	672	\N	https://www.youtube.com/watch?v=a8f-c31u2GA	\N	\N	64
1465	\N	705	\N	https://www.youtube.com/watch?v=Cf1r8jdoOTk	\N	\N	64
1526	\N	743	\N	https://www.youtube.com/watch?v=whSXi-EXbqI	\N	\N	64
1536	\N	682	\N	https://www.youtube.com/watch?v=jt7_lWitVUo	\N	\N	64
1658	\N	838	\N	https://www.youtube.com/watch?v=lpAFBp4GIVI	\N	\N	64
990	\N	522	\N	https://www.youtube.com/watch?v=3OYSIWaJJk4	\N	\N	64
1432	\N	577	\N	https://www.youtube.com/watch?v=5jDEulwWs04	\N	\N	8192
269	\N	317	\N	https://www.youtube.com/watch?v=uYumuL_G_V0	\N	\N	4
1602	\N	600	\N	https://www.youtube.com/watch?v=Y5mx9js7BlA	\N	\N	64
1838	\N	984	Moved Link to variation	https://www.youtube.com/watch?v=U5_STaK6ZaA	\N	\N	0
272	\N	319	Moved Link to variation	\N	\N	\N	0
262	\N	308	\N	https://www.youtube.com/watch?v=JIwfJPU1To4	\N	\N	32
903	904	343	\N	https://www.youtube.com/watch?v=nEppV-EZzvA	\N	\N	4
1541	889	56	Moved Link to variation	\N	\N	\N	0
967	\N	399	Moved Link to variation	https://www.youtube.com/watch?v=8h0tSMxLNG4	\N	\N	0
1599	\N	538	Moved Link to variation	https://www.youtube.com/watch?v=qsDiUSMk3vw	\N	\N	0
976	\N	314	Moved Link to variation	https://www.youtube.com/watch?v=k8ipHzKeAkQ	\N	\N	0
978	\N	311	Moved Link to variation	https://www.youtube.com/watch?v=ORT4oJ_R8Qs	\N	\N	0
1600	\N	793	Moved Link to variation	https://www.youtube.com/watch?v=9i0J_I4ASow	\N	\N	0
1587	\N	786	\N	https://www.youtube.com/watch?v=IUJnZTs1rKw	\N	\N	8192
893	\N	116	Can also use a chair or couch which everybody has at home	\N	\N	\N	37120
899	\N	339	\N	https://www.youtube.com/watch?v=SEdqd1n0cvg	\N	\N	32768
963	\N	396	Can also use a chair or couch which everybody has at home	\N	\N	\N	32768
247	\N	89	\N	https://www.youtube.com/watch?v=kbPOFMH-Ivk	\N	\N	512
248	\N	119	\N	https://www.youtube.com/watch?v=Uo-1sdKf9Jw	\N	\N	512
249	\N	272	\N	https://www.youtube.com/watch?v=3uaxHCDiXJA	\N	\N	512
889	\N	56	\N	https://www.hybridcalisthenics.com/full-dips	\N	\N	256
1514	\N	110	\N	https://www.youtube.com/watch?v=PQ3Vz8fp73k	\N	\N	512
1618	\N	801	\N	https://www.youtube.com/watch?v=eFcjeQ9tuEQ	\N	\N	16640
1397	\N	776	\N	\N	\N	\N	65536
258	\N	91	\N	https://www.youtube.com/watch?v=82jNjDS19lg	\N	\N	131072
254	\N	170	\N	https://www.youtube.com/watch?v=VDvlA5opvuk	\N	\N	28
793	\N	172	\N	https://www.youtube.com/watch?v=pDTHSnoGoEc	\N	\N	40
282	\N	328	Can also use a chair or couch which everybody has at home	\N	\N	\N	32768
977	\N	314	Surely people have a book or something at home	\N	\N	\N	4104
979	\N	311	I'm sure they have a box or something to stand on	\N	\N	\N	2064
1001	\N	249	Just keeping this as a Reverse Lunge	https://www.youtube.com/watch?v=gWzF68nOEaw	\N	\N	4104
1064	\N	461	\N	https://www.youtube.com/watch?v=h6bGHQR3yDU	\N	\N	8192
1003	126	133	\N	https://www.youtube.com/watch?v=9ZknEYboBOQ	\N	\N	3
1081	\N	473	\N	https://www.youtube.com/watch?v=UAod62tMmhk	\N	\N	256
1126	\N	498	\N	https://www.youtube.com/watch?v=VOGCA67oOEQ	\N	\N	8
987	\N	116	\N	https://www.youtube.com/watch?v=3YduT91V898	\N	\N	4
1187	\N	543	\N	https://www.youtube.com/watch?v=oj4D4Nj63ic	\N	\N	256
1190	\N	544	\N	https://www.youtube.com/watch?v=pNismoYr1Fg	\N	\N	256
1420	\N	742	\N	https://www.youtube.com/watch?v=ptNcumN_Kco	\N	\N	256
1160	\N	521	\N	https://www.youtube.com/watch?v=VeiB4nfSpeQ	\N	\N	1536
1162	\N	522	\N	https://www.youtube.com/watch?v=eCu-wLNpdkk	\N	\N	1536
1849	1848	995	\N	https://www.youtube.com/watch?v=TXmwmF_0ZqM	\N	\N	64
1225	\N	80	\N	https://www.youtube.com/watch?v=6AOo5BtcqO4	\N	\N	1536
1045	\N	442	\N	https://www.youtube.com/watch?v=Mk5dUWaZVGk	\N	\N	1
1164	\N	524	\N	\N	\N	\N	1
1671	\N	843	\N	https://www.hybridcalisthenics.com/narrow-pullups	\N	\N	768
1197	\N	549	\N	https://www.hybridcalisthenics.com/narrow-pullups	\N	\N	768
1199	\N	548	\N	https://www.hybridcalisthenics.com/one-arm-pullups	\N	\N	768
1201	\N	547	\N	https://www.hybridcalisthenics.com/one-hand-pullups	\N	\N	768
1203	\N	546	\N	https://www.youtube.com/watch?v=b-ztMQpj8yc	\N	\N	768
1211	\N	552	\N	https://www.hybridcalisthenics.com/archer-pullups	\N	\N	768
1195	\N	550	\N	https://www.hybridcalisthenics.com/jackknife-pullups	\N	\N	768
1030	1029	431	\N	https://www.youtube.com/watch?v=APSe8CwxIfE	\N	\N	3
1138	\N	131	Combined with Dumbbells	https://www.youtube.com/watch?v=aXwilZfmDyo	\N	\N	3
998	1001	249	Just keeping this as a Reverse Lunge	https://www.youtube.com/watch?v=MnloAvfiN80	\N	\N	4
1826	\N	974	Moved Link to variation	https://www.youtube.com/watch?v=QvJu8t1Lv9w	\N	\N	0
1021	\N	424	Moved Link to variation	https://www.youtube.com/watch?v=mlqk1niuiZs	\N	\N	0
1674	\N	581	\N	https://www.youtube.com/watch?v=gjGovy6NUqA	\N	\N	64
1071	\N	467	\N	https://www.youtube.com/watch?v=ZXncuZKonas	\N	\N	64
1148	\N	517	\N	https://www.youtube.com/watch?v=wvcwMMnVgRs	\N	\N	64
1151	\N	516	\N	https://www.youtube.com/watch?v=2Hq3ieGH-_0	\N	\N	64
1020	\N	425	Moved Link to variation	https://www.youtube.com/watch?v=Oy3RWqqlMTg	\N	\N	0
1019	\N	426	Moved Link to variation	https://www.youtube.com/watch?v=Ly-Zh-rXeh4	\N	\N	0
1026	\N	430	Moved Link to variation	https://www.youtube.com/watch?v=k2L97eKS5qk	\N	\N	0
1042	\N	441	Moved Link to variation	https://www.youtube.com/watch?v=_BR4ZodkJ2M	\N	\N	0
1043	\N	226	Moved Link to variation	https://www.youtube.com/watch?v=4re6CJ0XNF8	\N	\N	0
1087	\N	478	Moved Link to variation	\N	\N	\N	0
1110	\N	493	\N	https://www.youtube.com/watch?v=BGuLau6Dn7s	\N	\N	80
1098	\N	486	Moved Link to variation	https://www.youtube.com/watch?v=3YcYZvnAYz4	\N	\N	0
1154	\N	518	\N	https://www.youtube.com/watch?v=8kr91qSn3OM	\N	\N	64
1106	\N	492	\N	https://www.youtube.com/watch?v=QxYhFwMd1Ks	\N	\N	64
1108	\N	491	\N	https://www.youtube.com/watch?v=v_aH3ANtz8I	\N	\N	64
1303	\N	609	Moved Link to variation	\N	\N	\N	0
1745	\N	902	Moved Link to variation	https://www.youtube.com/watch?v=w8_8VCwTFV4	\N	\N	0
1747	\N	904	Moved Link to variation	https://www.youtube.com/watch?v=dVDMUuWtX00	\N	\N	0
1748	\N	905	Moved Link to variation	https://www.youtube.com/watch?v=7C8uoq98x2A	\N	\N	0
1749	\N	906	Moved Link to variation	https://www.youtube.com/watch?v=YMLytmxNcZs	\N	\N	0
1750	\N	907	Moved Link to variation	https://www.youtube.com/watch?v=4_OFxSHtzUo	\N	\N	0
1751	\N	908	Moved Link to variation	https://www.youtube.com/watch?v=yc7Nn-iu3C8	\N	\N	0
1166	\N	523	\N	\N	\N	\N	65536
1128	\N	505	\N	https://www.youtube.com/watch?v=pZRa5OqNJFU	\N	\N	10
1115	\N	496	\N	https://www.youtube.com/watch?v=3mMAsNwQOfk	\N	\N	8192
1130	\N	506	\N	https://www.youtube.com/watch?v=r7lSsRDvYtc	\N	\N	8192
1417	\N	670	\N	https://www.youtube.com/watch?v=wgvSBp8_rKo	\N	\N	8192
1163	\N	524	\N	\N	\N	\N	32768
1002	126	133	\N	https://www.youtube.com/watch?v=860722r7v2E	\N	\N	4
1667	\N	513	\N	https://www.youtube.com/watch?v=4QoBQlZswBg	\N	\N	4
1044	\N	226	\N	https://www.youtube.com/watch?v=91BDzkXfl3Q	\N	\N	4
1259	\N	82	\N	https://www.youtube.com/watch?v=oGZpNnBEt6Q	\N	\N	512
1262	\N	589	\N	https://www.youtube.com/watch?v=_ajo6VG_uRM	\N	\N	512
1096	\N	484	Too dangerous, no way to bail the weight	https://www.youtube.com/watch?v=XzD1_jz0si4	\N	\N	4
1139	\N	131	\N	https://www.youtube.com/watch?v=r4MzxtBKyNE	\N	\N	4
1218	\N	560	\N	https://www.youtube.com/watch?v=amCU-ziHITM	\N	\N	4
1268	\N	591	\N	https://www.youtube.com/watch?v=LMdNTHH6G8I	\N	\N	4
1146	\N	515	\N	https://www.youtube.com/watch?v=zfDmFJJYIds	\N	\N	64
1075	\N	470	\N	https://www.youtube.com/watch?v=zz5XH-hFIaM	\N	\N	64
1077	\N	471	\N	https://www.youtube.com/watch?v=gclNWZ_CO0Y	\N	\N	64
1029	\N	431	\N	https://www.youtube.com/watch?v=GXH1Rpv5sDw	\N	\N	4096
1117	\N	497	\N	https://www.youtube.com/watch?v=3sGe3UiwrVY	\N	\N	4096
1079	\N	472	\N	https://www.youtube.com/watch?v=TVTP8Q1T3K8	\N	\N	64
1094	\N	484	We're just using good mornings as an unweighted warmup	https://www.youtube.com/watch?v=jFyAjdK5SbE	\N	\N	64
1214	\N	222	\N	https://www.youtube.com/watch?v=b9a9vsQzGxk	\N	\N	64
1215	\N	240	\N	https://www.youtube.com/watch?v=Zli1UXH9ZeE	\N	\N	64
1216	\N	560	\N	https://www.youtube.com/watch?v=bfzl23IIOi8	\N	\N	64
1220	\N	209	\N	https://www.youtube.com/watch?v=SniJo-6t7Gk	\N	\N	64
1222	\N	239	\N	https://www.youtube.com/watch?v=bftFXuQy75A	\N	\N	64
1588	\N	788	\N	https://www.youtube.com/watch?v=PbCgRWzQPc8	\N	\N	8192
1676	\N	625	\N	https://www.youtube.com/watch?v=YGqr6rLaBdM	\N	\N	8192
1734	\N	895	\N	https://www.youtube.com/watch?v=Uk7bQVw4ggY	\N	\N	8192
1732	1733	895	\N	https://www.youtube.com/watch?v=3d9_W--eUcI	\N	\N	256
1304	\N	609	\N	https://www.youtube.com/watch?v=dL9ZzqtQI5c	\N	\N	1
1316	\N	616	This instruction isn't exactly a copenhagen plank.	https://www.youtube.com/watch?v=UIKCQ8rpwg8	\N	\N	1
1349	\N	591	\N	https://www.youtube.com/watch?v=cb1YB7fZyEw	\N	\N	1
1243	\N	578	\N	https://www.youtube.com/watch?v=8PMUG46CmHc	\N	\N	768
1306	\N	610	\N	\N	\N	\N	768
1672	\N	844	\N	https://www.hybridcalisthenics.com/narrow-pullups	\N	\N	768
1675	\N	847	\N	https://www.youtube.com/watch?v=EpvfySmuEGs	\N	\N	3
1294	\N	586	\N	https://www.youtube.com/watch?v=3C1TRMJveXo	\N	\N	4
1301	\N	608	\N	https://www.youtube.com/watch?v=nVlpaNUxO5E	\N	\N	4
1314	\N	615	\N	https://www.youtube.com/watch?v=wQHSYDSgDn8	\N	\N	4
1357	\N	573	\N	https://www.youtube.com/watch?v=ryIFzwG3rfs	\N	\N	4
1223	\N	80	\N	https://www.youtube.com/watch?v=pXS-fSPWpk8	\N	\N	64
1226	\N	317	\N	https://www.youtube.com/watch?v=duP-UZsfOaQ	\N	\N	64
1493	\N	636	\N	https://www.youtube.com/watch?v=msvF1e9w2aQ	\N	\N	4
1231	\N	221	\N	https://www.youtube.com/watch?v=1lO0JTw9yNk	\N	\N	64
1233	\N	314	\N	https://www.youtube.com/watch?v=EABCFPXpQBo	\N	\N	64
1234	\N	131	\N	https://www.youtube.com/watch?v=obM6SBVa-MU	\N	\N	64
1236	\N	250	\N	https://www.youtube.com/watch?v=wB6ALHd6Onc	\N	\N	64
1295	\N	605	\N	https://www.youtube.com/watch?v=Yp2DmHk3KnY	\N	\N	64
1298	\N	606	\N	https://www.youtube.com/watch?v=Ef7YyS5qoPY	\N	\N	64
1325	\N	622	\N	https://www.youtube.com/watch?v=lm4Nt-N6qUk	\N	\N	1536
1508	\N	731	\N	https://www.youtube.com/watch?v=sRshX8wYOOI	\N	\N	1536
1300	\N	607	\N	https://www.youtube.com/watch?v=sqDdHFC1KYk	\N	\N	768
1850	\N	996	\N	https://www.youtube.com/watch?v=0QQUd2Vdn50	\N	\N	128
1311	\N	614	\N	https://www.youtube.com/watch?v=Vce3tIYpzhc	\N	\N	64
1321	\N	620	\N	https://www.youtube.com/watch?v=2EUH-2W8a_g	\N	\N	64
1329	\N	624	\N	https://www.youtube.com/watch?v=Thv8O6c8QBM	\N	\N	64
1342	\N	130	\N	https://www.youtube.com/watch?v=FUndsTXxkT0	\N	\N	64
1344	\N	558	\N	https://www.youtube.com/watch?v=MDAk3N1wEfI	\N	\N	64
1346	\N	630	\N	https://www.youtube.com/watch?v=K4VAFznrNLk	\N	\N	64
1348	\N	572	\N	https://www.youtube.com/watch?v=QhH783fGtfc	\N	\N	64
1350	\N	609	\N	https://www.youtube.com/watch?v=MVSzez2zkHM	\N	\N	64
1358	\N	521	\N	https://www.youtube.com/watch?v=yVcEkvgymt8	\N	\N	64
1364	\N	166	\N	https://www.youtube.com/watch?v=5bAV_E59xhU	\N	\N	64
1466	\N	435	\N	https://www.youtube.com/watch?v=VjswZDuZ89Y	\N	\N	64
1478	\N	715	\N	https://www.youtube.com/watch?v=Z61gRtApY3I	\N	\N	64
1498	\N	725	\N	https://www.youtube.com/watch?v=Xel2zEdfyhM	\N	\N	64
1503	\N	615	\N	https://www.youtube.com/watch?v=WAUvlrF5xqw	\N	\N	64
1813	\N	961	Moved Link to variation	https://www.youtube.com/watch?v=1MB_XclBMhA	\N	\N	0
1827	\N	975	Moved Link to variation	https://www.youtube.com/watch?v=-YFWrYkJVBs	\N	\N	0
1336	\N	444	Moved Link to variation	https://www.youtube.com/watch?v=ygdv2gZiT6Y	\N	\N	0
1615	\N	799	\N	https://www.youtube.com/watch?v=X5iIUqd_U7k	\N	\N	64
1337	\N	625	Moved Link to variation	https://www.youtube.com/watch?v=m0AIU1dCVkU	\N	\N	0
1373	\N	546	Moved Link to variation	https://www.youtube.com/watch?v=b-ztMQpj8yc	\N	\N	0
1458	\N	701	Moved Link to variation	https://www.youtube.com/watch?v=IAvAmciUoC4	\N	\N	0
1704	\N	875	Moved Link to variation	\N	\N	\N	0
1440	\N	689	\N	https://www.youtube.com/watch?v=wdhgkET8F9w	\N	\N	16400
1291	\N	604	\N	\N	\N	\N	512
1293	\N	586	\N	https://www.youtube.com/watch?v=i-MYh6YtBBg	\N	\N	512
1334	\N	628	\N	https://www.youtube.com/watch?v=kONbxg4kzkE	\N	\N	512
1460	\N	702	\N	https://www.youtube.com/watch?v=QuAZknEOxWo	\N	\N	256
1735	\N	625	\N	https://www.youtube.com/watch?v=TL3oQn7YsJg	\N	\N	65536
880	\N	334	\N	https://www.youtube.com/watch?v=c3ZGl4pAwZ4	\N	\N	37120
1340	\N	625	\N	https://www.youtube.com/watch?v=81riMKjNBuA	\N	\N	32768
1729	\N	894	\N	\N	\N	\N	65536
1733	\N	895	\N	https://www.youtube.com/watch?v=3d9_W--eUcI	\N	\N	65536
1545	\N	754	\N	https://www.youtube.com/watch?v=oQxyhAu7Q5M	\N	\N	20480
1416	\N	669	\N	https://www.youtube.com/watch?v=Lv77TE13slE	\N	\N	1
1765	899	339	\N	https://www.youtube.com/watch?v=29OfN4ztW_g	\N	\N	1
1810	\N	470	\N	https://www.youtube.com/watch?v=PWWn3z8Ft5s	\N	Dumbbells	1
1114	\N	495	\N	https://www.youtube.com/watch?v=-aRVt2QfFrk	\N	\N	80
1811	\N	467	\N	https://www.youtube.com/watch?v=m-41eHptImU	\N	Dumbbells	1
1812	\N	521	\N	https://www.youtube.com/watch?v=DNZ6IwviZYE	Dumbell Floor Flies	Dumbbells	1
1828	\N	976	\N	https://www.youtube.com/watch?v=wD3jQJ-dGnY	\N	Dumbbells	1
648	\N	21	\N	https://www.hybridcalisthenics.com/toe-to-bars	\N	\N	768
1764	\N	669	\N	https://www.youtube.com/watch?v=mp61xNRZcrk	\N	\N	4
1633	1632	814	\N	https://www.youtube.com/watch?v=5rR_bzBc1NA	\N	\N	64
1659	\N	837	\N	https://www.youtube.com/watch?v=gGctlSdI8tw	\N	\N	64
1660	1661	839	\N	https://www.youtube.com/watch?v=63Y149oKYrA	\N	\N	64
1664	1663	841	\N	https://www.youtube.com/watch?v=qUzqwzTWLoc	\N	\N	64
1825	\N	973	\N	https://www.youtube.com/watch?v=dX38qpxi8SY	\N	\N	64
1839	899	339	\N	https://www.youtube.com/watch?v=2OaqZ-QAiYw	\N	Band	64
1840	904	343	\N	https://www.youtube.com/watch?v=jemVr8d_LPc	\N	Band	64
1814	\N	962	Moved Link to variation	https://www.youtube.com/watch?v=QFOlfNfrHCQ	\N	\N	0
1841	\N	985	Moved Link to variation	https://www.youtube.com/watch?v=EqIG8iFOtsQ	\N	\N	0
1752	\N	909	Moved Link to variation	https://www.youtube.com/watch?v=K8ESIJoqSUA	\N	\N	0
1753	\N	910	Moved Link to variation	https://www.youtube.com/watch?v=9ffu6kLp5Eo	\N	\N	0
1754	\N	911	Moved Link to variation	https://www.youtube.com/watch?v=QbSDSItNGl0	\N	\N	0
1755	\N	912	Moved Link to variation	https://www.youtube.com/watch?v=dkFissmuCrk	\N	\N	0
1756	\N	913	Moved Link to variation	https://www.youtube.com/watch?v=b0_lsnoDjpc	\N	\N	0
1757	\N	914	Moved Link to variation	https://www.youtube.com/watch?v=O35ZHhzAd_w	\N	\N	0
1758	\N	915	Moved Link to variation	https://www.youtube.com/watch?v=18NLhrMjvmQ	\N	\N	0
1746	\N	903	Moved Link to variation	https://www.youtube.com/watch?v=rS7tZQTFEV0	\N	\N	0
1759	\N	916	Moved Link to variation	https://www.youtube.com/watch?v=y5x_berzthc	\N	\N	0
1760	\N	917	Moved Link to variation	https://www.youtube.com/watch?v=WezwL19AQcU	\N	\N	0
1761	\N	918	Moved Link to variation	https://www.youtube.com/watch?v=BcJ1H7Sm-gU	\N	\N	0
1762	\N	919	Moved Link to variation	https://www.youtube.com/watch?v=FDooBV2Q-VM	\N	\N	0
1843	\N	987	\N	https://www.youtube.com/watch?v=pn8mqlG0nkE&t=8s&pp=ygUOb3ZlcmhlYWQgc3F1YXQ%3D	\N	\N	7
1815	\N	963	Moved Link to variation	https://www.youtube.com/watch?v=S-nWj0P5OSk	\N	\N	0
1829	\N	977	Moved Link to variation	https://www.youtube.com/watch?v=-1K0m5ywRcY	\N	\N	0
1842	\N	986	Moved Link to variation	https://www.youtube.com/watch?v=AWeUQ6lFEJk	\N	\N	0
1830	\N	978	\N	https://www.youtube.com/watch?v=aHgtwja2Xlc	\N	\N	64
1580	\N	780	\N	https://www.youtube.com/watch?v=rMEPHwNhQfo	\N	\N	4
1844	\N	988	\N	https://www.youtube.com/watch?v=SFBG-1c5bPI	\N	\N	3
1816	\N	964	Moved Link to variation	https://www.youtube.com/watch?v=iLWT2sJ9hM8	\N	\N	0
1701	\N	872	Moved Link to variation	https://www.youtube.com/watch?v=UomKzkyp6kQ	\N	\N	0
1542	1460	702	Moved Link to variation	\N	\N	\N	0
1381	\N	641	Moved Link to variation	https://www.youtube.com/watch?v=_Kq-2NsocyQ	\N	\N	0
1831	\N	979	\N	https://www.youtube.com/watch?v=A6Rlg9Is8Sk	\N	\N	64
1817	\N	965	Moved Link to variation	https://www.youtube.com/watch?v=Mc-FcRjZVUs	\N	\N	0
1347	\N	572	Moved Link to variation	https://www.youtube.com/watch?v=TJbnvoFkLKI	\N	\N	0
1370	\N	635	Moved Link to variation	https://www.youtube.com/watch?v=9woTKi1T4sA	\N	\N	0
1032	\N	436	Moved Link to variation	https://www.youtube.com/watch?v=jdLV7JuTCOY	\N	\N	0
910	\N	349	Moved Link to variation	https://www.youtube.com/watch?v=CZGtSaOvb50	\N	\N	0
1408	\N	661	Moved Link to variation	https://www.youtube.com/watch?v=hGBYi7vePzM	\N	\N	0
928	\N	367	Moved Link to variation	https://www.youtube.com/watch?v=jXk5dquBT6w	\N	\N	0
944	\N	380	Moved Link to variation	https://www.youtube.com/watch?v=5R7eWaNWO3U	\N	\N	0
1033	\N	435	Moved Link to variation	https://www.youtube.com/watch?v=SSZh8SL_cNg	\N	\N	0
1511	\N	734	Moved Link to variation	https://www.youtube.com/watch?v=F1K-rRfv7OI	\N	\N	0
1616	\N	796	Moved Link to variation	https://www.youtube.com/watch?v=TvppoqEGlD8	\N	\N	0
1041	\N	441	Moved Link to variation	https://www.youtube.com/watch?v=_BR4ZodkJ2M	\N	\N	0
917	\N	355	Moved Link to variation	https://www.youtube.com/watch?v=_ZKzoL9KH8I	\N	\N	0
937	\N	375	Moved Link to variation	https://www.youtube.com/watch?v=FTWFM-lL5jQ	\N	\N	0
1452	\N	699	Moved Link to variation	https://www.youtube.com/watch?v=Nlu0vWJhss8	\N	\N	0
569	\N	323	Moved Link to variation	https://www.youtube.com/watch?v=OUgsJ8-Vi0E	\N	\N	0
972	\N	404	Moved Link to variation	https://www.youtube.com/watch?v=Mn6RSIRCV3w	\N	\N	0
1245	\N	579	Moved Link to variation	https://www.hybridcalisthenics.com/full-pushups	\N	\N	0
553	\N	314	Moved Link to variation	https://www.youtube.com/watch?v=k8ipHzKeAkQ	\N	\N	0
559	\N	311	Moved Link to variation	https://www.youtube.com/watch?v=ORT4oJ_R8Qs	\N	\N	0
984	\N	408	Moved Link to variation	https://www.youtube.com/watch?v=XLcodk8Lbe4	\N	\N	0
565	\N	44	Moved Link to variation	https://www.hybridcalisthenics.com/straight-bridges	\N	\N	0
566	\N	45	Moved Link to variation	https://www.hybridcalisthenics.com/wall-bridges	\N	\N	0
1538	\N	751	Moved Link to variation	https://www.youtube.com/watch?v=LrIE5onzj68	\N	\N	0
568	\N	59	Moved Link to variation	https://www.hybridcalisthenics.com/full-clutch-flags	\N	\N	0
1539	\N	750	Moved Link to variation	https://www.youtube.com/watch?v=dXALCgBfF20	\N	\N	0
1312	\N	614	Moved Link to variation	https://www.youtube.com/watch?v=Vce3tIYpzhc	\N	\N	0
1319	\N	619	Moved Link to variation	https://www.youtube.com/watch?v=VDv7QEcoRGg	\N	\N	0
1330	\N	626	Moved Link to variation	https://www.youtube.com/watch?v=5NU3HsSvP3Y	\N	\N	0
1339	\N	566	Moved Link to variation	https://www.youtube.com/watch?v=odcPqBOlJhI	\N	\N	0
1341	\N	583	Moved Link to variation	https://www.youtube.com/watch?v=J8QhVr5Pvig	\N	\N	0
1186	\N	543	Moved Link to variation	https://www.youtube.com/watch?v=g78CxAtjkCE	\N	\N	0
576	\N	159	Moved Link to variation	https://www.youtube.com/watch?v=ZbNPNuKYexM	\N	\N	0
577	\N	155	Moved Link to variation	https://www.youtube.com/watch?v=qRqe0j2v-Kw	\N	\N	0
578	\N	129	Moved Link to variation	https://www.youtube.com/watch?v=z4J188sFD4g	\N	\N	0
1401	\N	654	Moved Link to variation	https://www.youtube.com/watch?v=-srl3hTBOM8	\N	\N	0
586	\N	142	Moved Link to variation	https://www.youtube.com/watch?v=2zhFTw2epoc	\N	\N	0
1412	\N	665	Moved Link to variation	https://www.youtube.com/watch?v=FVjhSsE8AT4	\N	\N	0
1422	\N	675	Moved Link to variation	https://www.youtube.com/watch?v=azvG88MPppg	\N	\N	0
590	\N	169	Moved Link to variation	https://www.youtube.com/watch?v=Gui5TqiKjZI	\N	\N	0
1453	\N	700	Moved Link to variation	https://www.youtube.com/watch?v=wXrlbvOigPM	\N	\N	0
592	\N	1	Moved Link to variation	https://www.hybridcalisthenics.com/wall-pushups	\N	\N	0
1142	\N	513	Moved Link to variation	https://www.youtube.com/watch?v=HtHxnWmMgzM	\N	\N	0
1015	\N	422	Moved Link to variation	https://www.youtube.com/watch?v=J4j3AOVWuHE	\N	\N	0
595	\N	193	Moved Link to variation	https://www.youtube.com/watch?v=X-gv0Ygb3yI	\N	\N	0
596	\N	192	Moved Link to variation	https://www.youtube.com/watch?v=b8RNli1Bjl4	\N	\N	0
597	\N	191	Moved Link to variation	https://www.youtube.com/watch?v=lGdDcn5mavs	\N	\N	0
598	\N	190	Moved Link to variation	https://www.youtube.com/watch?v=C6At19Q9i2Q	\N	\N	0
599	\N	147	Moved Link to variation	https://www.youtube.com/watch?v=2ZB5hDEHHGE	\N	\N	0
601	\N	12	Moved Link to variation	https://www.hybridcalisthenics.com/knee-raises	\N	\N	0
1461	\N	704	Moved Link to variation	https://www.youtube.com/watch?v=R4aX4A1sW2w	\N	\N	0
605	\N	75	Moved Link to variation	https://www.youtube.com/watch?v=z6PJMT2y8GQ	\N	\N	0
606	\N	76	Moved Link to variation	https://www.youtube.com/watch?v=lVZi-AwxLPo	\N	\N	0
609	\N	30	Moved Link to variation	https://www.hybridcalisthenics.com/assisted-oneleg-squats	\N	\N	0
610	\N	28	Moved Link to variation	https://www.hybridcalisthenics.com/front-staggered-squats	\N	\N	0
1462	\N	703	Moved Link to variation	https://www.youtube.com/watch?v=4ye2_HMmNbs	\N	\N	0
615	\N	151	Moved Link to variation	https://www.youtube.com/watch?v=LgaYt4Hi6-g	\N	\N	0
616	\N	148	Moved Link to variation	https://www.youtube.com/watch?v=-Dw9Es42eLM	\N	\N	0
617	\N	149	Moved Link to variation	https://www.youtube.com/watch?v=fTDkzk5GcEY	\N	\N	0
1540	\N	749	Moved Link to variation	https://www.youtube.com/watch?v=wth8lYoyujU	\N	\N	0
622	\N	194	Moved Link to variation	https://www.youtube.com/watch?v=jCCs8m09cCk	\N	\N	0
625	\N	27	Moved Link to variation	https://www.hybridcalisthenics.com/side-staggered-squats	\N	\N	0
626	\N	2	Moved Link to variation	https://www.hybridcalisthenics.com/incline-pushups	\N	\N	0
628	\N	4	Moved Link to variation	https://www.hybridcalisthenics.com/knee-pushups	\N	\N	0
1522	\N	739	Moved Link to variation	https://www.youtube.com/watch?v=7U4aWnHX3ck	\N	\N	0
630	\N	6	Moved Link to variation	https://www.hybridcalisthenics.com/narrow-pushups	\N	\N	0
631	\N	7	Moved Link to variation	https://www.hybridcalisthenics.com/side-staggered-pushups	\N	\N	0
632	\N	8	Moved Link to variation	https://www.hybridcalisthenics.com/archer-pushups	\N	\N	0
633	\N	9	Moved Link to variation	https://www.hybridcalisthenics.com/sliding-onearm-pushups	\N	\N	0
1529	\N	746	Moved Link to variation	https://www.youtube.com/watch?v=y3ndxjVhlko	\N	\N	0
637	\N	261	Moved Link to variation	https://www.youtube.com/watch?v=-9toG6869YY	\N	\N	0
1740	\N	898	\N	https://www.youtube.com/watch?v=a9NpF5eVjgY	\N	\N	3
1818	\N	966	Moved Link to variation	https://www.youtube.com/watch?v=PmdYXmCq62I	\N	\N	0
1832	\N	980	Moved Link to variation	https://www.youtube.com/watch?v=rSw_mW3QWcw	\N	\N	0
1708	\N	878	Moved Link to variation	https://www.youtube.com/watch?v=j423eDJ5mQg	\N	\N	0
638	\N	262	Moved Link to variation	https://www.youtube.com/watch?v=2MtAmceBB98	\N	\N	0
1551	\N	758	Moved Link to variation	https://www.youtube.com/watch?v=1VYlOKUdylM	\N	\N	0
1555	\N	759	Moved Link to variation	https://www.youtube.com/watch?v=-qbPrlf1oxE	\N	\N	0
1559	\N	763	Moved Link to variation	https://www.youtube.com/watch?v=MZsbHYDve0Q	\N	\N	0
1563	\N	768	Moved Link to variation	https://www.youtube.com/watch?v=6HYNo1YQsUk	\N	\N	0
1567	\N	772	Moved Link to variation	https://www.youtube.com/watch?v=GiD1HhdbXjs	\N	\N	0
1570	\N	775	Moved Link to variation	https://www.youtube.com/watch?v=eM07lqCSuDk	\N	\N	0
702	\N	249	Moved Link to variation	https://www.youtube.com/watch?v=qeJ3Si5r5y0	\N	\N	0
918	\N	357	Moved Link to variation	https://www.youtube.com/watch?v=BFtt4tqD4sU	\N	\N	0
711	\N	46	Moved Link to variation	https://www.hybridcalisthenics.com/incline-bridges	\N	\N	0
712	\N	47	Moved Link to variation	https://www.hybridcalisthenics.com/head-bridges	\N	\N	0
713	\N	48	Moved Link to variation	https://www.hybridcalisthenics.com/full-bridges	\N	\N	0
714	\N	49	Moved Link to variation	https://www.hybridcalisthenics.com/bridges	\N	\N	0
715	\N	50	Moved Link to variation	https://www.hybridcalisthenics.com/tap-bridges	\N	\N	0
716	\N	51	Moved Link to variation	https://www.hybridcalisthenics.com/wallwalking-bridges	\N	\N	0
717	\N	52	Moved Link to variation	https://www.hybridcalisthenics.com/standtostand-bridges	\N	\N	0
718	\N	53	Moved Link to variation	https://www.hybridcalisthenics.com/straight-leg-twists	\N	\N	0
719	\N	54	Moved Link to variation	https://www.hybridcalisthenics.com/bent-leg-twists	\N	\N	0
720	\N	55	Moved Link to variation	https://www.hybridcalisthenics.com/full-twists	\N	\N	0
722	\N	61	Moved Link to variation	https://www.hybridcalisthenics.com/full-elbow-lever	\N	\N	0
723	\N	63	Moved Link to variation	https://www.youtube.com/watch?v=PBHUfBzxczU	\N	\N	0
725	\N	65	Moved Link to variation	https://www.youtube.com/watch?v=i7zIMuHRDjM	\N	\N	0
731	\N	78	Moved Link to variation	https://www.youtube.com/watch?v=DfjpR6dzLVg	\N	\N	0
734	\N	81	Moved Link to variation	https://www.youtube.com/watch?v=Jvj2wV0vOYU	\N	\N	0
700	\N	247	Moved Link to variation	https://www.youtube.com/watch?v=L8fvypPrzzs	\N	\N	0
738	\N	85	Moved Link to variation	https://www.youtube.com/watch?v=nMp3MlTz9fA	\N	\N	0
739	\N	86	Moved Link to variation	https://www.youtube.com/watch?v=ayQoxw8sRTk	\N	\N	0
685	\N	205	Moved Link to variation	https://www.youtube.com/watch?v=0UIS7TDHMQU	\N	\N	0
741	\N	89	Moved Link to variation	https://www.youtube.com/watch?v=kLh-uczlPLg	\N	\N	0
1375	\N	442	Moved Link to variation	https://www.youtube.com/watch?v=DOwKwxjGvbM	\N	\N	0
940	\N	376	Moved Link to variation	https://www.youtube.com/watch?v=I-eY06IDLmM	\N	\N	0
1378	\N	639	Moved Link to variation	https://www.youtube.com/watch?v=lklYw2IJWig	\N	\N	0
1383	\N	643	Moved Link to variation	https://www.youtube.com/watch?v=Adp4EV4OaDM	\N	\N	0
1054	\N	452	Moved Link to variation	https://www.youtube.com/watch?v=i3sWGOZ0-DQ	\N	\N	0
703	\N	250	Moved Link to variation	https://www.youtube.com/watch?v=vvZHaPGOIWU	\N	\N	0
1388	\N	646	Moved Link to variation	https://www.youtube.com/watch?v=rYtV-hNCvFA	\N	\N	0
1124	\N	504	Moved Link to variation	https://www.youtube.com/watch?v=cIqzwOUilR4	\N	\N	0
902	\N	172	Moved Link to variation	https://www.youtube.com/watch?v=wkD8rjkodUI	\N	\N	0
1403	\N	656	Moved Link to variation	https://www.youtube.com/watch?v=bxO4MK8YDWE	\N	\N	0
749	\N	97	Moved Link to variation	https://www.youtube.com/watch?v=6Qz_t5X6j48	\N	\N	0
808	\N	154	Moved Link to variation	https://www.youtube.com/watch?v=Ick1_EOA5cQ	\N	\N	0
564	\N	321	Moved Link to variation	https://www.youtube.com/watch?v=kjlfpqXnyL8	\N	\N	0
920	\N	359	Moved Link to variation	https://www.youtube.com/watch?v=O8bgSmN_r0Y	\N	\N	0
1547	\N	755	Moved Link to variation	https://www.youtube.com/watch?v=gj-QWNeCIng	\N	\N	0
1376	\N	637	Moved Link to variation	https://www.youtube.com/watch?v=LTlV-HA6Qt0	\N	\N	0
1556	\N	760	Moved Link to variation	https://www.youtube.com/watch?v=CPbp3o6jD7s	\N	\N	0
1560	\N	764	Moved Link to variation	https://www.youtube.com/watch?v=zaongQlYTto	\N	\N	0
825	\N	265	Moved Link to variation	https://www.youtube.com/watch?v=91s-u0HnRQo	\N	\N	0
1564	\N	769	Moved Link to variation	https://www.youtube.com/watch?v=UjHTOW9x3WM	\N	\N	0
833	\N	273	Moved Link to variation	https://www.youtube.com/watch?v=aOpoqD15TLQ	\N	\N	0
803	\N	116	Moved Link to variation	https://www.youtube.com/watch?v=2C-uNgKwPLE	\N	\N	0
761	\N	113	Moved Link to variation	https://www.youtube.com/watch?v=gwWv7aPcD88	\N	\N	0
1055	\N	453	Moved Link to variation	https://www.youtube.com/watch?v=gEvCKTpIh88	\N	\N	0
1097	\N	486	Moved Link to variation	https://www.youtube.com/watch?v=3YcYZvnAYz4	\N	\N	0
826	\N	266	Moved Link to variation	https://www.youtube.com/watch?v=ZZkgopVBPMg	\N	\N	0
1379	\N	640	Moved Link to variation	https://www.youtube.com/watch?v=hrw6dIlLu0Y	\N	\N	0
802	\N	157	Moved Link to variation	https://www.youtube.com/watch?v=xst2FFsIa74	\N	\N	0
827	\N	267	Moved Link to variation	https://www.youtube.com/watch?v=dur4sgCZ70o	\N	\N	0
1385	\N	644	Moved Link to variation	https://www.youtube.com/watch?v=dB8NDBaQ_Dw	\N	\N	0
1389	\N	647	Moved Link to variation	https://www.youtube.com/watch?v=RR5xJ1mXEV4	\N	\N	0
1404	\N	658	Moved Link to variation	https://www.youtube.com/watch?v=giGl3EpvP68	\N	\N	0
1405	\N	657	Moved Link to variation	https://www.youtube.com/watch?v=Z64GBfDWtgI	\N	\N	0
1415	\N	668	Moved Link to variation	https://www.youtube.com/watch?v=Btd_dHxL9EQ	\N	\N	0
840	\N	276	Moved Link to variation	https://www.youtube.com/watch?v=NOb7EW_q_yg	\N	\N	0
846	\N	284	Moved Link to variation	https://www.youtube.com/watch?v=W5KVx0ZbB_4	\N	\N	0
847	\N	285	Moved Link to variation	https://www.youtube.com/watch?v=LGLIyrfTiUc	\N	\N	0
1247	\N	580	Moved Link to variation	https://www.youtube.com/watch?v=NXr4Fw8q60o	\N	\N	0
1394	\N	651	\N	https://www.youtube.com/watch?v=DGavj41F_Cs	\N	\N	3
1393	\N	651	\N	https://www.youtube.com/watch?v=1uDiW5--rAE	\N	\N	4
1819	\N	967	Moved Link to variation	https://www.youtube.com/watch?v=Swd5k8p3GO4	\N	\N	0
1833	\N	973	Moved Link to variation	https://www.youtube.com/watch?v=ILSbK8RnGdI	\N	Bands	0
600	\N	324	Moved Link to variation	https://www.youtube.com/watch?v=0od5lwWMGV8	\N	\N	0
1118	\N	497	Moved Link to variation	\N	\N	\N	0
1320	\N	620	Moved Link to variation	https://www.youtube.com/watch?v=Utyi88eO5V8	\N	\N	0
909	\N	346	Moved Link to variation	https://www.youtube.com/watch?v=QVEINjrYUPU	\N	\N	0
924	\N	363	Moved Link to variation	https://www.youtube.com/watch?v=tEZhXr0FuAQ	\N	\N	0
926	\N	365	Moved Link to variation	https://www.youtube.com/watch?v=KK6wgg4zs-w	\N	\N	0
1407	\N	660	Moved Link to variation	https://www.youtube.com/watch?v=KOV5iN86EwM	\N	\N	0
941	\N	379	Moved Link to variation	https://www.youtube.com/watch?v=dnp3a0EQo4o	\N	\N	0
1430	\N	682	Moved Link to variation	https://www.youtube.com/watch?v=dC2AlqiDXM8	\N	\N	0
1326	\N	623	Moved Link to variation	https://www.youtube.com/watch?v=YvLneRU9BlA	\N	\N	0
1260	\N	589	Moved Link to variation	\N	\N	\N	0
1271	\N	593	Moved Link to variation	https://www.youtube.com/watch?v=ZrpRBgswtHs	\N	\N	0
953	\N	390	Moved Link to variation	https://www.youtube.com/watch?v=1JZRHWq4rco	\N	\N	0
974	\N	406	Moved Link to variation	https://www.youtube.com/watch?v=S6gB0QHbWFE	\N	\N	0
1470	\N	709	Moved Link to variation	https://www.youtube.com/watch?v=l_U2uoePtS4	\N	\N	0
1468	\N	708	Moved Link to variation	https://www.youtube.com/watch?v=Zr-PtqcpeWM	\N	\N	0
1491	\N	722	Moved Link to variation	https://www.youtube.com/watch?v=erZnw1J38z4	\N	\N	0
1057	\N	455	Moved Link to variation	https://www.youtube.com/watch?v=kH8umBSULc4	\N	\N	0
1067	\N	464	Moved Link to variation	https://www.youtube.com/watch?v=OIVuHfS9okw&list=PLkeoBd4A272PvOD-KSdr_uELkF6kvvL8G&index=27	\N	\N	0
1100	\N	488	Moved Link to variation	https://www.youtube.com/watch?v=O3LqMc-0D8g	\N	\N	0
1101	\N	487	Moved Link to variation	https://www.youtube.com/watch?v=O3LqMc-0D8g	\N	\N	0
1510	\N	733	Moved Link to variation	https://www.youtube.com/watch?v=7Tgb8wVzbcY	\N	\N	0
1170	\N	526	Moved Link to variation	https://www.youtube.com/watch?v=A8v2tShgkDY	\N	\N	0
1176	\N	532	Moved Link to variation	https://www.youtube.com/watch?v=ZnsLpLhywgk	\N	\N	0
1182	\N	538	Moved Link to variation	https://www.youtube.com/watch?v=ANVdMDaYRts	\N	\N	0
1235	\N	574	Moved Link to variation	https://www.youtube.com/watch?v=C44fjSS7X5k	\N	\N	0
1249	\N	581	Moved Link to variation	https://www.youtube.com/watch?v=Dlazt593cuA	\N	\N	0
1292	\N	604	Moved Link to variation	https://www.youtube.com/watch?v=v3r_gJMI-Z0	\N	\N	0
1253	\N	586	Moved Link to variation	\N	\N	\N	0
1305	\N	610	Moved Link to variation	https://www.youtube.com/watch?v=NIJw1vKLjbs	\N	\N	0
1353	\N	631	Moved Link to variation	https://www.youtube.com/watch?v=gmLS4RllgoQ	\N	\N	0
1354	\N	632	Moved Link to variation	https://www.youtube.com/watch?v=s888DrdU_Gw	\N	\N	0
1355	\N	573	Moved Link to variation	\N	\N	\N	0
885	\N	337	Moved Link to variation	https://www.youtube.com/watch?v=dhDjKmTX8tU	\N	\N	0
1127	\N	505	Moved Link to variation	https://www.youtube.com/watch?v=3STTSi_jdHk	\N	\N	0
129	\N	113	\N	https://www.youtube.com/watch?v=MqmaVyaAFRI	\N	\N	3
1049	\N	445	Moved Link to variation	https://www.youtube.com/watch?v=01eRDsnJWb0	\N	\N	0
1058	\N	456	Moved Link to variation	https://www.youtube.com/watch?v=7eLkwnCjV-8	\N	\N	0
886	\N	334	Moved Link to variation	https://www.youtube.com/watch?v=y4gHJ8OjxTg	\N	\N	0
1068	\N	465	Moved Link to variation	https://www.youtube.com/watch?v=SKKxhCgQ7hM&list=PLkeoBd4A272PvOD-KSdr_uELkF6kvvL8G&index=21	\N	\N	0
1084	\N	476	Moved Link to variation	https://www.youtube.com/watch?v=xID-LStu1pE	\N	\N	0
1119	\N	499	Moved Link to variation	https://www.youtube.com/watch?v=Up3gRj8-sAA	\N	\N	0
1147	\N	517	Moved Link to variation	https://www.youtube.com/watch?v=wvcwMMnVgRs	\N	\N	0
1177	\N	533	Moved Link to variation	https://www.youtube.com/watch?v=kM-fTtwC5eM	\N	\N	0
1183	\N	539	Moved Link to variation	https://www.youtube.com/watch?v=V8z8A2WwNnA	\N	\N	0
1059	\N	457	Moved Link to variation	https://www.youtube.com/watch?v=-xy_q9vkVEY	\N	\N	0
1409	\N	662	Moved Link to variation	https://www.youtube.com/watch?v=KT3AF9Hlu7I	\N	\N	0
1450	\N	697	Moved Link to variation	https://www.youtube.com/watch?v=ostWPCp9-So	\N	\N	0
1451	\N	698	Moved Link to variation	https://www.youtube.com/watch?v=ostWPCp9-So	\N	\N	0
1472	\N	710	Moved Link to variation	https://www.youtube.com/watch?v=8lDhhrj-odk	\N	\N	0
1104	\N	490	Moved Link to variation	https://www.youtube.com/watch?v=ta0OUynqEfw	\N	\N	0
969	\N	400	Moved Link to variation	https://www.youtube.com/watch?v=lQPppTK7mFc	\N	\N	0
1120	\N	500	Moved Link to variation	https://www.youtube.com/watch?v=OVAIQ23we-8	\N	\N	0
913	\N	350	Moved Link to variation	https://www.youtube.com/watch?v=ydqL6Tiq9yg	\N	\N	0
931	\N	370	Moved Link to variation	https://www.youtube.com/watch?v=WtjHq0HLkaM	\N	\N	0
946	\N	382	Moved Link to variation	https://www.youtube.com/watch?v=o8gAyDUh2bs	\N	\N	0
1527	\N	744	Moved Link to variation	https://www.youtube.com/watch?v=Bf-MwacfkKA	\N	\N	0
1533	\N	748	Moved Link to variation	https://www.youtube.com/watch?v=j-w-eS2i2cE	\N	\N	0
1550	\N	757	Moved Link to variation	https://www.youtube.com/watch?v=m1b-m6KlC0U	\N	\N	0
1558	\N	762	Moved Link to variation	https://www.youtube.com/watch?v=VXFCeFP2Qrg	\N	\N	0
1562	\N	767	Moved Link to variation	https://www.youtube.com/watch?v=805EgEKRpMw	\N	\N	0
1566	\N	771	Moved Link to variation	https://www.youtube.com/watch?v=ASNK54226ts	\N	\N	0
1569	\N	774	Moved Link to variation	https://www.youtube.com/watch?v=3Xc0YFltRWs	\N	\N	0
1036	\N	440	Moved Link to variation	https://www.youtube.com/watch?v=MucVn2mIOk4	\N	\N	0
1038	\N	438	Moved Link to variation	https://www.youtube.com/watch?v=4mYWMaXWKqs	\N	\N	0
1039	\N	437	Moved Link to variation	https://www.youtube.com/watch?v=fqY8pIsQSCM	\N	\N	0
1131	\N	508	Moved Link to variation	https://www.youtube.com/watch?v=GR0qTpkLXRQ	\N	\N	0
1050	\N	446	Moved Link to variation	https://www.youtube.com/watch?v=WDMqBwXsGVQ	\N	\N	0
1086	\N	478	Moved Link to variation	https://www.youtube.com/watch?v=MfumpO_3NYI	\N	\N	0
1132	\N	507	Moved Link to variation	https://www.youtube.com/watch?v=GR0qTpkLXRQ	\N	\N	0
1150	\N	516	Moved Link to variation	https://www.youtube.com/watch?v=2Hq3ieGH-_0	\N	\N	0
1165	\N	524	Moved Link to variation	https://www.youtube.com/watch?v=7SgC-yJn_c0	\N	\N	0
1172	\N	528	Moved Link to variation	https://www.youtube.com/watch?v=VpuoE246W1Y	\N	\N	0
1178	\N	534	Moved Link to variation	https://www.youtube.com/watch?v=AodPPKsKNH4	\N	\N	0
1184	\N	540	Moved Link to variation	https://www.youtube.com/watch?v=hhWVyxhTfNs	\N	\N	0
852	\N	289	Moved Link to variation	https://www.youtube.com/watch?v=8vtA2nnxoEI	\N	\N	0
854	\N	291	Moved Link to variation	https://www.youtube.com/watch?v=Vf22xvQMCmc	\N	\N	0
856	\N	293	Moved Link to variation	https://www.youtube.com/watch?v=JDcdhTuycOI	\N	\N	0
1237	\N	575	Moved Link to variation	https://www.youtube.com/watch?v=wiFNA3sqjCA	\N	\N	0
878	\N	330	Moved Link to variation	https://www.youtube.com/watch?v=Jxr9WTaeswQ	\N	\N	0
879	\N	329	Moved Link to variation	https://www.youtube.com/watch?v=xxxT7BFWArI	\N	\N	0
1399	\N	653	Moved Link to variation	https://www.youtube.com/watch?v=I5YbtdqK6g0	\N	\N	0
1410	\N	663	Moved Link to variation	https://www.youtube.com/watch?v=gqoPYLUgP48	\N	\N	0
914	\N	353	Moved Link to variation	https://www.youtube.com/watch?v=1UU4VvklQ44	\N	\N	0
936	\N	373	Moved Link to variation	https://www.youtube.com/watch?v=saYKvqSscuY	\N	\N	0
947	\N	385	Moved Link to variation	https://www.youtube.com/watch?v=Fr5kiIygm0c	\N	\N	0
1315	\N	616	Moved Link to variation	https://www.youtube.com/watch?v=omcxYSiUg5M	\N	\N	0
961	\N	396	Moved Link to variation	https://www.youtube.com/watch?v=nDYT0zUlC2w	\N	\N	0
962	\N	395	Moved Link to variation	https://www.youtube.com/watch?v=L9bdozB8MFw	\N	\N	0
971	\N	401	Moved Link to variation	https://www.youtube.com/watch?v=NytDpa2r34g	\N	\N	0
705	\N	253	Moved Link to variation	https://www.youtube.com/watch?v=RbXfgmqorAQ	\N	\N	0
1051	\N	449	Moved Link to variation	https://www.youtube.com/watch?v=9jwynr7-yV0	\N	\N	0
1060	\N	458	Moved Link to variation	https://www.youtube.com/watch?v=gT4A4DyDEgw	\N	\N	0
1153	\N	518	Moved Link to variation	https://www.youtube.com/watch?v=8kr91qSn3OM	\N	\N	0
1121	\N	501	Moved Link to variation	https://www.youtube.com/watch?v=Gv0rFtj-XjI	\N	\N	0
1133	\N	509	Moved Link to variation	https://www.youtube.com/watch?v=9_jLW6VkU8A	\N	\N	0
1168	\N	523	Moved Link to variation	https://www.youtube.com/watch?v=Xa_3nfDlRCs	\N	\N	0
1173	\N	529	Moved Link to variation	https://www.youtube.com/watch?v=BDA3DERQKFk	\N	\N	0
1179	\N	535	Moved Link to variation	https://www.youtube.com/watch?v=CtFKxJxLCCY	\N	\N	0
1185	\N	541	Moved Link to variation	https://www.youtube.com/watch?v=3nb5-Ff6PtM	\N	\N	0
1232	\N	567	Moved Link to variation	https://www.youtube.com/watch?v=0wDEO6shVjc	\N	\N	0
1250	\N	582	Moved Link to variation	https://www.youtube.com/watch?v=EL4WX_ulKrc	\N	\N	0
1255	\N	587	Moved Link to variation	https://www.youtube.com/watch?v=t2BmBSmcjco	\N	\N	0
1273	\N	594	Moved Link to variation	https://www.youtube.com/watch?v=VUiFlZ2FsKA	\N	\N	0
1308	\N	612	Moved Link to variation	https://www.youtube.com/watch?v=0wzrgyAurT8	\N	\N	0
896	\N	339	Moved Link to variation	https://www.youtube.com/watch?v=DPvZP6Sv2nc	\N	\N	0
1070	\N	467	Moved Link to variation	https://www.youtube.com/watch?v=IBWToThYZgo	\N	\N	0
1267	\N	591	Moved Link to variation	\N	\N	\N	0
1022	\N	428	Moved Link to variation	https://www.youtube.com/watch?v=0495rbXZMQg	\N	\N	0
1421	\N	674	Moved Link to variation	https://www.youtube.com/watch?v=wtiM2Q9fDZo	\N	\N	0
1367	\N	633	Moved Link to variation	https://www.youtube.com/watch?v=NpmS6Fx1WLo	\N	\N	0
558	\N	307	Moved Link to variation	https://www.youtube.com/watch?v=ci4rsmlOk24	\N	\N	0
1240	\N	576	Moved Link to variation	https://www.youtube.com/watch?v=4xRpGgttca8	\N	\N	0
556	\N	319	Moved Link to variation	https://www.youtube.com/watch?v=7drWD3TZFQI	\N	\N	0
985	\N	407	Moved Link to variation	https://www.youtube.com/watch?v=RUjjKrORHpI	\N	\N	0
574	\N	317	Moved Link to variation	https://www.hybridcalisthenics.com/full-squats	\N	\N	0
1473	\N	714	Moved Link to variation	https://www.youtube.com/watch?v=hEykoofS5vk	\N	\N	0
570	\N	308	Moved Link to variation	https://www.youtube.com/watch?v=VB8doGLjRD8	\N	\N	0
1061	\N	459	Moved Link to variation	https://www.youtube.com/watch?v=wklI-e2WpFQ	\N	\N	0
1090	\N	480	Moved Link to variation	https://www.youtube.com/watch?v=tkPiBbsz1Yg	\N	\N	0
1475	\N	712	Moved Link to variation	https://www.youtube.com/watch?v=sHvur2PUEvg	\N	\N	0
1122	\N	502	Moved Link to variation	https://www.youtube.com/watch?v=U4s4mEQ5VqU	\N	\N	0
1134	\N	510	Moved Link to variation	https://www.youtube.com/watch?v=PZPSz905Ovk	\N	\N	0
1141	\N	512	Moved Link to variation	https://www.youtube.com/watch?v=4xweyzS7Rno	\N	\N	0
1476	\N	711	Moved Link to variation	https://www.youtube.com/watch?v=LLd8ojz2-o4	\N	\N	0
1169	\N	525	Moved Link to variation	https://www.youtube.com/watch?v=uEc5hrgIYx4	\N	\N	0
1174	\N	530	Moved Link to variation	https://www.youtube.com/watch?v=Qz33w9-EZws	\N	\N	0
1180	\N	536	Moved Link to variation	https://www.youtube.com/watch?v=RSMWpaY_iaQ	\N	\N	0
1474	\N	713	Moved Link to variation	https://www.youtube.com/watch?v=iUNc_M2VvIU	\N	\N	0
1227	\N	562	Moved Link to variation	https://www.youtube.com/watch?v=x2K8uH7dcqg	\N	\N	0
1520	\N	737	Moved Link to variation	https://www.youtube.com/watch?v=-SvV1cPts6s	\N	\N	0
1521	\N	738	Moved Link to variation	https://www.youtube.com/watch?v=b5O0a01lMfg	\N	\N	0
1251	\N	584	Moved Link to variation	https://www.youtube.com/watch?v=KRHexHq1PsQ	\N	\N	0
641	\N	14	Moved Link to variation	https://www.hybridcalisthenics.com/alternating-leg-raises	\N	\N	0
642	\N	15	Moved Link to variation	https://www.hybridcalisthenics.com/full-leg-raises	\N	\N	0
643	\N	16	Moved Link to variation	https://www.hybridcalisthenics.com/tuck-plow-raises	\N	\N	0
644	\N	17	Moved Link to variation	https://www.hybridcalisthenics.com/plow-raises	\N	\N	0
650	\N	31	Moved Link to variation	https://www.hybridcalisthenics.com/oneleg-squats	\N	\N	0
651	\N	125	Moved Link to variation	https://www.youtube.com/watch?v=SKPab2YC8BE	\N	\N	0
652	\N	23	Moved Link to variation	https://www.hybridcalisthenics.com/assisted-squats	\N	\N	0
653	\N	24	Moved Link to variation	https://www.hybridcalisthenics.com/half-squats	\N	\N	0
1544	\N	753	Moved Link to variation	https://www.youtube.com/watch?v=IuwhGXTc2f0	\N	\N	0
634	\N	10	Moved Link to variation	https://www.hybridcalisthenics.com/onearm-pushups	\N	\N	0
659	\N	233	Moved Link to variation	https://www.youtube.com/watch?v=rr6eFNNDQdU	\N	\N	0
660	\N	33	Moved Link to variation	https://www.hybridcalisthenics.com/wall-pullups	\N	\N	0
1053	\N	451	Moved Link to variation	https://www.youtube.com/watch?v=84Xh1PoQvlA	\N	\N	0
1062	\N	460	Moved Link to variation	https://www.youtube.com/watch?v=K3T7mTy2ZJ4	\N	\N	0
1123	\N	503	Moved Link to variation	https://www.youtube.com/watch?v=OyDRyX8ltvc	\N	\N	0
608	\N	29	Moved Link to variation	https://www.hybridcalisthenics.com/one-leg-chair-squats	\N	\N	0
1413	\N	666	Moved Link to variation	https://www.youtube.com/watch?v=b6k1BQvcKIE	\N	\N	0
1423	\N	676	Moved Link to variation	https://www.youtube.com/watch?v=OI9GqVuhaO0	\N	\N	0
1441	\N	689	Moved Link to variation	https://www.youtube.com/watch?v=4UkmlkOA4I0	\N	\N	0
1095	\N	484	Moved Link to variation	https://www.youtube.com/watch?v=nczH_7m1TnI	\N	\N	0
1479	\N	716	Moved Link to variation	https://www.youtube.com/watch?v=efKorH8yzn4	\N	\N	0
677	\N	26	Moved Link to variation	https://www.hybridcalisthenics.com/narrow-squats	\N	\N	0
1506	\N	729	Moved Link to variation	https://www.youtube.com/watch?v=A7HH8DivGB0	\N	\N	0
687	\N	207	Moved Link to variation	https://www.youtube.com/watch?v=9FGilxCbdz8	\N	\N	0
194	\N	226	You can do this on the floor.	\N	\N	\N	32768
1414	\N	667	Moved Link to variation	https://www.youtube.com/watch?v=JOLHu9rI2vY	\N	\N	0
751	\N	106	Moved Link to variation	https://www.youtube.com/watch?v=B296mZDhrP4	\N	\N	0
752	\N	107	Moved Link to variation	https://www.youtube.com/watch?v=pSHjTRCQxIw	\N	\N	0
1424	\N	677	Moved Link to variation	https://www.youtube.com/watch?v=U2oimBogB4k	\N	\N	0
1425	\N	678	Moved Link to variation	https://www.youtube.com/watch?v=1o7awuDGzag	\N	\N	0
1442	\N	690	Moved Link to variation	https://www.youtube.com/watch?v=ly5DZSbXH2s	\N	\N	0
758	\N	110	Moved Link to variation	https://www.youtube.com/watch?v=krrxMqVQPCU	\N	\N	0
1464	\N	706	Moved Link to variation	https://www.youtube.com/watch?v=LvW1tOPwTBM	\N	\N	0
768	\N	119	Moved Link to variation	https://www.youtube.com/watch?v=HJpcvnQrPY4	\N	\N	0
770	\N	93	Moved Link to variation	https://www.youtube.com/watch?v=auBLPXO8Fww	\N	\N	0
1499	\N	726	Moved Link to variation	https://www.youtube.com/watch?v=Yzz7LnCY8Pc	\N	\N	0
1507	\N	730	Moved Link to variation	https://www.youtube.com/watch?v=V1YjtN8gLJs	\N	\N	0
1524	\N	681	Moved Link to variation	https://www.youtube.com/watch?v=XI_WUHS2ooo	\N	\N	0
779	\N	144	Moved Link to variation	https://www.youtube.com/watch?v=BlCbtK9NFRs	\N	\N	0
797	\N	152	Moved Link to variation	https://www.youtube.com/watch?v=BBUEzjlwM1o	\N	\N	0
781	\N	146	Moved Link to variation	https://www.youtube.com/watch?v=R1Y_E10zfYA	\N	\N	0
784	\N	72	Moved Link to variation	https://www.youtube.com/watch?v=_NNnowkcIqU	\N	\N	0
786	\N	160	Moved Link to variation	https://www.youtube.com/watch?v=ZNAxdJ6Bt00	\N	\N	0
787	\N	161	Moved Link to variation	https://www.youtube.com/watch?v=uUEKLhpJd1Q	\N	\N	0
791	\N	170	Moved Link to variation	https://www.youtube.com/watch?v=ZE6loKl2tww	\N	\N	0
796	\N	150	Moved Link to variation	https://www.youtube.com/watch?v=RWk6Sz4St4E	\N	\N	0
798	\N	184	Moved Link to variation	https://www.youtube.com/watch?v=OgkpItr9DOY	\N	\N	0
799	\N	156	Moved Link to variation	https://www.youtube.com/watch?v=E4iuGtYV_KU	\N	\N	0
800	\N	126	Moved Link to variation	https://www.youtube.com/watch?v=Ev7_iSi8hS4	\N	\N	0
801	\N	127	Moved Link to variation	https://www.youtube.com/watch?v=g7nVDNHc0e0	\N	\N	0
806	\N	98	Moved Link to variation	https://www.youtube.com/watch?v=-cdph8hv0O0	\N	\N	0
807	\N	158	Moved Link to variation	https://www.youtube.com/watch?v=8922-DbpYIU	\N	\N	0
782	\N	182	Moved Link to variation	\N	\N	\N	0
157	\N	196	\N	\N	\N	\N	32768
1467	\N	436	\N	https://www.youtube.com/watch?v=jdLV7JuTCOY	\N	\N	64
860	\N	297	Moved Link to variation	https://www.youtube.com/watch?v=vtuxuqexjmI	\N	\N	0
863	\N	301	Moved Link to variation	https://www.youtube.com/watch?v=z4J188sFD4g	\N	\N	0
867	\N	283	Moved Link to variation	https://www.youtube.com/watch?v=lD9ZDwlHmmE	\N	\N	0
1500	\N	701	Moved Link to variation	https://www.youtube.com/watch?v=IAvAmciUoC4	\N	\N	0
1516	\N	736	Moved Link to variation	https://www.youtube.com/watch?v=b66GQ4-O8_8	\N	\N	0
1525	\N	680	Moved Link to variation	https://www.youtube.com/watch?v=a-KqiYR7CZc	\N	\N	0
841	\N	277	Moved Link to variation	https://www.youtube.com/watch?v=tNVNSpA_Xkg	\N	\N	0
905	\N	343	Moved Link to variation	https://www.youtube.com/watch?v=sPwjvGIbGHQ	\N	\N	0
855	\N	292	Moved Link to variation	https://www.youtube.com/watch?v=UU7wrD2T1kc	\N	\N	0
1443	\N	691	Moved Link to variation	https://www.youtube.com/watch?v=tbh0qyLJRaI	\N	\N	0
1047	\N	443	Moved Link to variation	https://www.youtube.com/watch?v=wiFNA3sqjCA	\N	\N	0
1056	\N	454	Moved Link to variation	https://www.youtube.com/watch?v=iHjaVJih6ak	\N	\N	0
1144	\N	514	Moved Link to variation	https://www.youtube.com/watch?v=Z1hBVYb3Gi0	\N	\N	0
1175	\N	531	Moved Link to variation	https://www.youtube.com/watch?v=N1XZj7xs-kI	\N	\N	0
1181	\N	537	Moved Link to variation	https://www.youtube.com/watch?v=4JuKZA2jT6Y	\N	\N	0
922	\N	361	Moved Link to variation	https://www.youtube.com/watch?v=S7OsUg7sV5M	\N	\N	0
1241	\N	577	Moved Link to variation	https://www.youtube.com/watch?v=Edw8Ur8DNiU	\N	\N	0
1189	\N	544	Moved Link to variation	https://www.youtube.com/watch?v=pNismoYr1Fg	\N	\N	0
1252	\N	585	Moved Link to variation	https://www.youtube.com/watch?v=oyXoWU8j310	\N	\N	0
1406	\N	659	Moved Link to variation	https://www.youtube.com/watch?v=t4Zz6-aG8Iw	\N	\N	0
1361	\N	570	Moved Link to variation	https://www.youtube.com/watch?v=4i53Hkh1rdY	\N	\N	0
1362	\N	571	Moved Link to variation	https://www.youtube.com/watch?v=74cvWvL_Jv0	\N	\N	0
1102	\N	489	Moved Link to variation	https://www.youtube.com/watch?v=rDqYtzYE-n8	\N	\N	0
1371	\N	183	Moved Link to variation	https://www.youtube.com/watch?v=m-GMCHG3YlU	\N	\N	0
612	\N	328	Moved Link to variation	https://www.youtube.com/watch?v=hlth_Of9LEc	\N	\N	0
1377	\N	638	Moved Link to variation	https://www.youtube.com/watch?v=LCLfv60R9XA	\N	\N	0
1380	\N	642	Moved Link to variation	https://www.youtube.com/watch?v=3vV1abRARmI	\N	\N	0
1387	\N	645	Moved Link to variation	https://www.youtube.com/watch?v=LdePxGTLLUQ	\N	\N	0
1391	\N	649	Moved Link to variation	https://www.youtube.com/watch?v=yxcJvVvyi1o	\N	\N	0
1490	\N	721	Moved Link to variation	https://www.youtube.com/watch?v=tVEt10lp7HI	\N	\N	0
1501	\N	399	Moved Link to variation	https://www.youtube.com/watch?v=8h0tSMxLNG4	\N	\N	0
1509	\N	732	Moved Link to variation	https://www.youtube.com/watch?v=YOeLWvnN6KI	\N	\N	0
1532	\N	747	Moved Link to variation	https://www.youtube.com/watch?v=B-xS8BjJJe0	\N	\N	0
1549	\N	756	Moved Link to variation	https://www.youtube.com/watch?v=hUFE3sZytGo	\N	\N	0
1557	\N	761	Moved Link to variation	https://www.youtube.com/watch?v=NfVX3yUKORA	\N	\N	0
1561	\N	766	Moved Link to variation	https://www.youtube.com/watch?v=Z3xK3trnpfw	\N	\N	0
1565	\N	770	Moved Link to variation	https://www.youtube.com/watch?v=ja2eab4sWlM	\N	\N	0
1568	\N	773	Moved Link to variation	https://www.youtube.com/watch?v=VrenTA2IFjI	\N	\N	0
1576	\N	778	Moved Link to variation	https://www.youtube.com/watch?v=rI_AyQsLUNs	\N	\N	0
1577	\N	779	Moved Link to variation	https://www.youtube.com/watch?v=csErxVR7dpA	\N	\N	0
1579	\N	780	Moved Link to variation	https://www.youtube.com/watch?v=rMEPHwNhQfo	\N	\N	0
1581	\N	781	Moved Link to variation	https://www.youtube.com/watch?v=1jflO_tZg_M	\N	\N	0
1634	\N	815	\N	\N	\N	\N	768
1591	\N	498	\N	https://www.youtube.com/watch?v=W3g6tg_EH-o	\N	\N	3
1582	\N	782	Moved Link to variation	https://www.youtube.com/watch?v=UxofWGGhWTI	\N	\N	0
1583	\N	783	Moved Link to variation	https://www.youtube.com/watch?v=ZW8KJdEYpbs	\N	\N	0
1584	\N	784	Moved Link to variation	https://www.youtube.com/watch?v=CWS240CGV00	\N	\N	0
1585	\N	785	Moved Link to variation	https://www.youtube.com/watch?v=kbdjnPwCCD0	\N	\N	0
1374	\N	636	Moved Link to variation	https://www.youtube.com/watch?v=1MgFup8A_0c	\N	\N	0
1589	\N	789	Moved Link to variation	https://www.youtube.com/watch?v=QY4gCIYbGQk	\N	\N	0
1590	\N	790	Moved Link to variation	https://www.youtube.com/watch?v=lYj6WB3Hyes	\N	\N	0
1637	\N	817	Moved Link to variation	https://www.youtube.com/watch?v=kIdXpbiuv4E	\N	\N	0
1594	\N	788	Moved Link to variation	https://www.youtube.com/watch?v=54q250IUEAc	\N	\N	0
1595	\N	793	Moved Link to variation	https://www.youtube.com/watch?v=9i0J_I4ASow	\N	\N	0
1638	\N	818	Moved Link to variation	https://www.youtube.com/watch?v=kkt_f-NvlNE	\N	\N	0
1639	\N	819	Moved Link to variation	https://www.youtube.com/watch?v=pgAd7fVWjCQ	\N	\N	0
1607	\N	794	Moved Link to variation	https://www.youtube.com/watch?v=zKZOVD30vKo	\N	\N	0
1608	\N	795	Moved Link to variation	https://www.youtube.com/watch?v=hxC3chvqnv0	\N	\N	0
1609	\N	424	Moved Link to variation	https://www.youtube.com/watch?v=i1FPheYZpPs	\N	\N	0
1610	\N	430	Moved Link to variation	https://www.youtube.com/watch?v=BEzBhpXDkLE	\N	\N	0
1640	\N	820	Moved Link to variation	https://www.youtube.com/watch?v=UqnCCmzMpdE	\N	\N	0
1612	\N	798	Moved Link to variation	https://www.youtube.com/watch?v=zw5Y3Em5_0Q	\N	\N	0
1611	\N	799	Moved Link to variation	https://www.youtube.com/watch?v=X5iIUqd_U7k	\N	\N	0
1613	\N	797	Moved Link to variation	https://www.youtube.com/watch?v=OjLc1b4-kZo	\N	\N	0
1617	\N	800	Moved Link to variation	https://www.youtube.com/shorts/YlGxadOe0ek	\N	\N	0
1641	\N	821	Moved Link to variation	https://www.youtube.com/watch?v=CcvAr4JYo0U	\N	\N	0
1619	\N	802	Moved Link to variation	https://www.youtube.com/watch?v=SW_C1A-rejs&t=74s	\N	\N	0
1620	\N	803	Moved Link to variation	https://www.youtube.com/watch?v=SJ1Xuz9D-ZQ	\N	\N	0
1622	\N	805	Moved Link to variation	https://www.youtube.com/watch?v=FlWTMfgB0Hk	\N	\N	0
1624	\N	807	Moved Link to variation	https://www.youtube.com/watch?v=londo9WE0yU	\N	\N	0
1625	\N	808	Moved Link to variation	https://www.youtube.com/watch?v=BEzBhpXDkLE	\N	\N	0
1621	\N	804	Moved Link to variation	https://www.youtube.com/watch?v=7iXpLxKs1sY	\N	\N	0
1628	\N	810	Moved Link to variation	https://www.youtube.com/watch?v=4BNnqZ2gd9k	\N	\N	0
1074	\N	470	Moved Link to variation	https://www.youtube.com/watch?v=v5bPOsQbq7g	\N	\N	0
1741	\N	898	\N	https://www.youtube.com/watch?v=msvF1e9w2aQ	\N	\N	4
1629	\N	811	Moved Link to variation	https://www.youtube.com/watch?v=DExb7UaAlbg	\N	\N	0
1630	\N	812	Moved Link to variation	https://www.youtube.com/watch?v=SmExpR-ilaA	\N	\N	0
1631	\N	813	Moved Link to variation	https://www.youtube.com/watch?v=SgolPMO0HdE	\N	\N	0
1636	\N	816	Moved Link to variation	https://www.youtube.com/watch?v=F9ur8BkHtks	\N	\N	0
1642	\N	822	Moved Link to variation	https://www.youtube.com/watch?v=UsO66ZUvzb0	\N	\N	0
1643	\N	823	Moved Link to variation	https://www.youtube.com/watch?v=c_4Y0I8vgzY	\N	\N	0
1644	\N	824	Moved Link to variation	https://www.youtube.com/watch?v=39MhCZuYdk4	\N	\N	0
1645	\N	825	Moved Link to variation	https://www.youtube.com/watch?v=RlKS_n8thAk	\N	\N	0
1646	\N	826	Moved Link to variation	https://www.youtube.com/watch?v=VUiFlZ2FsKA	\N	\N	0
1647	\N	827	Moved Link to variation	https://www.youtube.com/watch?v=IV9w7gwhxN8	\N	\N	0
1648	\N	828	Moved Link to variation	https://www.youtube.com/watch?v=ASNK54226ts	\N	\N	0
1651	\N	830	Moved Link to variation	https://www.youtube.com/shorts/1mmmPWBShSA	\N	\N	0
1652	\N	831	Moved Link to variation	https://www.youtube.com/shorts/1mmmPWBShSA	\N	\N	0
1655	\N	834	Moved Link to variation	https://www.youtube.com/watch?v=EL4WX_ulKrc	\N	\N	0
1653	\N	832	Moved Link to variation	https://www.youtube.com/watch?v=96SKsv89_bk	\N	\N	0
1650	\N	829	Moved Link to variation	https://www.youtube.com/watch?v=6RJBDHNS7RI	\N	\N	0
1654	\N	833	Moved Link to variation	https://www.youtube.com/watch?v=pVmOOluGAv8	\N	\N	0
1604	\N	600	Moved Link to variation	https://www.youtube.com/watch?v=MYBrjpGMb-w	\N	\N	0
1662	\N	840	Moved Link to variation	https://www.youtube.com/watch?v=cZ3UBTEBd9A	\N	\N	0
1665	\N	842	Moved Link to variation	https://www.youtube.com/watch?v=84xXsLH21Cw	\N	\N	0
1804	\N	804	\N	https://www.youtube.com/watch?v=wDJKAczVXP0	\N	\N	256
1767	\N	921	Moved Link to variation	https://www.youtube.com/watch?v=stUQ7ekPJMM	\N	\N	0
1596	\N	776	\N	https://www.youtube.com/watch?v=OJQQVp73lnQ	3-Point Row	\N	3
1802	\N	597	\N	https://www.youtube.com/watch?v=ieFKuQAGYIA	\N	\N	3
1766	904	343	\N	https://www.youtube.com/watch?v=L4nTaesNm0E	\N	\N	1
1806	\N	622	\N	https://www.youtube.com/watch?v=eznMrkPZO8E	\N	\N	1
645	\N	18	\N	https://www.hybridcalisthenics.com/hanging-knee-raises	\N	\N	768
1230	\N	565	\N	https://www.hybridcalisthenics.com/hanging-leg-raises	\N	\N	768
1534	1801	597	\N	https://www.youtube.com/watch?v=E4NQ5DfqwbU	\N	\N	3
1809	\N	960	\N	https://www.youtube.com/watch?v=j3Igk5nyZE4	\N	\N	4
1324	\N	622	\N	https://www.youtube.com/watch?v=uX5W2kynMIo	\N	\N	64
1365	1230	565	\N	https://www.youtube.com/watch?v=H0rlb8_G4F4	\N	\N	64
1769	\N	922	\N	https://www.youtube.com/watch?v=8xnS3iQXIK8	\N	\N	64
1834	\N	981	\N	https://www.youtube.com/watch?v=OgRwE1Z8a_Y	\N	Bands	64
1768	\N	922	Moved Link to variation	https://www.youtube.com/watch?v=8xnS3iQXIK8	\N	\N	0
1592	\N	792	Moved Link to variation	https://www.youtube.com/watch?v=vWsyqTHoBQY	\N	\N	0
1669	\N	679	Moved Link to variation	https://www.youtube.com/watch?v=ve2QtmRD5U4	\N	\N	0
1670	\N	130	Moved Link to variation	https://www.youtube.com/watch?v=TYzHvpqEs6s	\N	\N	0
1593	\N	791	Moved Link to variation	https://www.youtube.com/watch?v=xK2hMDPYiNw	\N	\N	0
1688	\N	859	Moved Link to variation	https://www.youtube.com/watch?v=rAbabfidKiw	\N	\N	0
1803	\N	955	Moved Link to variation	https://www.youtube.com/watch?v=usfu415_0AI	\N	\N	0
1805	\N	956	Moved Link to variation	https://www.youtube.com/watch?v=-ruAdV34H54	\N	\N	0
1673	\N	845	Moved Link to variation	https://www.youtube.com/watch?v=5CAF3huUKG8	\N	\N	0
1763	\N	920	Moved Link to variation	https://www.youtube.com/watch?v=ABhxC6JPqKA	\N	\N	0
1	\N	957	Moved Link to variation	https://www.youtube.com/watch?v=GtTEoLTz1JI	\N	\N	0
1807	\N	958	Moved Link to variation	https://www.youtube.com/watch?v=u3Ocw5UIpYs	\N	\N	0
1808	\N	959	Moved Link to variation	https://www.youtube.com/watch?v=q-gSFsrphPg	\N	\N	0
1820	\N	968	Moved Link to variation	https://www.youtube.com/watch?v=5u4PiC7I5Yg	\N	\N	0
1821	\N	969	Moved Link to variation	https://www.youtube.com/watch?v=kvzwU0KSF3w	\N	\N	0
1677	\N	848	Moved Link to variation	https://www.youtube.com/watch?v=4kaFiGewP08	\N	\N	0
1678	\N	849	Moved Link to variation	https://www.youtube.com/watch?v=Td06VNk15yI	\N	\N	0
1679	\N	850	Moved Link to variation	https://www.youtube.com/watch?v=LM8tAla03us	\N	\N	0
904	\N	343	\N	https://www.youtube.com/watch?v=3KKVWOATE-Q	\N	\N	32768
1801	\N	597	\N	\N	\N	\N	32768
1614	\N	796	You can do these on stairs or with a soccer ball or something.	https://www.youtube.com/watch?v=TvppoqEGlD8	\N	\N	2112
1680	\N	851	Moved Link to variation	https://www.youtube.com/watch?v=_PeTt3o1P6Q	\N	\N	0
1681	\N	852	Moved Link to variation	https://www.youtube.com/watch?v=sXz0OCjO3p4	\N	\N	0
1684	\N	855	Moved Link to variation	https://www.youtube.com/watch?v=N0gBlRy5j0k	\N	\N	0
1685	\N	856	Moved Link to variation	https://www.youtube.com/watch?v=tUdN0g2wugM	\N	\N	0
1686	\N	857	Moved Link to variation	https://www.youtube.com/watch?v=G8zNa2lR0KM	\N	\N	0
1687	\N	858	Moved Link to variation	https://www.youtube.com/watch?v=TXNgRNsqcPo	\N	\N	0
1689	\N	860	Moved Link to variation	https://www.youtube.com/watch?v=01b17_CpyIU	\N	\N	0
1690	\N	861	Moved Link to variation	https://www.youtube.com/watch?v=VrRQ2FboE50	\N	\N	0
1691	\N	862	Moved Link to variation	https://www.youtube.com/watch?v=cqZUJP9KNuc	\N	\N	0
1692	\N	863	Moved Link to variation	https://www.youtube.com/watch?v=8K0ghCn8O_E	\N	\N	0
1693	\N	864	Moved Link to variation	https://www.youtube.com/watch?v=wIJzVgTTVew	\N	\N	0
1694	\N	865	Moved Link to variation	https://www.youtube.com/watch?v=_MzGWgX3DOw	\N	\N	0
1695	\N	866	Moved Link to variation	https://www.youtube.com/watch?v=_MzGWgX3DOw	\N	\N	0
1696	\N	867	Moved Link to variation	https://www.youtube.com/watch?v=0Bx_r81zl2k	\N	\N	0
1697	\N	868	Moved Link to variation	https://www.youtube.com/watch?v=6P263Jp5sXk	\N	\N	0
1698	\N	869	Moved Link to variation	https://www.youtube.com/watch?v=NfLuZsGOtas	\N	\N	0
1699	\N	870	Moved Link to variation	https://www.youtube.com/watch?v=ncQ0wd4QGTg	\N	\N	0
1700	\N	871	Moved Link to variation	https://www.youtube.com/watch?v=INtjr2jjtmU	\N	\N	0
1682	\N	853	Moved Link to variation	https://www.youtube.com/watch?v=I3nzkQTLWkE	\N	\N	0
1702	\N	873	Moved Link to variation	https://www.youtube.com/watch?v=0LamiLdn1V0	\N	\N	0
1703	\N	874	Moved Link to variation	https://www.youtube.com/watch?v=l5nMszaaJ28	\N	\N	0
1683	\N	854	Moved Link to variation	https://www.youtube.com/watch?v=PGAntbDQ6Xg	\N	\N	0
1706	\N	876	Moved Link to variation	https://www.youtube.com/watch?v=uFcyCj2-Cdk	\N	\N	0
1707	\N	877	Moved Link to variation	https://www.youtube.com/watch?v=BLafvgOeELQ	\N	\N	0
1709	\N	879	Moved Link to variation	https://www.youtube.com/watch?v=iPlNl2wY3ro	\N	\N	0
1710	\N	880	Moved Link to variation	https://www.youtube.com/watch?v=HwAkRrqbXo8	\N	\N	0
1711	\N	881	Moved Link to variation	https://www.youtube.com/watch?v=Gf4zDlIXxBg	\N	\N	0
1712	\N	882	Moved Link to variation	https://www.youtube.com/watch?v=DKW4P6RkJps	\N	\N	0
1713	\N	883	Moved Link to variation	https://www.youtube.com/watch?v=QRIKGOUJILs	\N	\N	0
1714	\N	884	Moved Link to variation	https://www.youtube.com/watch?v=NYhH8Gr35cI	\N	\N	0
1715	\N	885	Moved Link to variation	https://www.youtube.com/watch?v=rlAjIXb-8BM	\N	\N	0
1716	\N	886	Moved Link to variation	https://www.youtube.com/watch?v=6dUCEwQLixU	\N	\N	0
1717	\N	887	Moved Link to variation	https://www.youtube.com/watch?v=2L6OLqqw3SI	\N	\N	0
1718	\N	473	Moved Link to variation	https://www.youtube.com/watch?v=Fadu_1dGVbE	\N	\N	0
\.


--
-- Data for Name: variation; Type: TABLE DATA; Schema: public; Owner: -
--

COPY public.variation ("Id", "AnimatedImage", "DisabledReason", "IsWeighted", "MobilityJoints", "MovementPattern", "MuscleContractions", "MuscleMovement", "Name", "Notes", "SecondaryMuscles", "StaticImage", "StrengthMuscles", "StretchMuscles", "Unilateral", "UseCaution", "ExerciseFocus", "SportsFocus", "PauseReps", "DefaultInstruction") FROM stdin;
989	clamshells.webp	\N	t	0	0	6	10	Lock Clams	\N	512	clamshells.jpg	256	0	t	f	1	0	t	https://www.youtube.com/watch?v=DDGcVlb2cAo
595	\N	\N	t	2097152	0	6	2	Wrist Pronation and Supination	\N	0	wrist-rotations-alt.jpg	16384	0	f	f	0	0	t	\N
42	\N	More likely to cause tendon imflammation? Just stick with Full Pullups.	f	12582912	8	6	2	One-Arm Pullups	\N	131108	one-arm-pullups.jpg	81986	0	t	f	1	0	t	\N
597	pullover.webp	\N	t	0	0	6	2	Pullover	\N	4096	pullover.jpg	262216	0	f	f	1	0	t	\N
726	\N	Uhm...	f	2097152	0	1	1	Figure 8 Wrist Mobilization	\N	0	wrist-bend.jpg	16384	0	f	f	0	0	\N	https://www.youtube.com/watch?v=Yzz7LnCY8Pc
633	\N	\N	f	0	0	1	1	Couch Stretch	\N	0	couch-stretch-alt.jpg	0	10496	t	f	8	0	\N	https://www.youtube.com/watch?v=NpmS6Fx1WLo
855	\N	Duplicate of Bird Dogs	f	0	0	1	1	Balancing Table Stretch	\N	0	bird-dogs.jpg	2304	73741	f	f	24	0	\N	https://www.youtube.com/watch?v=N0gBlRy5j0k
990	\N	\N	f	0	0	6	10	Hamstring Walk Outs	\N	0	hamstring-slides.jpg	512	0	f	f	1	0	t	https://www.youtube.com/watch?v=Lv89iHuzPW4
983	\N	\N	f	0	0	1	1	One-Leg Happy Baby Stretch	\N	0	happy-baby-pose.jpg	0	41856	f	t	8	0	\N	https://www.youtube.com/watch?v=m6DZRXGzY7U
490	\N	\N	f	0	0	6	2	Standing Scapular Retraction	\N	0	standing-t.jpg	131108	65536	f	f	9	0	t	https://www.youtube.com/watch?v=ta0OUynqEfw
430	jogging.webp	\N	f	0	0	6	4	Jogging (in place)	\N	1	jogging.jpg	12032	0	f	f	4	0	\N	https://www.youtube.com/watch?v=BEzBhpXDkLE
743	row-seated.webp	\N	t	0	2	6	2	Seated Rows	\N	212998	seated-row.jpg	96	0	f	f	1	0	t	\N
776	row-three-point.webp	\N	t	0	2	6	2	Dumbbell Rows	\N	212998	bench-rows.jpg	96	0	t	f	1	0	t	\N
658	\N	\N	f	0	0	1	1	Half Frog Stretch (Ardha Bhekasana)	\N	0	frog-pose-half.jpg	0	67597	t	f	8	0	\N	https://www.youtube.com/watch?v=giGl3EpvP68
324	\N	Duplciate of Weighted Glute Bridges	t	0	0	1	1	Weighted Glute Bridge Hold	\N	512	glute-bridges.jpg	256	0	f	f	29	0	\N	https://www.youtube.com/watch?v=0od5lwWMGV8
671	\N	\N	f	0	0	6	4	One-Leg Box Jump	\N	42129	box-jumps.jpg	2816	0	t	f	19	0	\N	\N
530	\N	\N	f	0	0	6	4	Walking Jacks	\N	0	jumping-jacks.jpg	232709	512	f	f	4	0	\N	https://www.youtube.com/watch?v=Qz33w9-EZws
138	kettlebell-swings-two-handed.webp	\N	t	0	16	6	6	Two-Handed Kettlebell Swings	This is the Russian variation (arms don't go above shoulders). The American version (arms go above shoulders) is more likely to cause shoulder injuries. Let other exercises target that range of motion.	196832	kettlebell-swings-two-handed.jpg	1792	0	f	t	3	255	\N	\N
769	\N	\N	f	0	16	1	1	Supported Shoulder Stand	\N	8320	shoulder-stand-supported-alt.jpg	2816	0	f	f	1	0	\N	https://www.youtube.com/watch?v=UjHTOW9x3WM
753	\N	\N	f	0	0	1	1	Revolved Triangle Stretch	\N	0	triangle-stretch-revolved.jpg	0	33296	t	f	8	0	\N	https://www.youtube.com/watch?v=IuwhGXTc2f0
779	\N	\N	f	0	0	1	1	Half Moon Stretch	\N	0	half-moon-stretch.jpg	33024	516	t	f	24	0	\N	https://www.youtube.com/watch?v=csErxVR7dpA
406	\N	\N	f	0	0	1	1	Triangle Stretch	\N	0	triangle-stretch-alt.jpg	0	33296	t	f	8	0	\N	https://www.youtube.com/watch?v=S6gB0QHbWFE
370	\N	\N	f	0	0	1	1	Lotus Stretch	\N	0	lotus-stretch.jpg	0	40960	f	f	24	0	\N	https://www.youtube.com/watch?v=WtjHq0HLkaM
762	\N	\N	f	0	0	1	1	Pancake Stretch	\N	0	pancake-stretch-alt.jpg	0	33664	f	t	24	0	\N	https://www.youtube.com/watch?v=VXFCeFP2Qrg
663	\N	\N	f	0	0	1	1	Half-Kneeling Hip Flexor Stretch	\N	0	hip-flexor-stretch.jpg	0	10496	t	f	8	0	\N	https://www.youtube.com/watch?v=gqoPYLUgP48
86	\N	\N	f	0	0	1	1	Downward Dog	\N	0	downward-dog-pose.jpg	327684	1800	f	f	8	0	\N	https://www.youtube.com/watch?v=ayQoxw8sRTk
766	\N	\N	f	16777216	0	1	1	Head to Knee	\N	0	head-to-knee-alt.jpg	0	33664	f	f	8	0	\N	https://www.youtube.com/watch?v=Z3xK3trnpfw
767	\N	\N	f	16777216	0	1	1	Revolved Head to Knee	\N	0	head-to-knee-revolved.jpg	0	33680	f	f	8	0	\N	https://www.youtube.com/watch?v=805EgEKRpMw
376	\N	\N	f	16777216	0	1	1	Pyramid Stretch	\N	0	pyramid-stretch-alt.jpg	0	8704	t	f	8	0	\N	https://www.youtube.com/watch?v=I-eY06IDLmM
690	\N	\N	f	0	0	1	1	Puppy Dog Stretch	\N	0	puppy-dog-stretch.jpg	0	327693	f	f	24	0	\N	https://www.youtube.com/watch?v=ly5DZSbXH2s
284	\N	Better when combined with Cat Stretch. See Cat/Cow Combo Stretch	f	0	0	1	1	Cow Stretch	\N	4107	cow-stretch.jpg	0	131296	f	f	24	0	\N	https://www.youtube.com/watch?v=W5KVx0ZbB_4
285	\N	Better when combined with Cow Stretch. See Cat/Cow Combo Stretch	f	0	0	1	1	Cat Stretch	\N	135266	cat-stretch.jpg	0	137	f	f	24	0	\N	https://www.youtube.com/watch?v=LGLIyrfTiUc
293	\N	\N	f	0	0	1	1	Cobra Stretch	\N	0	cobra-stretch.jpg	135328	8203	f	f	8	0	\N	https://www.youtube.com/watch?v=JDcdhTuycOI
361	\N	\N	f	0	0	1	1	Hero Stretch	\N	0	hero-stretch.jpg	0	534528	f	f	24	0	\N	https://www.youtube.com/watch?v=S7OsUg7sV5M
747	\N	\N	f	0	0	1	1	Reverse Warrior	\N	0	warrior-reverse.jpg	4	360464	t	f	8	0	\N	https://www.youtube.com/watch?v=B-xS8BjJJe0
736	\N	\N	f	0	0	1	1	Half Lotus Stretch	\N	0	lotus-stretch-half.jpg	0	40960	t	f	24	0	\N	https://www.youtube.com/watch?v=b66GQ4-O8_8
286	\N	\N	f	0	0	1	1	Supine Twist	\N	192	supine-twist.jpg	0	16	t	f	8	0	\N	https://www.youtube.com/watch?v=sTHqKEj6YwE
489	\N	\N	f	6291456	0	1	1	Wrist Mobility	\N	0	wrist-bend.jpg	0	16384	t	f	8	0	\N	https://www.youtube.com/watch?v=rDqYtzYE-n8
781	\N	\N	f	0	0	1	1	Locust	aka. Salabhasana	0	locust.jpg	384	9	f	f	9	0	\N	https://www.youtube.com/watch?v=1jflO_tZg_M
449	\N	Duplicate of Lateral Bounds	f	0	0	6	4	One-Leg Lateral Jumps	\N	0	lateral-jumps.jpg	768	1	t	f	20	0	\N	https://www.youtube.com/watch?v=9jwynr7-yV0
319	\N	\N	f	0	0	1	1	Half Reclined Hero Stretch	\N	0	fish-out-of-hero-stretch.jpg	0	534528	f	f	24	0	\N	https://www.youtube.com/watch?v=7drWD3TZFQI
991	\N	\N	f	0	0	6	10	Ostrich Walk	\N	0	hamstring-slides.jpg	512	0	f	f	1	0	t	https://www.youtube.com/watch?v=vAtH0yZy8Hk
289	\N	\N	f	0	0	1	1	Reclined Hero Stretch	\N	0	reclined-hero-stretch.jpg	0	534528	f	f	24	0	\N	https://www.youtube.com/watch?v=8vtA2nnxoEI
659	\N	\N	f	0	0	1	1	90/90 Hip Stretch	\N	0	90-90.jpg	0	41216	t	f	8	0	\N	https://www.youtube.com/watch?v=t4Zz6-aG8Iw
297	\N	\N	f	0	0	1	1	Sphinx Stretch	\N	0	cobra-forearm-stretch.jpg	135328	8203	f	f	24	0	\N	https://www.youtube.com/watch?v=vtuxuqexjmI
97	\N	\N	f	0	0	1	1	Wall Handstand	 Not a vertical pushing movement. Locked out elbows do not work the full vertical push range of motion.	213026	wall-hand-stand.jpg	266389	0	f	f	17	0	\N	https://www.youtube.com/watch?v=6Qz_t5X6j48
425	\N	Can't do on a treadmill. Requires outdoors while I want to keep these to at-home exercises.	f	0	0	6	4	Sprinting	\N	0	sprinting.jpg	12032	1	f	f	6	0	\N	\N
447	\N	Can't do on a treadmill. Requires outdoors while I want to keep these to at-home exercises.	f	0	0	6	4	Bounding	\N	0	bounding.jpg	12032	1	f	f	4	0	\N	\N
161	\N	\N	f	0	0	1	1	Reverse Plank	\N	516	reverse-full-plank-alt.jpg	401	0	f	f	1	0	\N	https://www.youtube.com/watch?v=uUEKLhpJd1Q
438	\N	\N	f	0	0	1	1	Reverse One-Leg Plank	\N	8964	reverse-one-leg-plank.jpg	145	0	t	f	1	0	\N	https://www.youtube.com/watch?v=4mYWMaXWKqs
795	side-plank-hip-drops.webp	\N	f	0	0	7	3	Side Plank with Hip Lifts	\N	4	side-plank-hip-drops.jpg	33169	0	t	f	17	0	\N	https://www.youtube.com/watch?v=hxC3chvqnv0
148	\N	\N	f	0	0	1	1	Side Forearm Knee Plank	\N	260	knee-forearm-side-plank.jpg	32913	0	t	f	17	0	\N	https://www.youtube.com/watch?v=-Dw9Es42eLM
704	\N	\N	f	0	0	7	3	Serratus Plank	\N	2304	hand-plank.jpg	262273	0	f	f	1	0	\N	https://www.youtube.com/watch?v=R4aX4A1sW2w
160	\N	\N	f	0	0	1	1	Reverse Forearm Plank	\N	772	reverse-forearm-plank.jpg	145	0	f	f	1	0	\N	https://www.youtube.com/watch?v=ZNAxdJ6Bt00
437	\N	\N	f	0	0	1	1	Reverse One-Leg Forearm Plank	\N	8964	reverse-forearm-plank.jpg	145	0	t	f	1	0	\N	https://www.youtube.com/watch?v=fqY8pIsQSCM
396	\N	\N	f	0	0	1	1	Chinese Back Plank	\N	768	chinese-back-plank.jpg	145	0	f	f	1	0	\N	https://www.youtube.com/watch?v=nDYT0zUlC2w
152	forearm-side-plank-hip-drops.webp	\N	f	0	0	7	3	Forearm Side Plank with Hip Lifts	\N	4	forearm-side-plank-hip-lifts.jpg	33169	0	t	f	17	0	\N	https://www.youtube.com/watch?v=BBUEzjlwM1o
151	\N	Duplicate of Forearm Side Plank with Hip Lift	f	0	0	7	3	Forearm Side Plank with Hip Lifts	\N	4	forearm-side-plank-hip-lifts.jpg	33169	0	t	f	17	0	\N	https://www.youtube.com/watch?v=LgaYt4Hi6-g
828	\N	\N	f	0	0	1	1	Assisted Peacock Plank	\N	2304	peacock-stretch.jpg	24721	0	f	f	1	0	\N	https://www.youtube.com/watch?v=ASNK54226ts
771	\N	\N	f	0	0	1	1	Peacock Plank	\N	2304	peacock-stretch.jpg	24721	0	f	f	1	0	\N	https://www.youtube.com/watch?v=ASNK54226ts
580	\N	\N	f	0	0	1	1	Forearm Side Plank	\N	260	forearm-side-plank.jpg	32913	0	t	f	17	0	\N	https://www.youtube.com/watch?v=NXr4Fw8q60o
616	\N	\N	f	0	0	1	1	Copenhagen Plank	\N	0	side-star-plank.jpg	33169	0	t	f	17	0	\N	https://www.youtube.com/watch?v=omcxYSiUg5M
106	\N	\N	f	0	0	1	1	Hand Plank	\N	2052	hand-plank.jpg	8337	0	f	f	1	0	\N	https://www.youtube.com/watch?v=B296mZDhrP4
147	\N	\N	f	0	0	1	1	Knee Hand Plank	\N	2052	plank-knee.jpg	8337	0	f	f	1	0	\N	https://www.youtube.com/watch?v=2ZB5hDEHHGE
774	\N	\N	f	0	0	1	1	Staff Pose	\N	2052	staff-pose.jpg	8337	0	f	f	8	0	\N	https://www.youtube.com/watch?v=3Xc0YFltRWs
107	\N	\N	f	0	0	1	1	Forearm Plank	\N	2052	forearm-plank.jpg	8337	0	f	f	1	0	\N	https://www.youtube.com/watch?v=pSHjTRCQxIw
703	\N	\N	f	0	0	7	3	Forearm Serratus Plank	\N	2304	forearm-plank.jpg	262273	0	f	f	1	0	\N	https://www.youtube.com/watch?v=4ye2_HMmNbs
516	\N	\N	t	0	0	7	11	Single Leg Lift from Reverse Forearm Plank	\N	2564	reverse-one-leg-plank-alt.jpg	8593	0	t	f	1	0	\N	https://www.youtube.com/watch?v=2Hq3ieGH-_0
184	\N	\N	f	0	0	1	1	One-Leg Forearm Plank	\N	0	one-leg-forearm-plank-alt.jpg	8337	0	t	f	1	0	\N	https://www.youtube.com/watch?v=OgkpItr9DOY
699	\N	\N	f	0	256	1	1	One-Arm One-Leg Forearm Plank	\N	0	plank-one-arm-one-leg.jpg	8337	0	t	f	1	0	\N	https://www.youtube.com/watch?v=Nlu0vWJhss8
461	\N	\N	f	0	0	1	1	Churn the Pot on Ball	\N	0	stir-the-pot.jpg	8337	0	f	f	17	0	\N	\N
262	\N	\N	f	0	0	1	1	Forearm Side Star Plank	\N	4	forearm-side-star-plank-alt.jpg	33169	0	t	f	17	0	\N	https://www.youtube.com/watch?v=2MtAmceBB98
110	\N	\N	f	0	0	1	1	Side Plank	\N	260	full-side-plank.jpg	32913	0	t	f	17	0	\N	https://www.youtube.com/watch?v=krrxMqVQPCU
750	reverse-lunge-overhead-reach.webp	\N	f	67108864	64	7	2	Reverse Lunge with Overhead Reach	\N	65536	reverse-lunge-overhead-reach.jpg	2816	271361	t	f	25	0	t	https://www.youtube.com/watch?v=dXALCgBfF20
209	hammer-curl.webp	\N	t	4194304	0	6	2	Hammer Curl	This works the Biceps and Forearms more evenly then a Bicep Curl.	0	hammer-curl.jpg	16386	0	t	f	1	129	f	\N
239	reverse-curl.webp	\N	t	4194304	0	6	2	Reverse Curl	Isolation exercise. Hammer Curl is better since it works the forearms and biceps more evenly.	2	reverse-barbell-curl.jpg	16384	0	t	f	1	0	f	\N
992	\N	\N	f	0	0	6	10	Monster Walk	\N	0	hamstring-slides.jpg	12884902656	0	f	f	1	0	t	\N
993	pullups-full.webp	\N	t	12582912	8	6	2	Mixed Grip Pullups	\N	196644	full-pullups.jpg	16450	0	t	f	1	0	t	\N
34	rows-bodyweight.webp	\N	f	0	2	6	2	Bodyweight Rows	\N	212998	horizontal-pullups.jpg	96	0	f	f	1	0	t	\N
484	good-mornings.webp	\N	t	50331648	16	6	2	Good Mornings	Too dangerous to do with weights, no good way to bail. Still useful as an unweighted warmup	96	good-morning.jpg	896	0	f	t	1	0	t	https://www.youtube.com/watch?v=nczH_7m1TnI
557	\N	Too hard	f	0	0	6	2	Front Level Raise	\N	0	full-pullups.jpg	16486	0	f	f	0	0	t	\N
685	\N	Regular Dead Bug is just as good.	t	0	0	6	2	Pullover Dead Bug	\N	0	dead-bugs.jpg	262289	73728	f	f	1	0	t	\N
687	\N	Pallof press is as good as it gets.	t	0	256	6	2	Pallof Press Dead Bug	\N	65536	dead-bugs.jpg	17	0	t	f	17	0	t	\N
306	pullups-full.webp	\N	t	12582912	8	6	2	Pullups	\N	196644	full-pullups.jpg	16450	0	f	f	1	0	t	\N
984	\N	\N	f	8388608	0	1	1	Three-Point Bridge	Not strength, belongs in warmup/cooldown	512	reverse-one-leg-tabletop.jpg	401	4	t	f	24	0	\N	https://www.youtube.com/watch?v=U5_STaK6ZaA
291	\N	\N	f	0	1	7	2	Sphinx Pushups	\N	0	cobra-forearm-pushup.jpg	135328	8203	f	f	8	0	t	https://www.youtube.com/watch?v=Vf22xvQMCmc
292	cobra-pushups.webp	\N	f	0	1	7	2	Cobra Pushups	\N	0	cobra-pushup.jpg	135328	8201	f	f	8	0	t	https://www.youtube.com/watch?v=UU7wrD2T1kc
803	donkey-kicks.webp	\N	t	0	0	6	2	Donkey Kicks	\N	512	quadruped-leg-raise.jpg	256	0	f	f	17	0	t	https://www.youtube.com/watch?v=SJ1Xuz9D-ZQ
589	\N	Similar to the Reverse Fly	t	0	0	6	2	Incline Y Raise	\N	0	reverse-fly.jpg	131108	0	f	f	1	0	t	\N
552	\N	More likely to cause tendon imflammation? Just stick with Full Chinups.	f	12582912	8	6	2	Archer Chinups	\N	131109	archer-pullups.jpg	81986	0	f	f	1	0	t	\N
718	\N	\N	t	0	16	6	2	Single Clean	Although power cleans share a lot of similarities with plyometric exercises, they’re not considered plyometrics due to the fact that it only focuses on building up strength rather than speed and agility.	1	deadlift.jpg	3040	0	f	t	3	0	t	\N
719	\N	\N	t	0	16	6	2	Double Clean	Although power cleans share a lot of similarities with plyometric exercises, they’re not considered plyometrics due to the fact that it only focuses on building up strength rather than speed and agility.	1	deadlift.jpg	3040	0	f	t	1	0	t	\N
537	\N	\N	f	0	0	7	2	Crab Walk	\N	4	reverse-tabletop.jpg	401	0	f	f	9	0	t	https://www.youtube.com/watch?v=4JuKZA2jT6Y
837	\N	\N	t	0	256	6	2	Lunge Pallof Press	\N	65536	pallof-press-alt.jpg	145	0	t	f	17	255	t	\N
956	forearm-plank-reach-through.webp	\N	f	0	256	7	2	Forearm Plank Reach Through	\N	2052	plank-reach-through.jpg	8337	0	t	f	1	0	t	https://www.youtube.com/watch?v=-ruAdV34H54
641	downward-dog-toe-touch.webp	\N	f	0	0	7	2	Downward Dog Alternating Toe Touches	\N	0	downward-dog-alternating-toe-touch-alt.jpg	145	3840	f	f	8	0	t	https://www.youtube.com/watch?v=_Kq-2NsocyQ
642	downward-dog-knee-to-elbow.webp	\N	f	0	0	7	2	Downward Dog Knee to Elbow	\N	0	downward-dog-knee-to-elbow.jpg	145	3840	t	f	8	0	t	https://www.youtube.com/watch?v=3vV1abRARmI
734	\N	\N	t	33554432	0	7	2	Single Leg Wall Slide	\N	524433	wall-sit.jpg	2048	0	t	f	1	0	t	https://www.youtube.com/watch?v=F1K-rRfv7OI
708	\N	\N	f	0	0	6	10	Lying Single Leg Lift	Standing exercises are more osteogenic, but also easier to cheat the correct muscles.	2049	single-leg-lift.jpg	8192	0	t	f	1	0	t	https://www.youtube.com/watch?v=Zr-PtqcpeWM
560	upright-row.webp	The internal rotation to which you expose your shoulders is one of the most harmful exercises you can do, causing similar damage to triceps dips. As a demonstration, hold your arms straight out to your sides with your palms facing down.\n\nThen, rotate your hands forward as if pouring out, or emptying a glass of water in from each hand. Then, to do the upright row, you’ll lift the barbell with bent elbows causing internal rotation of the shoulders.\n\nInternal rotation itself is not necessarily harmful to your shoulders.\n\nThe problem comes as you raise your arms and add resistance (the weight of the barbell) in that position. Every time you raise your arms bearing the weight, impingement occurs. That involves a small shoulder tendon getting pinched by the bones in your shoulder.	t	0	8	6	10	Upright Row	Hand placement should be at minimum shoulder-width apart or there is a risk of shoulder impingement.	133	upright-row.jpg	131170	0	f	t	1	0	t	\N
323	glute-bridge.webp	\N	t	0	16	6	2	Glute Bridge	\N	512	glute-bridges.jpg	256	0	f	f	1	0	t	https://www.youtube.com/watch?v=OUgsJ8-Vi0E
41	\N	More likely to cause tendon imflammation? Just stick with Full Pullups.	f	12582912	8	6	2	Archer Pullups	\N	131108	archer-pullups.jpg	81986	0	f	f	1	0	t	\N
49	bridges-wheel.webp	\N	f	0	4	6	2	Wheel Bridges	\N	32	wheel-bridges.jpg	4480	0	f	f	29	0	t	https://www.hybridcalisthenics.com/bridges
987	squats.webp	\N	t	0	0	6	2	Overhead Squats	This is primarily mobility training. Not a functional movement.	1025	full-squats-weighted.jpg	2147486464	0	f	f	1	0	t	\N
543	lateral-squat-walks.webp	\N	t	0	0	6	2	Lateral Squat Walks	\N	3585	lateral-squat-walks.jpg	12884934912	0	f	f	1	0	t	https://www.youtube.com/watch?v=g78CxAtjkCE
709	side-leg-lift-standing.webp	\N	t	0	0	7	10	Standing Side Leg Lift	\N	8209	side-standing-leg-raises-alt.jpg	12884934912	0	t	f	17	0	t	https://www.youtube.com/watch?v=l_U2uoePtS4
125	pushups-decline.webp	\N	f	0	1	6	2	Decline Pushups	\N	0	decline-full-pushup.jpg	17179873292	199057	f	f	1	0	t	https://www.youtube.com/watch?v=SKPab2YC8BE
579	pushups-full-alt.webp	\N	t	0	1	6	2	Full Pushups	\N	133521	full-pushups-alt.jpg	17179873292	0	f	f	1	0	t	https://www.hybridcalisthenics.com/full-pushups
142	alternating-heel-touches.webp	“As exercisers drop in and out of abdominal flexion, losing their muscle tension in the midsection, the low back gets wrenched in and out of extension with little support,” says Alycea Ungaro, PT. She’s the owner of Real Pilates in New York City.	f	0	0	6	2	Alternating Heel Touches	\N	0	alternating-heel-touches.jpg	17	0	f	f	1	0	t	https://www.youtube.com/watch?v=2zhFTw2epoc
995	pullups-full.webp	\N	t	12582912	8	6	2	Assisted Mixed Grip Pullups	\N	196644	full-pullups.jpg	16450	0	t	f	1	0	t	\N
321	squats-sumo.webp	\N	t	0	32	6	2	Sumo Squats	\N	1025	sumo-squats.jpg	35712	0	f	f	1	0	t	https://www.youtube.com/watch?v=kjlfpqXnyL8
578	pullups-commando.webp	\N	t	12582912	8	6	2	Commando Pullups	\N	196644	pullups-commando.jpg	16450	0	t	f	1	0	t	\N
790	\N	\N	f	16777216	0	7	2	Middle Split Hinge	\N	0	standing-straddle-stretch.jpg	1	33664	f	f	8	0	t	https://www.youtube.com/watch?v=lYj6WB3Hyes
574	\N	Too dangerous for most people	f	0	0	6	2	Bodyweight Jefferson Curl	\N	0	jefferson-curl.jpg	3040	1	f	f	9	0	t	https://www.youtube.com/watch?v=C44fjSS7X5k
827	squats-sumo.webp	\N	f	0	32	6	2	Assisted Sumo Squats	\N	1025	sumo-squats.jpg	35712	0	f	f	1	0	t	https://www.youtube.com/watch?v=IV9w7gwhxN8
841	pullups-commando.webp	\N	t	12582912	8	6	2	Assisted Commando Pullups	\N	196644	pullups-commando.jpg	16450	0	t	f	1	0	t	\N
725	\N	Duplicate of Chest Fly. Although there is a Crossover Fly where you actually cross your arms over each other.	t	0	0	6	2	Bear Hug	\N	0	bodyweight-fly.jpg	262156	0	f	f	1	0	t	\N
784	\N	\N	f	0	0	1	1	Wild Thing	aka. Camatkarasana	0	wild-thing.jpg	4512	262161	f	f	24	0	\N	https://www.youtube.com/watch?v=CWS240CGV00
822	flutter-kicks-reverse.webp	\N	t	0	0	6	2	Reverse Scissor Kicks	\N	0	flutter-kicks.jpg	384	0	f	f	1	0	\N	https://www.youtube.com/watch?v=UsO66ZUvzb0
814	pullups-assisted.webp	\N	f	12582912	8	6	2	Assisted Pullups	t=6.50-16s	196644	full-pullups.jpg	16450	0	f	f	1	0	t	\N
556	\N	Seems dangerous	f	0	0	7	2	Elbow Lift	\N	0	chinese-back-plank.jpg	261	0	f	f	0	0	t	\N
876	downward-dog-to-plank.webp	\N	f	0	0	7	2	Quadruped to Downward Dog Alternating Toe Touches	\N	0	downward-dog-pose.jpg	145	3840	f	f	9	0	t	https://www.youtube.com/watch?v=uFcyCj2-Cdk
785	scapular-retraction-prone.webp	\N	f	0	0	6	2	Prone Scapular Retraction	\N	0	prone-t.jpg	196644	8	f	f	9	0	t	https://www.youtube.com/watch?v=kbdjnPwCCD0
971	crab-reach.webp	\N	f	8388608	0	7	2	Crab Reach	Not strength, belongs in warmup/cooldown	0	crab-reach.jpg	261	4	f	f	24	0	t	https://www.youtube.com/watch?v=QoXSQAsmVco
649	\N	\N	f	67108864	64	6	2	Reverse Lunge with Contralateral Reach	\N	0	reverse-lunge-reach.jpg	2816	263185	t	f	25	0	t	https://www.youtube.com/watch?v=yxcJvVvyi1o
788	knee-tucks.webp	\N	f	0	0	6	2	Knee Tucks	\N	2048	hamstring-slides.jpg	8193	0	f	f	25	0	t	https://www.youtube.com/watch?v=54q250IUEAc
129	glute-bridge-one-leg.webp	\N	t	0	16	6	2	One-Leg Glute Bridge	\N	512	glute-bridge-one-leg-alt.jpg	256	0	t	f	1	0	t	https://www.youtube.com/watch?v=z4J188sFD4g
435	reverse-leg-lift-standing.webp	\N	t	0	0	6	2	Standing Reverse Single Leg Lift	\N	8193	reverse-single-leg-lift-alt.jpg	256	0	t	f	1	0	t	https://www.youtube.com/watch?v=SSZh8SL_cNg
501	inch-worms.webp	\N	f	0	1	6	2	Inch Worms	\N	0	full-pushups.jpg	4108	199553	f	f	8	0	t	https://www.youtube.com/watch?v=Gv0rFtj-XjI
823	glute-bridge-march.webp	\N	t	0	0	6	2	Glute Bridge March	\N	512	glute-bridges.jpg	256	0	f	f	1	0	t	https://www.youtube.com/watch?v=c_4Y0I8vgzY
504	toy-soldiers.webp	\N	f	0	256	6	2	Toy Soldiers	\N	0	toy-soldiers.jpg	8720	65921	t	f	9	0	t	https://www.youtube.com/watch?v=cIqzwOUilR4
45	\N	\N	f	0	4	6	2	Wall Bridges	\N	32	wall-bridges.jpg	4224	0	f	f	29	0	t	https://www.hybridcalisthenics.com/wall-bridges
819	reverse-lunge.webp	\N	f	67108864	64	6	2	Assisted Reverse Lunge	\N	33792	reverse-lunge-alt.jpg	2147494656	0	t	f	1	0	t	https://www.youtube.com/watch?v=pgAd7fVWjCQ
722	reverse-lunge-knee-drive.webp	\N	f	67108864	64	6	2	Reverse Lunge to Knee Drive	\N	0	reverse-lunge.jpg	2147494656	1025	t	f	27	0	t	https://www.youtube.com/watch?v=erZnw1J38z4
812	lateral-squat.webp	\N	f	0	32	6	2	Assisted Lateral Squat	\N	17	lateral-squat.jpg	12884970496	0	t	f	1	0	t	https://www.youtube.com/watch?v=SmExpR-ilaA
802	deep-squats.webp	\N	t	0	32	6	2	Deep Squats	\N	1	squat-deep.jpg	2147486464	0	f	t	9	0	t	https://www.youtube.com/watch?v=SW_C1A-rejs&t=74s
820	deep-squats-assisted.webp	\N	f	0	32	6	2	Assisted Deep Squats	\N	1	deep-squats-assisted.jpg	2147486464	0	f	t	9	0	t	https://www.youtube.com/watch?v=UqnCCmzMpdE
26	squats-narrow.webp	\N	f	0	32	6	2	Narrow Squats	\N	1025	narrow-squats.jpg	2147486464	0	f	f	1	0	t	https://www.hybridcalisthenics.com/narrow-squats
222	lateral-raise.webp	\N	t	0	0	6	2	Lateral Raise	\N	458784	lateral-raise-alt.jpg	34359738372	0	t	f	1	0	t	\N
2	pushups-incline.webp	\N	f	0	1	6	2	Incline Pushups	\N	133521	incline-pushups.jpg	17179873292	0	f	f	1	0	t	https://www.hybridcalisthenics.com/incline-pushups
994	\N	\N	f	0	0	6	10	Reverse Monster Walk	\N	0	hamstring-slides.jpg	12884902656	0	f	f	1	0	t	\N
82	\N	For starters, many people struggle with the hands-overhead position required in triceps extensions. "Some have a hard time standing straight up without flaring their ribs when they bring their arms overhead," Summers says.\n\nThis difficulty may be related to limited shoulder mobility, a common issue that can reduce your shoulders' range of motion, thus making it challenging to straighten your arms above you without discomfort. Consequently, attempting a move like the overhead triceps extension exacerbates the problem and can create new pain points.\n\n"Usually what happens with people who lack shoulder and thoracic [upper back] mobility is they start to compensate in other ways by jutting their neck out of alignment or overarching their lower back," Summers says.\n\nIn other words, putting your already weak shoulders in a vulnerable position can lead to injury in them as well as your neck and back. This scenario becomes especially troublesome if you misjudge your strength and lift too heavy.	t	0	0	6	2	Tricep Extension	\N	0	tricep-extension.jpg	4096	0	f	f	1	0	t	\N
805	donkey-kicks-straight-leg.webp	\N	t	0	0	6	2	Straight-Leg Donkey Kicks	\N	0	quadruped-leg-raise.jpg	768	0	f	f	17	0	t	https://www.youtube.com/watch?v=FlWTMfgB0Hk
584	\N	\N	t	33554432	0	7	2	Wall Slide	\N	524417	wall-sit.jpg	2048	0	f	f	1	0	t	https://www.youtube.com/watch?v=KRHexHq1PsQ
626	\N	\N	f	0	0	6	2	Pike Compressions	\N	0	pike-compressions.jpg	8193	0	f	f	1	0	t	https://www.youtube.com/watch?v=5NU3HsSvP3Y
536	\N	World's Greatest Stretch covers this movement and is also more dynamic. This is closer to Lizard Pose then anything.	f	0	0	7	2	Groiners	\N	0	groiners.jpg	0	41472	t	f	8	0	t	https://www.youtube.com/watch?v=RSMWpaY_iaQ
219	\N	The weight doesn't apply to the full range of motion.	t	0	0	6	2	Tricep Kickback	\N	0	tricep-kickback.jpg	4096	0	f	f	1	0	t	\N
503	\N	\N	f	0	0	6	2	Walking Quad Stretch	\N	0	quad-stretch.jpg	2305	0	f	f	24	0	t	https://www.youtube.com/watch?v=OyDRyX8ltvc
591	\N	Isolation exercise. Hammer Curl is better since it works the forearms and biceps more evenly.	t	0	0	6	2	Drag Curl	\N	0	bicep-curl.jpg	16386	0	f	f	1	0	t	\N
476	hamstring-bridge-one-leg.webp	\N	f	0	0	6	2	One-Leg Hamstring Bridges	\N	256	hamstring-bridge-one-leg-alt.jpg	512	0	t	f	1	0	t	https://www.youtube.com/watch?v=xID-LStu1pE
399	\N	\N	f	1048576	0	6	2	Ball Squeezes	\N	0	ball-squeezes.jpg	16384	0	f	f	1	0	t	https://www.youtube.com/watch?v=8h0tSMxLNG4
311	\N	\N	t	67108864	0	7	2	One-Leg Straight-Leg Calf Raises	Ankle plantar flexion.	524288	one-leg-full-calf-raises.jpg	1024	0	t	f	1	0	t	https://www.youtube.com/watch?v=ORT4oJ_R8Qs
505	arm-circles.webp	\N	t	8388608	0	6	2	Arm Circles	\N	0	arm-circles.jpg	65540	0	f	f	9	0	\N	https://www.youtube.com/watch?v=3STTSi_jdHk
679	romanian-deadlift-split-stance.webp	\N	t	0	16	6	2	Split Stance Romanian Deadlift	\N	10401	romanian-deadlift-split-stance.jpg	832	0	t	t	17	0	t	https://www.youtube.com/watch?v=ve2QtmRD5U4
706	\N	\N	f	8388608	0	7	2	Arm Wall Slide	\N	0	arm-wall-slide-alt.jpg	262148	196640	f	f	9	0	t	https://www.youtube.com/watch?v=LvW1tOPwTBM
571	\N	\N	t	67108864	0	7	2	Bent-Knee Calf Raises	Ankle plantar flexion.	524288	full-calf-raises.jpg	1024	0	f	f	1	0	t	https://www.youtube.com/watch?v=74cvWvL_Jv0
664	overhead-reach-banded.webp	\N	t	8388608	0	6	10	Banded Overhead Reach	\N	72	banded-overhead-reach.jpg	458788	0	f	f	1	0	t	\N
682	dead-bug-straight-leg.webp	\N	f	0	0	6	2	Straight-Leg Dead Bug	\N	0	dead-bugs.jpg	145	73728	t	f	1	0	t	https://www.youtube.com/watch?v=dC2AlqiDXM8
600	wrist-curl-reverse.webp	\N	t	6291456	0	6	2	Wrist Curls	aka. Wrist Flexion and Extension	0	wrist-curl.jpg	16384	0	f	f	1	0	t	https://www.youtube.com/watch?v=MYBrjpGMb-w
572	glute-kickback.webp	\N	t	0	0	6	2	Glute Kickback	\N	1	quadruped-leg-raise.jpg	768	0	f	f	1	0	t	https://www.youtube.com/watch?v=TJbnvoFkLKI
723	pullup-negatives.webp	\N	f	0	8	6	2	Pullup Negatives	\N	65541	full-pullups.jpg	16482	0	f	f	1	0	t	\N
724	\N	\N	f	0	8	6	2	Chinup Negatives	\N	196644	full-pullups.jpg	16450	0	f	f	1	0	t	\N
346	\N	\N	f	0	0	1	1	Boat Float	\N	2048	boat-pose.jpg	8321	0	f	f	1	0	\N	https://www.youtube.com/watch?v=QVEINjrYUPU
680	\N	\N	t	0	0	7	2	Standing Windmill	Keeping this as accessory. It's hard to load and focuses more on shoulder stability.	4356	kettlebell-windmill.jpg	327680	520	t	f	1	0	t	https://www.youtube.com/watch?v=a-KqiYR7CZc
694	farmers-carry-one-hand.webp	\N	t	0	384	6	10	One-Hand Farmer's Carry	\N	241506	carry-suitcase.jpg	16529	0	t	f	17	0	\N	\N
35	rows-horizontal.webp	\N	f	0	2	6	2	Horizontal Rows	\N	212998	advanced-horizontal-pullups.jpg	96	0	f	f	1	0	t	\N
695	overhead-carry.webp	\N	t	0	384	7	2	One-Hand Overhead Carry	Main focus is core and shoulder stability.	20740	overhead-carry.jpg	262289	0	t	f	17	0	\N	\N
651	stiff-legged-deadlift.webp	\N	t	0	16	6	2	Stiff-Legged Deadlift	\N	2081	romanian-deadlift.jpg	10176	0	f	t	1	0	t	\N
815	chinups-assisted.webp	\N	f	12582912	8	6	2	Assisted Chinups	\N	196644	full-pullups.jpg	16450	0	f	f	1	0	t	\N
229	\N	More or less a duplicate of the Bench Press.	t	0	1	7	2	Alternating Dumbbell Bench Press (Top Down)	\N	0	bench-press-alternating.jpg	20490	65540	t	f	1	0	t	\N
113	lateral-lunge-alt.webp	\N	t	117440512	32	6	10	Lateral Lunge	\N	1024	lateral-lunge.jpg	12884937472	0	t	f	9	128	t	https://www.youtube.com/watch?v=gwWv7aPcD88
1	wall-pushups.webp	\N	f	0	1	6	2	Wall Pushups	\N	0	wall-pushups.jpg	17179873292	0	f	f	1	0	t	https://www.hybridcalisthenics.com/wall-pushups
818	split-squat-elevated.webp	\N	f	50331648	64	6	2	Assisted Bulgarian Split Squats	\N	513	bulgarian-split-squat.jpg	2147518720	0	t	f	1	0	t	https://www.youtube.com/watch?v=kkt_f-NvlNE
513	romanian-deadlift-one-leg.webp	\N	t	0	16	6	2	One-Leg Romanian Deadlift	\N	10401	romanian-deadlift-one-leg.jpg	832	0	t	t	17	0	t	https://www.youtube.com/watch?v=HtHxnWmMgzM
373	\N	\N	t	0	0	7	2	Turkish Get-Up	Does not work vertical push functional movement--range of motion is too small. This is primarily mobility training. Not a functional movement.	4100	turkish-get-up-3-4.jpg	2816	0	t	f	17	0	t	https://www.youtube.com/watch?v=saYKvqSscuY
426	\N	You go for a warmup jog, not a warmup run.	f	0	0	6	4	Running	\N	1	running.jpg	12032	0	f	f	4	0	\N	\N
308	windshield-wipers.webp	Hip is under tension when doing the exercise which creates a lot of unwanted pressure on the lumbar spine.	f	0	256	7	2	Windshield Wipers	\N	384	windshield-wipers.jpg	17	0	f	f	1	0	t	https://www.youtube.com/watch?v=VB8doGLjRD8
21	\N	\N	f	0	0	6	2	Toe to Bars	\N	82048	toe-to-bars.jpg	8193	0	f	f	1	0	t	\N
56	dips-full.webp	As you lower yourself into the dip, the moment arm and therefore the effort requirement increases not at the elbow, but at the shoulder (glenohumeral joint).\n\nThis is illustrated in the image below. The line of force (vertical line) travels straight down through the elbow. There is no moment arm (horizontal line) to the elbow whatsoever.\n\nThis makes the exercise primarily a challenge to the anterior deltoid.	t	0	4	6	2	Full Dips	\N	131073	full-dips.jpg	4108	0	f	t	1	0	t	\N
15	\N	\N	f	0	0	6	2	Full Leg Raises	\N	16	full-leg-raises-alt.jpg	8193	0	f	f	1	0	t	https://www.hybridcalisthenics.com/full-leg-raises
16	leg-raises-plow.webp	\N	f	0	0	6	2	Tuck Plow Raises	\N	16	tuck-plow-raises.jpg	8193	0	f	f	1	0	t	https://www.hybridcalisthenics.com/tuck-plow-raises
609	\N	This is because when you do them, you are holding the weight and have a long lever arm.  This can place excessive pressure on your spine in the long term and potentially lead to spine damage where Foramina close down more.  This can cause nerve impingement, which can lead to feelings of pain, tingling, numbness, and burning sensations traveling down your leg.  	t	0	0	6	2	Side Bends	\N	0	lateral-raise.jpg	131108	0	t	t	1	0	t	\N
498	halo.webp	\N	t	0	0	6	2	Plate Halo	\N	131104	front-raise.jpg	327684	0	t	f	9	0	t	\N
442	\N	Flows are too hard to structure into a generated workout routine. Leave this out and let user's do pushups and rows seperately. That allows them to use the correct amount of weight for each exercise as well. Doing them both in one and you might bottleneck the weight.	t	0	3	7	2	Pushup Row	\N	67968	dumbbell-plank-row.jpg	135293	0	t	f	17	0	t	https://www.youtube.com/watch?v=DOwKwxjGvbM
610	\N	Not targeting serious calisthenics people	f	0	16	6	2	Inverted Deadlift	\N	33	deadlift.jpg	3008	0	f	f	1	0	t	https://www.youtube.com/watch?v=NIJw1vKLjbs
653	\N	\N	t	0	256	6	2	Standing Oblique Twists	\N	0	twists-oblique-standing.jpg	16	129	f	t	1	0	t	https://www.youtube.com/watch?v=I5YbtdqK6g0
831	\N	There are too many variations of this. Stick with Plank to Downward Dog and make Elevated Pike Plank Walk a precursor to Wall Walking Handstand	f	0	0	6	2	Pike Plank Walk	\N	479268	pike-pushups.jpg	145	0	f	f	1	0	t	https://www.youtube.com/shorts/1mmmPWBShSA
832	\N	\N	f	0	0	6	2	Elevated Pike Plank Walk	\N	479268	elevated-pike-pushups.jpg	145	0	f	f	1	0	t	https://www.youtube.com/watch?v=96SKsv89_bk
573	\N	Too dangerous for most people	t	0	0	6	2	Jefferson Curl	\N	0	jefferson-curl.jpg	3040	1	f	f	1	0	t	\N
843	\N	Duplicate of Chinups	f	12582912	8	6	2	Wide-Grip Chinups	\N	131109	narrow-pullups.jpg	81986	0	f	f	1	0	t	\N
566	\N	\N	f	0	0	6	2	Pseudo Planche	\N	0	full-pushups.jpg	4108	199057	f	f	1	0	t	https://www.youtube.com/watch?v=odcPqBOlJhI
526	\N	Regular Bird Dogs are as good as they get.	f	0	0	7	2	Knees Up Bird Dogs	\N	0	bird-dogs.jpg	2449	512	f	f	17	0	t	https://www.youtube.com/watch?v=A8v2tShgkDY
614	\N	\N	t	0	0	6	10	Standing Inner Thigh Leg Lift	\N	0	standing-inner-thigh-leg-lift.jpg	33024	8209	f	f	1	0	t	https://www.youtube.com/watch?v=Vce3tIYpzhc
715	\N	Flows are too hard to structure into a generated workout routine. Leave this out and let user's do pushups and rows seperately. That allows them to use the correct amount of weight for each exercise as well. Doing them both in one and you might bottleneck the weight.	t	0	40	6	2	Squat to Upright Row	\N	133	dumbbell-bent-over-rows.jpg	135010	0	f	f	1	0	t	\N
826	\N	\N	f	0	0	6	2	Assisted Matrix Squats	\N	1025	matrix-squat.jpg	2560	0	f	t	1	0	t	https://www.youtube.com/watch?v=VUiFlZ2FsKA
385	\N	\N	f	0	0	1	1	Tree Stretch	\N	0	tree-pose.jpg	1	41472	t	f	24	0	\N	https://www.youtube.com/watch?v=Fr5kiIygm0c
756	heel-sits.webp	\N	t	16777216	0	7	2	Heel Sits	\N	512	heel-sit.jpg	2304	0	f	f	1	0	t	https://www.youtube.com/watch?v=hUFE3sZytGo
620	\N	\N	t	67108864	0	7	2	Toe Raises	Ankle dorsiflection.	0	seated-calf-raises.jpg	524288	1024	f	f	1	0	t	https://www.youtube.com/watch?v=Utyi88eO5V8
28	\N	\N	f	0	32	6	2	Front Staggered Squats	\N	1025	squats-staggered-front.jpg	2147486464	0	f	f	1	0	t	https://www.hybridcalisthenics.com/front-staggered-squats
6	\N	\N	f	0	1	6	2	Narrow Pushups	\N	133521	narrow-pushups.jpg	17179873292	0	f	f	1	0	t	https://www.hybridcalisthenics.com/narrow-pushups
668	pike-pushups-elevated.webp	\N	f	0	4	6	2	Elevated Pike Pushups	\N	262321	elevated-pike-pushups.jpg	17179873292	0	f	f	1	0	t	https://www.youtube.com/watch?v=Btd_dHxL9EQ
116	split-squat-elevated.webp	\N	t	50331648	64	6	2	Bulgarian Split Squats	\N	513	bulgarian-split-squat.jpg	2147518720	0	t	f	1	0	t	https://www.youtube.com/watch?v=2C-uNgKwPLE
593	\N	Isolation exercise. Hammer Curl is better since it works the forearms and biceps more evenly.	t	0	0	6	2	Zottman Curl	\N	0	bicep-curl.jpg	16386	0	f	f	1	0	t	https://www.youtube.com/watch?v=ZrpRBgswtHs
328	hamstring-bridge.webp	\N	t	0	0	6	2	Hamstring Bridges	\N	256	hamstring-bridge.jpg	512	0	f	f	1	0	t	https://www.youtube.com/watch?v=hlth_Of9LEc
478	\N	\N	t	0	0	6	2	Single-Leg Hamstring Catch	\N	0	hamstring-catch.jpg	512	0	t	f	1	0	t	https://www.youtube.com/watch?v=MfumpO_3NYI
480	\N	\N	f	0	0	6	2	Straight Leg Ball Pickup	\N	0	ball-pick-up.jpg	512	0	f	f	25	0	t	https://www.youtube.com/watch?v=tkPiBbsz1Yg
36	\N	\N	f	12582912	8	6	2	Jackknife Pullups	\N	196644	jackknife-pullups.jpg	16450	0	f	f	1	0	t	\N
563	\N	Too obscure	f	0	0	6	2	Pelican Curl	\N	0	bicep-curl.jpg	16386	0	f	f	0	0	t	\N
577	dead-bug.webp	\N	f	0	0	6	2	Bent-Knee Dead Bug	\N	0	dead-bugs.jpg	145	73728	t	f	1	0	t	https://www.youtube.com/watch?v=Edw8Ur8DNiU
392	\N	\N	t	4194304	0	6	2	Forearm Wrist Twists	aka. Forearm Pronation/Supination	2	wrist-rotations.jpg	16384	0	f	f	1	197	t	\N
247	lunges-walking.webp	\N	t	0	64	6	2	Walking Lunges	Hard on the knees, keep as a warmup only.	1024	lunges-walking.jpg	11008	0	t	f	1	0	t	https://www.youtube.com/watch?v=L8fvypPrzzs
464	\N	\N	f	0	0	6	2	One-Leg Dives	\N	0	the-diver.jpg	512	0	t	f	25	0	t	https://www.youtube.com/watch?v=OIVuHfS9okw&list=PLkeoBd4A272PvOD-KSdr_uELkF6kvvL8G&index=27
158	plank-alternating-reach.webp	\N	f	0	0	7	2	Plank with Alternating Reach	\N	2052	plank-reach.jpg	8337	0	f	f	1	0	t	https://www.youtube.com/watch?v=8922-DbpYIU
353	\N	\N	f	8388608	0	6	2	Wall Angels	\N	0	wall-angels.jpg	131104	327756	f	f	8	0	t	https://www.youtube.com/watch?v=1UU4VvklQ44
14	\N	Inbetween step that seems too verbose.	f	0	0	6	2	Alternating Leg Raises	\N	16	alternating-leg-raises.jpg	8193	0	t	f	1	0	t	https://www.hybridcalisthenics.com/alternating-leg-raises
46	\N	\N	f	0	4	6	2	Incline Bridges	\N	32	incline-bridges.jpg	4224	0	f	f	29	0	t	https://www.hybridcalisthenics.com/incline-bridges
240	overhead-press.webp	\N	t	0	4	6	10	Overhead Press	\N	65576	overhead-press.jpg	266244	0	f	f	1	0	t	\N
47	bridges-head.webp	\N	f	0	4	6	2	Head Bridges	\N	32	head-bridges.jpg	4224	0	f	f	29	0	t	https://www.hybridcalisthenics.com/head-bridges
259	\N	\N	t	0	32	6	2	Hack Squat	\N	1153	barbell-hack-squat.jpg	2816	0	f	f	1	0	t	\N
512	\N	\N	f	16777216	0	1	1	Butterfly Stretch	aka. Bound Angle Pose; Baddha Konasana.	0	seated-butterfly-stretch.jpg	0	40960	f	f	8	0	\N	https://www.youtube.com/watch?v=4xweyzS7Rno
622	face-pulls.webp	\N	t	8388608	0	6	2	Face Pulls	This is primarily mobility training. Not a functional movement.	278532	face-pulls.jpg	196640	0	f	f	1	137	t	\N
643	\N	\N	t	0	0	7	2	1/4 Turkish Get-Up	Does not work vertical push functional movement--range of motion is too small. This is primarily mobility training. Not a functional movement.	4100	turkish-get-up-1-4.jpg	256	0	t	f	17	0	t	https://www.youtube.com/watch?v=Adp4EV4OaDM
644	\N	\N	t	0	0	7	2	2/4 Turkish Get-Up	Does not work vertical push functional movement--range of motion is too small. This is primarily mobility training. Not a functional movement.	4612	turkish-get-up-2-4.jpg	2304	0	t	f	17	0	t	https://www.youtube.com/watch?v=dB8NDBaQ_Dw
645	\N	\N	t	0	0	7	2	3/4 Turkish Get-Up	Does not work vertical push functional movement--range of motion is too small. This is primarily mobility training. Not a functional movement.	4612	turkish-get-up-3-4.jpg	2304	0	t	f	17	0	t	https://www.youtube.com/watch?v=LdePxGTLLUQ
307	\N	Too hard on the knees. Use the Reverse Lunge variations.	t	0	64	6	2	Full Lunges	\N	1024	full-lunges.jpg	11008	0	t	f	1	0	t	https://www.youtube.com/watch?v=ci4rsmlOk24
330	\N	\N	f	0	0	7	2	Lateral Bear Crawl	\N	269060	bear-crawl.jpg	145	0	f	f	1	0	t	https://www.youtube.com/watch?v=Jxr9WTaeswQ
443	\N	Can't find instructional video	f	0	0	7	2	Bird Dogs with Sweep	\N	0	bird-dogs.jpg	2449	512	f	f	25	0	t	https://www.youtube.com/watch?v=wiFNA3sqjCA
541	\N	\N	f	0	0	7	2	Lateral Crab Walk	\N	4	reverse-tabletop.jpg	401	0	f	f	9	0	t	https://www.youtube.com/watch?v=3nb5-Ff6PtM
337	cossack-squats.webp	\N	t	0	0	6	2	Cossack Squats	\N	0	cossack-squats.jpg	2147486464	32768	f	f	1	0	t	https://www.youtube.com/watch?v=dhDjKmTX8tU
220	\N	You use your front shoulders a lot every time you bench or press, so front raises are not as necessary for even development.	t	0	0	6	2	Overhead Front Raise	\N	1	weighted-front-overhead-raise.jpg	17180196868	0	f	f	1	0	t	\N
7	\N	\N	f	0	1	6	2	Side Staggered Pushups	\N	133521	side-staggered-pushups.jpg	17179873292	0	f	f	17	0	t	https://www.hybridcalisthenics.com/side-staggered-pushups
457	\N	These don't seem too good of a warmup.	f	0	1	6	2	Beast Pushups	\N	0	full-pushups.jpg	17179873292	199057	f	f	9	0	t	https://www.youtube.com/watch?v=-xy_q9vkVEY
816	split-squat-assisted.webp	\N	f	184549376	64	6	10	Assisted Split Squat	\N	32768	split-squat-assisted.jpg	2147486464	0	t	f	1	0	t	https://www.youtube.com/watch?v=F9ur8BkHtks
250	split-squat.webp	\N	t	184549376	64	6	10	Split Squat	\N	32768	split-squat.jpg	2147486464	0	t	f	1	0	t	https://www.youtube.com/watch?v=vvZHaPGOIWU
458	\N	\N	f	8388608	0	6	2	Prone Snow Angels	\N	0	snowangels.jpg	65540	393312	f	f	8	0	t	https://www.youtube.com/watch?v=gT4A4DyDEgw
169	superman-alternating.webp	\N	f	0	0	7	2	Alternating Superman	\N	0	superman-alternating.jpg	932	9	f	f	1	0	t	https://www.youtube.com/watch?v=Gui5TqiKjZI
75	superman-alt.webp	\N	f	0	0	7	2	Superman	\N	0	superman.jpg	932	9	f	f	1	0	t	https://www.youtube.com/watch?v=z6PJMT2y8GQ
607	hanging-oblique-raises.webp	\N	t	0	0	6	2	Hanging Oblique Raises	\N	82048	hanging-oblique-raises.jpg	8209	0	f	f	1	0	t	\N
48	bridges-full.webp	\N	f	0	4	6	2	Full Bridges	\N	32	full-bridges.jpg	4480	0	f	f	29	0	t	https://www.hybridcalisthenics.com/full-bridges
528	\N	\N	f	0	0	6	2	Wall Walking Handstand	Not a vertical pushing movement. Locked out elbows do not work the full vertical push range of motion.	0	wall-hand-stand.jpg	266469	0	f	f	1	0	t	https://www.youtube.com/watch?v=VpuoE246W1Y
567	\N	\N	f	0	4	7	2	Wall Handstand Pushups	\N	129	wall-hand-stand.jpg	266284	0	f	t	17	0	t	https://www.youtube.com/watch?v=0wDEO6shVjc
689	\N	\N	t	0	0	1	1	Isometric Dead Bug	\N	0	dead-bugs.jpg	145	73728	f	f	1	0	\N	https://www.youtube.com/watch?v=4UkmlkOA4I0
793	flutter-kicks-reverse.webp	\N	t	0	0	6	2	Reverse Flutter Kicks	\N	0	flutter-kicks.jpg	384	0	f	f	1	0	\N	https://www.youtube.com/watch?v=9i0J_I4ASow
696	rack-carry-one-hand.webp	\N	t	0	384	6	10	One-Hand Rack Carry	Can't get the same load as a Farmer's Carry, reducing work required by the Glutes.	175970	carry-suitcase.jpg	16529	0	t	f	17	0	\N	\N
677	\N	\N	f	0	0	1	1	One-Leg King Pigeon Stretch	\N	0	king-pigeon-stretch.jpg	0	41472	t	f	24	0	\N	https://www.youtube.com/watch?v=U2oimBogB4k
33	\N	Too easy	f	0	2	6	2	Wall Rows	\N	212998	rows-vertical.jpg	96	0	f	f	1	0	t	https://www.hybridcalisthenics.com/wall-pullups
729	\N	\N	f	0	0	6	2	McGill Curl Up	\N	0	mcgill-curl-up.jpg	1	0	f	f	1	0	t	https://www.youtube.com/watch?v=A7HH8DivGB0
701	\N	\N	f	67108864	0	6	2	Foot Mash	\N	0	foot-mash.jpg	0	1024	t	f	8	0	t	https://www.youtube.com/watch?v=IAvAmciUoC4
205	ab-v-up.webp	They push your curved spine against the floor and work your hip flexors, the muscles that run from the thighs to the lumbar vertebrae in the lower back. When the hip flexors are too strong or too tight, they tug on the lower spine, which can create lower back discomfort.	f	0	0	6	2	Ab V-Up	\N	0	ab-v-up.jpg	8193	0	f	f	1	0	t	https://www.youtube.com/watch?v=0UIS7TDHMQU
52	\N	This is a fancy way to get in the bridge position, but you aren't actually doing a push up to a bridge.	f	0	4	6	2	Stand to Stand Bridges	\N	32	standtostand-bridges-alt.jpg	4480	0	f	f	29	0	t	https://www.hybridcalisthenics.com/standtostand-bridges
51	\N	This is a fancy way to get in the bridge position, but you aren't actually doing a push up to a bridge.	f	0	4	6	2	Wall Walking Bridges	\N	32	wallwalking-bridges.jpg	4480	0	f	f	29	0	t	https://www.hybridcalisthenics.com/wallwalking-bridges
847	\N	\N	t	67108864	0	7	2	Calf Smash	\N	768		0	1024	t	f	8	0	t	\N
24	squats-half.webp	 Partial squats don’t activate the complete range of muscles that full squats do, missing out the hamstrings, glutes and adductors. The fact that they work the quadriceps and not the hamstrings can lead to an imbalance in the muscles, which heightens the risk of a hamstring or anterior cruciate ligament tear.	f	0	32	6	2	Half Squats	\N	1	half-squats.jpg	2048	0	f	f	1	0	t	https://www.hybridcalisthenics.com/half-squats
521	flyes-dumbbell.webp	\N	t	0	0	6	2	Chest Fly	\N	0	bodyweight-fly.jpg	8	0	f	f	1	0	t	\N
672	\N	Hard to maximize weight because the max depends on standing up straight when the weight is pulling you backwards and you will lose balance.	t	0	16	6	2	Banded Pull Through	\N	0	pull-through.jpg	2944	8192	f	f	1	0	t	\N
768	bridge-yoga-alt.webp	\N	f	0	16	6	2	Yoga Bridge	\N	8320	glute-bridges-yoga.jpg	2816	0	f	f	29	0	t	https://www.youtube.com/watch?v=6HYNo1YQsUk
39	\N	More likely to cause tendon imflammation? Just stick with Full Pullups.	f	12582912	8	6	2	One-Hand Pullups	\N	131108	one-arm-pullups.jpg	81986	0	t	f	1	0	t	\N
565	\N	\N	t	0	0	6	2	Hanging Leg Raises	\N	82048	hanging-leg-raises.jpg	8193	0	f	f	1	0	t	\N
50	\N	\N	f	0	4	6	2	Tap Bridges	\N	32	tap-bridges-alt.jpg	4480	0	f	f	29	0	t	https://www.hybridcalisthenics.com/tap-bridges
390	\N	Can't find a good instructional video.	f	8388608	0	7	2	Shoulder W's	\N	0	wall-w.jpg	196640	262220	f	f	8	0	t	https://www.youtube.com/watch?v=1JZRHWq4rco
317	squats.webp	\N	t	0	32	6	2	Front Squats	\N	1025	full-squats-weighted.jpg	2147486464	0	f	f	1	0	t	https://www.hybridcalisthenics.com/full-squats
810	lateral-squat-feet-elevated-alt2.webp	\N	t	0	32	6	2	Foot-Elevated Lateral Squat	\N	17	lateral-squat-feet-elevated.jpg	12884970496	0	t	f	1	0	t	https://www.youtube.com/watch?v=4BNnqZ2gd9k
253	lateral-squat.webp	\N	t	0	32	6	2	Lateral Squat	\N	17	lateral-squat.jpg	12884970496	0	t	f	1	0	t	https://www.youtube.com/watch?v=RbXfgmqorAQ
811	squats-skater.webp	\N	f	0	0	6	2	Assisted Skater Squats	Not functional. More of a balance/mobility exercise.	42001	reverse-lunge.jpg	2147486464	0	t	f	1	0	t	https://www.youtube.com/watch?v=DExb7UaAlbg
245	\N	\N	t	50331648	0	6	2	Lateral Step Ups	\N	42496	step-ups-lateral.jpg	12884904192	0	t	f	17	0	t	\N
636	curtsy-lunge.webp	\N	t	117440512	0	6	2	Curtsy Squats	May be dangerous for anyone with movement restrictions in the ankle, knee, hip or back as well as injuries to any of these structures	1024	lunges-curtsy.jpg	12884937472	0	t	t	17	0	t	https://www.youtube.com/watch?v=1MgFup8A_0c
623	\N	“Using a leg extension machine isn’t functional – there is no natural movement in life were you sit and straighten your knee with a 100-pound load against it,” says Joe Tatta, DPT. He’s a physical therapist at Premier Physical Therapy & Wellness in New York City.	t	0	0	6	2	Standing Leg Extension	\N	257	standing-leg-extension-alt.jpg	10240	0	f	f	1	0	t	https://www.youtube.com/watch?v=YvLneRU9BlA
625	back-extension.webp	\N	f	0	0	6	2	Back Hyperextensions	\N	512	back-extension.jpg	256	129	f	t	1	0	t	\N
522	reverse-flyes.webp	\N	t	0	0	6	2	Reverse Fly	aka. Band Pull Apart when using resistance bands.	65536	t-fly-alt.jpg	131108	0	f	f	1	0	t	\N
444	\N	\N	f	33554432	0	6	2	Nordic Hamstring Curl	\N	257	nordic-hamstrings.jpg	512	0	f	f	1	0	t	https://www.youtube.com/watch?v=xJiyXM5EW8c
661	zenith-rotations.webp	\N	f	0	256	7	2	Zenith Rotations	\N	0	zenith-rotations.jpg	196640	262169	t	f	9	0	t	https://www.youtube.com/watch?v=hGBYi7vePzM
728	\N	\N	t	0	256	6	2	Landmine Twists (Arms Only)	\N	8704	tight-twist.jpg	209	0	f	f	3	0	t	\N
608	\N	Duplicate of Landmine Oblique Twists	t	0	256	6	2	Landmine Rotations	\N	8704	tight-twist.jpg	209	0	f	f	3	0	t	\N
739	\N	\N	f	117440512	1	6	2	Hip ER Pushups	\N	133521	full-pushups.jpg	36876	0	f	f	9	0	t	https://www.youtube.com/watch?v=7U4aWnHX3ck
570	\N	\N	t	67108864	0	7	2	One-Leg Bent-Knee Calf Raises	Ankle plantar flexion.	524288	one-leg-full-calf-raises.jpg	1024	0	t	f	1	0	t	https://www.youtube.com/watch?v=4i53Hkh1rdY
562	\N	\N	f	33554432	0	6	2	Reverse Nordic Curl	\N	512	nordic-hamstrings.jpg	2048	0	f	f	1	0	t	https://www.youtube.com/watch?v=x2K8uH7dcqg
675	\N	\N	f	0	0	6	2	90/90 Get Down	\N	0	90-90.jpg	256	40960	t	f	9	0	t	https://www.youtube.com/watch?v=azvG88MPppg
518	\N	\N	f	0	0	6	10	Standing Single Leg Lift	\N	2049	single-leg-lift-standing.jpg	8192	0	t	f	1	0	t	https://www.youtube.com/watch?v=8kr91qSn3OM
654	\N	Duplicate of Frog Squat	f	16777216	32	7	2	Squat to Forward Fold	\N	0	full-squats.jpg	3840	1	f	f	1	0	t	https://www.youtube.com/watch?v=-srl3hTBOM8
745	\N	There are other hip openers that are just as good and don't require weights.	t	0	0	7	2	Hip Weight Shift	\N	0	reverse-lunge.jpg	0	40960	t	f	8	0	t	\N
582	dolphin-plank.webp	\N	f	83886080	0	7	2	Forearm Plank to Dolphin	\N	0	dolphin-stretch.jpg	270485	1024	f	f	1	0	t	https://www.youtube.com/watch?v=EL4WX_ulKrc
707	\N	\N	t	12582912	0	6	2	Scapular Pullups	Not a vertical pulling movement. Does not cover the full range of motion.	65542	full-pullups.jpg	147488	0	f	f	1	0	t	\N
637	\N	\N	f	0	0	1	1	Single Leg Downward Dog	\N	0	single-leg-downward-dog.jpg	327684	1800	t	f	8	0	\N	https://www.youtube.com/watch?v=LTlV-HA6Qt0
692	overhead-carry.webp	\N	t	0	128	7	2	Two-Hand Overhead Carry	Main focus is core and shoulder stability.	20740	overhead-carry.jpg	262273	0	f	f	17	0	\N	\N
693	\N	\N	t	0	128	6	10	Two-Hand Rack Carry	Can't get the same load as a Farmer's Carry, reducing work required by the Glutes.	175986	carry-farmers.jpg	16513	0	f	f	1	0	\N	\N
681	\N	\N	t	0	0	7	2	Half-Kneeling Windmill	Keeping this as accessory. It's hard to load and focuses more on shoulder stability.	4356	kettlebell-windmill.jpg	327680	8	t	f	1	0	t	https://www.youtube.com/watch?v=XI_WUHS2ooo
985	\N	\N	f	6291456	0	1	1	Wrist Extension Impingement	\N	0	wrist-bend.jpg	0	16384	t	f	8	0	\N	https://www.youtube.com/watch?v=EqIG8iFOtsQ
691	downward-dog-upward-dog.webp	\N	f	0	5	7	2	Downward Dog to Upward Dog	\N	0	cobra-stretch.jpg	135328	8715	f	f	8	0	t	https://www.youtube.com/watch?v=tbh0qyLJRaI
277	toe-touchers.webp	They push your curved spine against the floor and work your hip flexors, the muscles that run from the thighs to the lumbar vertebrae in the lower back. When the hip flexors are too strong or too tight, they tug on the lower spine, which can create lower back discomfort.	f	0	0	6	2	Toe Touchers	\N	0	toe-touchers-alt.jpg	8193	0	f	f	1	0	t	https://www.youtube.com/watch?v=tNVNSpA_Xkg
226	tricep-extension-lying.webp	\N	t	0	0	6	2	Lying Tricep Extension	\N	0	tricep-extension-lying.jpg	4096	0	f	f	1	0	t	\N
436	\N	\N	t	0	0	6	2	Lying Reverse Single Leg Lift	Standing exercises are more osteogenic, but also easier to cheat the correct muscles.	8193	reverse-lying-single-leg-lift.jpg	256	0	t	f	1	0	t	https://www.youtube.com/watch?v=jdLV7JuTCOY
12	\N	\N	f	0	0	6	2	Knee Raises	\N	16	knee-raises.jpg	8193	0	f	f	1	0	t	https://www.hybridcalisthenics.com/knee-raises
182	\N	Regular squats are as good as they come.	t	0	256	6	2	Side-Loaded Squat	Does not work knee flexion (squat) functional movements--you're limited in the weight you can lift by how strong your core is, so it's primarily an anti-rotation movement.	1	squats-side-loaded.jpg	3840	0	t	f	1	0	t	\N
221	\N	\N	t	0	0	6	2	Front Raise	You use your front shoulders a lot every time you bench or press, so front raises are not as necessary for even development.	1	front-raise.jpg	17180196868	0	f	f	1	0	t	\N
472	reverse-flyes.webp	\N	t	0	0	6	2	Rear Raise	Not the same as a Reverse Fly.	65536	t-fly-alt.jpg	68719607844	0	f	f	1	0	t	\N
824	split-squat.webp	\N	t	117440512	0	6	10	ATG Split Squat	Not a movement pattern, this is harder to load and is more of an accessory/mobility exercise.	1025	split-squat.jpg	2147486464	8192	t	f	9	0	t	https://www.youtube.com/watch?v=39MhCZuYdk4
431	\N	\N	t	50331648	0	6	2	Lateral Step Downs	\N	41984	step-ups-lateral.jpg	12884904704	0	t	f	25	0	t	\N
195	chest-press-neutral.webp	\N	t	0	1	6	2	Neutral-Grip Chest Press	\N	16394	bench-press-close-grip.jpg	17179873284	0	f	f	1	0	t	\N
754	\N	\N	t	50331648	0	6	2	Crossover Step Ups	\N	9216	step-ups-lateral.jpg	35584	0	t	t	17	0	t	\N
712	\N	\N	f	0	0	1	2	Standing Hamstring Stretch	\N	0	hamstring-stretch.jpg	257	512	t	f	8	0	t	https://www.youtube.com/watch?v=sHvur2PUEvg
606	\N	\N	t	0	256	6	2	Pallof Press	\N	65536	pallof-press-alt.jpg	145	0	t	f	17	255	t	\N
605	woodchopper.webp	\N	t	0	256	6	2	Woodchopper	This is primarily a core movement, so no traps, rotator cuffs, or rhomboids being worked--there are better exercises for those. This is not a prehab or rehab exercise.	458788	woodchopper.jpg	17	0	t	f	1	0	t	\N
713	\N	\N	f	0	0	1	2	Supine Hamstring Stretch	\N	0	supine-hamstring-floss.jpg	257	512	t	f	8	0	t	https://www.youtube.com/watch?v=iUNc_M2VvIU
666	\N	\N	f	0	0	6	2	Shoulder Controlled Articular Rotation	\N	0	shoulder-car.jpg	327680	0	t	f	8	0	t	https://www.youtube.com/watch?v=b6k1BQvcKIE
638	\N	\N	f	0	5	7	2	Pushup to Downward Dog	\N	0	downward-dog-pose.jpg	203165	3840	f	f	9	0	t	https://www.youtube.com/watch?v=LCLfv60R9XA
276	toe-touch-alternating.webp	They push your curved spine against the floor and work your hip flexors, the muscles that run from the thighs to the lumbar vertebrae in the lower back. When the hip flexors are too strong or too tight, they tug on the lower spine, which can create lower back discomfort.	f	0	0	6	2	Alternating Toe Touch	\N	0	alternating-toe-touch.jpg	8193	0	t	f	25	0	t	https://www.youtube.com/watch?v=NOb7EW_q_yg
172	\N	Hip is under tension when doing the exercise which creates a lot of unwanted pressure on the lumbar spine.	f	0	256	7	2	Russian Twists	\N	0	twists-russian.jpg	145	8768	f	f	1	0	t	https://www.youtube.com/watch?v=wkD8rjkodUI
170	\N	Hip is under tension when doing the exercise which creates a lot of unwanted pressure on the lumbar spine.	f	0	256	6	2	Seated Twists	\N	8768	weighted-seated-twists.jpg	145	0	f	f	8	0	t	https://www.youtube.com/watch?v=ZE6loKl2tww
783	\N	\N	f	0	0	1	1	Tall-Kneeling Backbend	\N	0	tall-kneeling-back-bend.jpg	2304	73741	f	f	8	0	\N	https://www.youtube.com/watch?v=ZW8KJdEYpbs
404	\N	\N	f	0	0	1	1	Warrior II	\N	0	warrior-ii.jpg	0	41216	t	f	8	0	\N	https://www.youtube.com/watch?v=Mn6RSIRCV3w
334	dips-assisted.webp	If you don’t use proper form, triceps dips are a risky exercise for your shoulders. Doing them in a sloppy manner places your shoulders at a higher risk of injury. According to the American Council on Exercise, dips exert substantial stress on the anterior deltoids. The problem is the shoulder, despite being a ball-and-socket joint, doesn’t have the stability that the hip joint has. When you dip, it compresses on the capsule of the shoulder joint and creates added shearing forces on the shoulders.	f	0	4	6	2	Assisted Dips	\N	131073	bench-dips.jpg	4108	0	f	t	1	0	t	https://www.youtube.com/watch?v=y4gHJ8OjxTg
844	\N	Duplicate of Pullups	f	12582912	8	6	2	Wide-Grip Pullups	\N	131108	narrow-pullups.jpg	81986	0	f	f	1	0	t	\N
524	\N	Don't need the twist	t	0	0	6	2	Twisting Dumbbell Fly	\N	0	dumbbell-fly.jpg	12	0	f	f	1	0	t	https://www.youtube.com/watch?v=7SgC-yJn_c0
523	\N	Don't need the twist	t	0	0	6	2	Decline Twisting Dumbbell Fly	\N	0	decline-dumbbell-fly.jpg	12	0	f	f	1	0	t	https://www.youtube.com/watch?v=Xa_3nfDlRCs
702	\N	\N	t	0	0	6	2	Dip Shrugs	This does not work any functional movement patterns--the range of motion is too small.	129	full-dips-alt.jpg	131108	262144	f	f	1	0	t	\N
594	\N	\N	f	0	0	6	2	Matrix Squats	\N	1025	matrix-squat.jpg	2560	0	f	t	1	0	t	https://www.youtube.com/watch?v=VUiFlZ2FsKA
500	\N	\N	f	0	16	6	2	Hamstring Scoops	\N	1	hamstring-scoops.jpg	256	512	t	f	24	0	t	https://www.youtube.com/watch?v=OVAIQ23we-8
538	flutter-kicks.webp	\N	t	0	0	6	2	Flutter Kicks	Make sure the instructional video makes it clear the user should not arch their back and instead keep it flat against the floor.	0	flutter-kicks.jpg	8193	0	f	f	1	0	\N	https://www.youtube.com/watch?v=ANVdMDaYRts
821	scissor-kicks.webp	\N	t	0	0	6	2	Scissor Kicks	Make sure the instructional video makes it clear the user should not arch their back and instead keep it flat against the floor.	0	flutter-kicks.jpg	8193	0	f	f	1	0	\N	https://www.youtube.com/watch?v=CcvAr4JYo0U
652	farmers-carry.webp	\N	t	0	128	6	10	Two-Hand Farmer's Carry	\N	241522	carry-farmers.jpg	16513	0	f	f	1	0	\N	\N
986	\N	\N	f	6291456	0	1	1	Wrist Ulnar Strengthening	\N	0	wrist-bend.jpg	0	16384	t	f	8	0	\N	\N
777	\N	Duplicate of Dumbbell Rows.	t	0	2	6	2	Seal Rows	\N	212998	seal-rows.jpg	96	0	f	f	1	0	t	\N
445	\N	\N	t	67108864	32	7	2	Front Squats with Calf Raise	Ankle plantar flexion.	524288	full-squats-pylo.jpg	3840	0	f	f	1	0	t	https://www.youtube.com/watch?v=01eRDsnJWb0
799	fire-hydrant.webp	\N	t	0	0	6	10	Fire Hydrant	aka. Quadruped Hip Abduction	1	fire-hydrant.jpg	256	32768	f	f	17	0	t	https://www.youtube.com/watch?v=X5iIUqd_U7k
711	\N	\N	f	0	16	7	2	Standing Hamstring Floss	\N	0	standing-hamstring-floss.jpg	257	512	t	f	8	0	t	https://www.youtube.com/watch?v=LLd8ojz2-o4
714	\N	\N	f	0	0	7	2	Supine Hamstring Floss	\N	0	supine-hamstring-floss.jpg	257	512	t	f	8	0	t	https://www.youtube.com/watch?v=hEykoofS5vk
532	pike-pushups.webp	\N	f	0	4	6	2	Pike Pushups	\N	262321	pike-pushups.jpg	17179873292	0	f	f	1	0	t	https://www.youtube.com/watch?v=ZnsLpLhywgk
660	\N	\N	f	0	0	7	2	Active 90/90 Hip Stretch	\N	0	90-90.jpg	0	41216	t	f	8	0	t	https://www.youtube.com/watch?v=KOV5iN86EwM
452	mountain-climbers-side-alt.webp	\N	f	50331648	0	6	4	Side Climbers	\N	0	side-mountain-climbers.jpg	44801	0	f	f	7	0	\N	https://www.youtube.com/watch?v=i3sWGOZ0-DQ
454	\N	\N	f	50331648	0	6	4	Jumping Mountain Climbers	\N	0	mountain-climbers.jpg	12033	0	f	f	7	0	\N	https://www.youtube.com/watch?v=iHjaVJih6ak
493	\N	\N	t	0	256	6	4	Parallel Scoop Throw	\N	65588	parallel-throw.jpg	52	385	f	f	3	133	\N	\N
363	\N	\N	f	50331648	0	1	1	Chair Stretch	\N	0	chair-pose.jpg	2816	265	f	f	24	0	\N	https://www.youtube.com/watch?v=tEZhXr0FuAQ
631	\N	\N	f	16777216	0	1	1	Standing Forward Fold	\N	0	forward-bend.jpg	0	896	f	f	8	0	\N	https://www.youtube.com/watch?v=gmLS4RllgoQ
760	\N	\N	f	0	288	1	1	Side Angle Stretch	\N	1025	side-angle-stretch.jpg	131076	40984	t	f	24	0	\N	https://www.youtube.com/watch?v=CPbp3o6jD7s
737	\N	\N	f	0	0	6	2	Lateral Leg Swings	\N	8209	side-lying-leg-raises.jpg	33024	0	t	f	8	0	t	https://www.youtube.com/watch?v=-SvV1cPts6s
619	\N	\N	f	67108864	0	7	2	Heel Walk	\N	0	heel-walk.jpg	524288	1024	f	f	16	0	t	https://www.youtube.com/watch?v=VDv7QEcoRGg
314	calf-raise.webp	\N	t	67108864	0	7	2	Straight-Leg Calf Raises	Ankle plantar flexion.	524288	full-calf-raises.jpg	1024	0	f	f	1	0	t	https://www.youtube.com/watch?v=k8ipHzKeAkQ
473	\N	\N	t	0	0	6	10	Standing Hamstring Curl	\N	0	standing-hamstring-curl.jpg	512	0	f	f	17	0	t	https://www.youtube.com/watch?v=Fadu_1dGVbE
548	\N	More likely to cause tendon imflammation? Just stick with Full Chinups.	f	12582912	8	6	2	One-Arm Chinups	\N	131109	one-arm-pullups.jpg	81986	0	t	f	1	0	t	\N
547	\N	More likely to cause tendon imflammation? Just stick with Full Chinups.	f	12582912	8	6	2	One-Hand Chinups	\N	131109	one-arm-pullups.jpg	81986	0	t	f	1	0	t	\N
18	hanging-knee-raises.webp	\N	f	0	0	6	2	Hanging Knee Raises	\N	82048	hanging-knee-raises.jpg	8193	0	f	f	1	0	t	\N
38	\N	Duplicate of Pullups	f	12582912	8	6	2	Narrow-Grip Pullups	\N	131108	narrow-pullups.jpg	81986	0	f	f	1	0	t	\N
549	\N	Duplicate of Chinups	f	12582912	8	6	2	Narrow-Grip Chinups	\N	131109	narrow-pullups.jpg	81986	0	f	f	1	0	t	\N
550	\N	\N	f	12582912	8	6	2	Jackknife Chinups	\N	196644	jackknife-pullups.jpg	16450	0	f	f	1	0	t	\N
717	\N	\N	t	0	16	6	2	Single Clean and Press	Although power cleans share a lot of similarities with plyometric exercises, they’re not considered plyometrics due to the fact that it only focuses on building up strength rather than speed and agility.	1	deadlift.jpg	3040	0	f	t	1	0	t	\N
720	\N	\N	t	0	16	6	2	Double Clean and Press	Although power cleans share a lot of similarities with plyometric exercises, they’re not considered plyometrics due to the fact that it only focuses on building up strength rather than speed and agility.	1	deadlift.jpg	3040	0	f	t	3	0	t	\N
546	chinups-full.webp	\N	t	12582912	8	6	2	Chinups	\N	196644	full-chinups.jpg	16450	0	f	f	1	0	t	\N
604	\N	Not targeting serious calisthenics people	f	0	0	6	2	Inverted Shrug	\N	129	inverted-shrug.jpg	147488	0	f	f	1	0	t	https://www.youtube.com/watch?v=v3r_gJMI-Z0
603	shrugs.webp	\N	t	0	0	6	10	Shrug	Doesn't target forearms like a farmer's carry does since the focus is on lifting the shoulders and not holding onto heavy weight.	16513	shrug.jpg	131104	0	f	t	1	0	t	\N
535	\N	\N	f	0	0	6	2	Quadruped Kick Through	\N	0	quadruped-plank.jpg	2449	512	f	f	17	0	t	https://www.youtube.com/watch?v=CtFKxJxLCCY
763	\N	\N	f	16777216	0	1	1	Eye of the Needle Stretch	\N	0	eye-of-the-needle-stretch.jpg	0	40960	f	f	8	0	\N	https://www.youtube.com/watch?v=MZsbHYDve0Q
587	\N	Use the compound Bicep Curl variation instead	t	0	0	6	2	Preacher Curl	\N	0	preacher-curl.jpg	16386	0	f	f	1	0	t	https://www.youtube.com/watch?v=t2BmBSmcjco
81	\N	Use the compound Bicep Curl variation instead	t	4194304	0	6	2	Concentration Curl	\N	0	concentration-curl.jpg	16386	0	f	f	1	0	t	https://www.youtube.com/watch?v=Jvj2wV0vOYU
848	\N	\N	f	16777216	0	6	2	Walking Figure 4	\N	0	quad-stretch.jpg	256	33024	f	f	24	0	t	https://www.youtube.com/watch?v=4kaFiGewP08
851	\N	\N	f	0	0	6	2	Walking Hamstring Stretch	\N	0	warrior-iii.jpg	384	512	f	f	24	0	t	https://www.youtube.com/watch?v=_PeTt3o1P6Q
850	\N	\N	f	0	0	6	2	Walking Knee Hugs	\N	0	quad-stretch.jpg	8192	448	f	f	24	0	t	https://www.youtube.com/watch?v=LM8tAla03us
875	\N	\N	f	33554432	0	6	2	Assisted Nordic Hamstring Curl	\N	257	nordic-hamstrings.jpg	512	0	f	f	1	0	t	https://www.youtube.com/watch?v=6z7Fl98jGAQ
738	leg-swings.webp	\N	f	0	0	6	2	Leg Swings	0.60-9.25s	2049	single-leg-lift.jpg	8192	0	t	f	8	0	t	https://www.youtube.com/watch?v=b5O0a01lMfg
877	downward-dog-to-plank.webp	\N	f	0	0	7	2	Quadruped to Downward Dog	\N	0	downward-dog-pose.jpg	145	3840	f	f	9	0	t	https://www.youtube.com/watch?v=BLafvgOeELQ
749	\N	\N	f	67108864	64	7	2	Reverse Lunge with Side Bend	\N	0	reverse-lunge-bend.jpg	2816	263185	t	f	25	0	t	https://www.youtube.com/watch?v=wth8lYoyujU
825	split-squat-assisted.webp	\N	f	117440512	0	6	10	Assisted ATG Split Squat	Not a movement pattern, this is harder to load and is more of an accessory/mobility exercise.	1025	split-squat.jpg	2147486464	8192	t	f	9	0	t	https://www.youtube.com/watch?v=RlKS_n8thAk
804	clamshells.webp	\N	t	0	0	6	10	Clamshells	\N	512	clamshells.jpg	12884902144	0	t	f	1	0	t	https://www.youtube.com/watch?v=7iXpLxKs1sY
751	reverse-lunge-twist.webp	\N	f	67108864	320	7	2	Reverse Lunge with Twist	\N	0	reverse-lunge-twist.jpg	2816	1041	t	f	25	0	t	https://www.youtube.com/watch?v=LrIE5onzj68
889	\N	\N	t	67108864	0	7	2	Ankle Resisted Bent-Knee Plantar Flexion	Ankle plantar flexion.	524288	one-leg-full-calf-raises.jpg	1024	0	t	f	1	0	t	\N
888	\N	\N	t	67108864	0	7	2	Ankle Resisted Straight-Leg Plantar Flexion	Ankle plantar flexion.	524288	one-leg-full-calf-raises.jpg	1024	0	t	f	1	0	t	\N
891	toe-walk.webp	\N	f	67108864	0	7	2	Toe Walk	\N	0	heel-walk.jpg	1024	524288	f	f	16	0	t	https://www.youtube.com/watch?v=3d2S7a3D9YY
893	chest-press-neutral.webp	\N	t	0	0	6	2	Svend Press	\N	4100	bench-press-close-grip.jpg	8	0	f	f	1	0	t	\N
894	chest-press-neutral.webp	\N	t	0	0	6	2	Crush Press	\N	4100	bench-press-close-grip.jpg	8	0	f	f	1	0	t	\N
581	\N	\N	f	0	0	6	10	Hamstring Curls	\N	0	hamstring-slides.jpg	512	0	f	f	1	0	t	https://www.youtube.com/watch?v=Dlazt593cuA
895	back-extension.webp	\N	f	0	0	6	2	Reverse Hyperextensions	\N	512	back-extension.jpg	256	129	f	t	1	0	t	\N
896	\N	\N	f	33554432	0	6	2	Assisted Reverse Nordic Curl	\N	512	nordic-hamstrings.jpg	2048	0	f	f	1	0	t	\N
80	bicep-curl.webp	\N	t	4194304	0	6	2	Bicep Curl	Isolation exercise. Hammer Curl is better since it works the forearms and biceps more evenly.	16384	bicep-curl.jpg	2	0	t	f	1	0	f	\N
647	pushups-serratus.webp	\N	f	0	0	6	2	Serratus Pushups	\N	0	full-pushups.jpg	266252	65536	f	f	1	16	t	https://www.youtube.com/watch?v=RR5xJ1mXEV4
897	\N	\N	f	16777216	0	6	2	Hip Airplane	\N	17	warrior-iii.jpg	384	33280	t	f	25	0	t	https://www.youtube.com/watch?v=9svtEV4vkp0
329	bear-crawl.webp	\N	f	0	0	7	2	Bear Crawl	\N	269060	bear-crawl.jpg	145	0	f	f	1	0	t	https://www.youtube.com/watch?v=xxxT7BFWArI
838	\N	\N	t	0	256	6	2	One-Leg Pallof Press	\N	65536	pallof-press-alt.jpg	145	0	t	f	17	255	t	\N
839	\N	\N	t	0	256	6	2	Chaos Pallof Press	\N	65536	pallof-press-alt.jpg	145	0	t	f	17	255	t	\N
744	\N	\N	f	16777216	0	6	2	Assisted Hip Airplane	\N	17	warrior-iii.jpg	384	33280	t	f	25	0	t	https://www.youtube.com/watch?v=Bf-MwacfkKA
628	\N	\N	f	0	0	1	1	Support Hold	\N	397535	support-hold.jpg	81920	0	f	f	17	0	\N	\N
899	overhead-reach-banded.webp	\N	t	8388608	0	6	10	Shoulder Dislocates	\N	8	banded-overhead-reach.jpg	65536	0	f	f	9	0	t	https://www.youtube.com/watch?v=LFv4Gp_QDAg
901	halo.webp	\N	t	0	0	6	2	Shoulder Rotations	\N	131104	front-raise.jpg	327684	0	f	f	9	0	t	\N
903	\N	\N	f	134217728	0	7	2	Big Toe Mobility	\N	0		0	0	t	f	8	0	t	https://www.youtube.com/watch?v=rS7tZQTFEV0
906	\N	\N	f	0	0	6	2	Reverse Kegals	\N	0	kegals.jpg	268435456	0	f	f	1	0	t	https://www.youtube.com/watch?v=YMLytmxNcZs
905	\N	\N	f	0	0	6	2	Kegals	\N	0	kegals.jpg	268435456	0	f	f	1	0	t	https://www.youtube.com/watch?v=7C8uoq98x2A
907	marble-pick-up.webp	\N	f	134217728	0	7	2	Toe Marble Pick-up	\N	0	marble-pick-up.jpg	0	0	t	f	1	0	t	https://www.youtube.com/watch?v=4_OFxSHtzUo
908	\N	\N	f	134217728	0	6	2	Metatarsal Mobilization	\N	0		0	0	t	f	8	0	t	https://www.youtube.com/watch?v=yc7Nn-iu3C8
909	\N	\N	f	134217728	0	7	2	Toe Rocker	\N	0		0	0	t	f	8	0	t	https://www.youtube.com/watch?v=K8ESIJoqSUA
910	\N	\N	f	134217728	0	7	2	Top of Foot Stretch	\N	0		0	0	t	f	8	0	t	https://www.youtube.com/watch?v=9ffu6kLp5Eo
921	\N	\N	t	201326592	0	7	2	One-Leg Straight-Leg Calf Raises with Big Toe Extension	Ankle plantar flexion. For Plantar Faciitis.	524288	one-leg-full-calf-raises.jpg	1024	0	t	f	1	0	t	https://www.youtube.com/watch?v=stUQ7ekPJMM
911	wrist-curl-reverse.webp	\N	t	6291456	0	7	2	Towel Twist	\N	0	wrist-curl.jpg	16384	0	t	f	1	0	t	https://www.youtube.com/watch?v=QbSDSItNGl0
917	marble-pick-up.webp	\N	f	134217728	0	7	2	Big Toe Abduction	\N	0	marble-pick-up.jpg	0	0	t	f	1	0	t	https://www.youtube.com/watch?v=WezwL19AQcU
150	plank-side-to-side-alt.webp	\N	f	0	0	7	2	Side-to-Side Forearm Plank	\N	2052	side-to-side-forearm-plank.jpg	8337	0	f	f	1	0	t	https://www.youtube.com/watch?v=RWk6Sz4St4E
700	\N	Duplicate of Forearm Plank with Reach. Reach allows you to slowdown and engage your core, shoulder taps are to quick	f	0	0	7	2	Forearm Plank Shoulder Taps	\N	2052	plank-shoulder-taps.jpg	8337	0	f	f	1	0	t	https://www.youtube.com/watch?v=wXrlbvOigPM
155	\N	\N	f	0	0	7	2	Plank with Alternating Opposite Reach	\N	2052	plank-opposite-reach.jpg	8337	0	f	f	1	0	t	https://www.youtube.com/watch?v=qRqe0j2v-Kw
586	ab-rollout.webp	\N	f	0	0	6	2	Rollout	\N	0	abs-rollout.jpg	8337	0	f	f	1	0	t	\N
665	\N	Walking or something is much better.	f	67108864	0	6	2	Rocking Ankle Mobilization	\N	0	rocking-ankle-mobilization.jpg	4101	1024	t	f	8	0	t	https://www.youtube.com/watch?v=FVjhSsE8AT4
157	forearm-plank-reach.webp	\N	f	0	0	7	2	Forearm Plank with Alternating Reach	\N	2052	plank-reach.jpg	8337	0	f	f	1	0	t	https://www.youtube.com/watch?v=xst2FFsIa74
955	cossack-squats.webp	\N	f	0	0	6	2	Assisted Cossack Squats	\N	0	cossack-squats.jpg	2147486464	32768	f	f	1	0	t	https://www.youtube.com/watch?v=usfu415_0AI
922	clamshells.webp	\N	t	0	0	6	10	Reverse Clamshells	\N	512	clamshells.jpg	12884902144	0	t	f	1	0	t	https://www.youtube.com/watch?v=8xnS3iQXIK8
459	\N	\N	t	16777216	0	6	2	Frog Pumps	\N	640	glute-bridges.jpg	12884934912	0	f	f	1	0	t	https://www.youtube.com/watch?v=wklI-e2WpFQ
196	chest-press-wide-alt.webp	\N	t	0	1	6	2	Wide-Grip Chest Press	\N	20482	bench-press.jpg	17179869196	0	f	t	1	0	t	\N
154	\N	Prefer something like plank with shoulder taps, less to focus on for proper form	f	0	0	7	2	Plank Walkdown	\N	2052	plank-walkdown.jpg	8337	0	f	f	1	0	t	https://www.youtube.com/watch?v=Ick1_EOA5cQ
487	\N	\N	f	0	0	7	2	Forearm Plank with Alternating Lateral Leg Reach	\N	2052	plank-leg-reach.jpg	8337	0	f	f	1	0	t	https://www.youtube.com/watch?v=O3LqMc-0D8g
367	\N	\N	f	0	0	1	1	Lizard Stretch	\N	0	lizard-stretch.jpg	0	43776	t	f	24	0	\N	https://www.youtube.com/watch?v=jXk5dquBT6w
349	\N	\N	f	0	0	1	1	Bow Stretch	\N	0	bow-pose.jpg	0	10253	f	f	24	0	\N	https://www.youtube.com/watch?v=CZGtSaOvb50
183	renegade-row.webp	\N	t	0	256	7	2	Renegade Row	Does not work horizontal pulling functional movements--you're limited in the weight you can pull by how strong your core is, so it's primarily an anti-rotation movement. Because of the weight limitation, I'm keeping the strenghening muscles to minor muscle groups and anti-rotation muscle groups. Back and arm muscles are tagged as stability muscle groups.	219494	dumbbell-plank-row.jpg	145	0	t	f	1	0	t	https://www.youtube.com/watch?v=m-GMCHG3YlU
488	\N	\N	f	0	0	7	2	Plank with Alternating Lateral Leg Reach	\N	2052	plank-leg-reach.jpg	8337	0	f	f	1	0	t	https://www.youtube.com/watch?v=O3LqMc-0D8g
190	\N	Duplicate of Plank with Reach, too easy to push off of ground with hand when touching shoulder like a pushup. Reach requires you to slowdown and engage your core	f	0	0	7	2	Plank Shoulder Taps	\N	2052	plank-shoulder-taps.jpg	8337	0	f	f	1	0	t	https://www.youtube.com/watch?v=C6At19Q9i2Q
272	\N	\N	f	0	0	6	2	Ring Body Saw	\N	0	ring-body-saw.jpg	8337	0	f	f	1	0	t	\N
834	dolphin-plank.webp	\N	f	83886080	0	7	2	Forearm Plank to One-Leg Dolphin	\N	0	dolphin-stretch.jpg	270741	1024	f	f	1	0	t	https://www.youtube.com/watch?v=EL4WX_ulKrc
44	\N	\N	f	0	0	7	2	Straight Bridges	\N	516	reverse-full-plank.jpg	401	0	f	f	29	0	t	https://www.hybridcalisthenics.com/straight-bridges
902	\N	\N	f	8388608	0	6	2	Floor Angels	\N	0	wall-angels.jpg	131104	327756	f	f	8	0	t	https://www.youtube.com/watch?v=w8_8VCwTFV4
159	\N	\N	f	0	256	7	2	Plank Reach Through	\N	2052	plank-reach-through.jpg	8337	0	t	f	1	0	t	https://www.youtube.com/watch?v=ZbNPNuKYexM
640	\N	\N	f	0	0	7	2	Plank to One-Leg Downward Dog	\N	0	single-leg-downward-dog.jpg	145	3840	t	f	1	0	t	https://www.youtube.com/watch?v=hrw6dIlLu0Y
583	downward-dog-to-plank.webp	\N	f	0	0	7	2	Plank to Downward Dog	\N	0	downward-dog-pose.jpg	145	3840	f	f	1	0	t	https://www.youtube.com/watch?v=J8QhVr5Pvig
669	\N	\N	t	1048576	0	6	2	Finger Curls	\N	0	wrist-curl.jpg	16384	0	f	f	1	0	t	\N
959	\N	\N	f	0	0	7	2	Neck Strength	\N	0	head-to-knee-alt.jpg	1073741824	1073741824	f	t	1	0	t	https://www.youtube.com/watch?v=q-gSFsrphPg
958	\N	\N	f	0	0	7	2	Neck Stretch	\N	0	head-to-knee-alt.jpg	1073741824	1073741824	f	t	8	0	t	https://www.youtube.com/watch?v=u3Ocw5UIpYs
957	\N	\N	f	0	0	7	2	Eye Blinking	\N	0	head-to-knee-alt.jpg	536870912	536870912	f	f	1	0	t	https://www.youtube.com/watch?v=GtTEoLTz1JI
960	row-three-point.webp	\N	t	0	2	6	2	T-Bar Rows	\N	212998	bench-rows.jpg	96	0	t	f	1	0	t	\N
885	\N	\N	t	67108864	0	7	2	Plantar Fascia Towel Stretch	\N	0		0	1024	t	f	8	0	t	https://www.youtube.com/watch?v=rlAjIXb-8BM
975	wrist-curl-reverse.webp	\N	t	8388608	0	7	2	Towel Stretch	\N	0	wrist-curl.jpg	0	65540	t	f	8	0	t	https://www.youtube.com/watch?v=-YFWrYkJVBs
977	\N	\N	f	8388608	0	7	2	Cross-Arm Stretch	\N	0	plank-shoulder-taps.jpg	0	65540	f	f	1	0	t	https://www.youtube.com/watch?v=-1K0m5ywRcY
976	\N	\N	f	8388608	0	7	2	Shoulder Pendulum	\N	0	plank-shoulder-taps.jpg	0	65540	f	f	1	0	t	\N
962	\N	\N	f	0	0	1	1	Deer Stretch	\N	0	90-90.jpg	0	41216	t	f	8	0	\N	https://www.youtube.com/watch?v=QFOlfNfrHCQ
166	rows-bent-over.webp	\N	t	0	2	6	2	Bent Over Rows	\N	212998	dumbbell-bent-over-rows.jpg	96	0	f	t	1	0	t	\N
686	\N	Pallof press is just as good.	f	0	256	6	2	Anti-Rotation Dead Bug	\N	0	dead-bugs.jpg	145	73728	t	f	1	0	t	\N
730	worlds-greatest-stretch.webp	\N	f	0	288	7	2	World's Greatest Stretch	\N	1	worlds-greatest-stretch.jpg	196644	262296	t	f	8	0	t	https://www.youtube.com/watch?v=V1YjtN8gLJs
721	frog-squat.webp	\N	f	0	32	7	2	Frog Squat	\N	0	full-squats.jpg	2816	3840	f	f	1	0	t	https://www.youtube.com/watch?v=tVEt10lp7HI
133	box-step-ups.webp	\N	t	50331648	0	6	2	Step Ups	\N	42496	step-ups.jpg	2304	0	t	f	17	0	t	\N
698	\N	\N	f	0	0	1	1	Extended Forearm Plank	\N	2052	hand-plank.jpg	8337	0	f	f	1	0	\N	https://www.youtube.com/watch?v=ostWPCp9-So
265	plank-knee-to-elbow.webp	\N	f	0	0	7	3	Plank Knee to Elbow	\N	32768	full-plank-knee-to-elbow.jpg	8337	0	f	f	1	0	\N	https://www.youtube.com/watch?v=91s-u0HnRQo
249	reverse-lunge.webp	\N	t	67108864	64	6	2	Reverse Lunge	\N	33792	reverse-lunge-alt.jpg	2147494656	0	t	f	1	0	t	https://www.youtube.com/watch?v=qeJ3Si5r5y0
639	\N	\N	f	0	5	7	2	Pushup to One-Leg Downward Dog	\N	0	single-leg-downward-dog.jpg	17179873292	3840	t	f	25	0	t	https://www.youtube.com/watch?v=lklYw2IJWig
898	curtsy-lunge.webp	\N	t	117440512	0	6	2	Curtsy Lunges	May be dangerous for anyone with movement restrictions in the ankle, knee, hip or back as well as injuries to any of these structures	1024	lunges-curtsy.jpg	12884937472	0	t	t	17	0	t	https://www.youtube.com/watch?v=1MgFup8A_0c
801	pike.webp	\N	f	0	0	6	2	Stability Ball Pike	\N	0	pike.jpg	8193	0	f	f	17	0	t	https://www.youtube.com/watch?v=eFcjeQ9tuEQ
836	\N	\N	t	0	256	6	2	Half-Kneeling Pallof Press	\N	65536	pallof-press-alt.jpg	145	0	t	f	17	255	t	\N
817	\N	\N	f	0	0	1	1	Assisted Deep Squat Hold	\N	1	squat-deep.jpg	2816	0	f	f	1	0	\N	https://www.youtube.com/watch?v=kIdXpbiuv4E
85	\N	\N	f	0	0	1	1	Child's Stretch	\N	0	childs-pose.jpg	0	393696	f	f	8	0	\N	https://www.youtube.com/watch?v=nMp3MlTz9fA
533	\N	\N	f	0	0	6	4	Pogo Jumps	\N	0	vertical-jumps.jpg	1792	1	f	f	4	0	\N	https://www.youtube.com/watch?v=kM-fTtwC5eM
529	\N	\N	f	0	0	6	4	Jumping Knee Tuck	\N	0	vertical-jumps.jpg	1792	1	f	f	3	0	\N	https://www.youtube.com/watch?v=BDA3DERQKFk
380	\N	\N	f	0	0	1	1	Knees to Chest Stretch	\N	0	knees-to-chest-stretch.jpg	0	448	f	f	8	0	\N	https://www.youtube.com/watch?v=5R7eWaNWO3U
72	\N	\N	f	0	0	1	1	Camel Stretch	\N	0	camel-pose.jpg	2304	73741	f	f	8	0	\N	https://www.youtube.com/watch?v=_NNnowkcIqU
656	\N	\N	f	0	0	1	1	Frog Stretch (Mandukasana)	\N	0	frog-stretch.jpg	0	33024	f	f	8	0	\N	https://www.youtube.com/watch?v=bxO4MK8YDWE
146	\N	\N	f	0	0	1	1	One-Arm Camel Stretch	\N	0	camel-pose-one-arm.jpg	2304	335885	t	f	8	0	\N	https://www.youtube.com/watch?v=R1Y_E10zfYA
144	\N	Regular Camel is enough.	f	0	0	1	1	Full Camel Stretch	\N	0	camel-pose-full.jpg	2304	73741	f	f	8	0	\N	https://www.youtube.com/watch?v=BlCbtK9NFRs
428	\N	\N	f	0	0	1	1	Half Boat Float	\N	2048	boat-pose-half.jpg	8321	0	f	f	1	0	\N	https://www.youtube.com/watch?v=0495rbXZMQg
731	\N	\N	f	8388608	0	1	1	Passive Hang	\N	0	dead-hang.jpg	16384	458982	f	f	1	0	\N	\N
497	\N	\N	f	0	0	6	4	One-Leg Depth Drops	\N	1	depth-drop.jpg	1792	0	t	t	16	0	\N	\N
612	\N	\N	f	0	0	1	1	Deep Squat Hold	\N	1	squat-deep.jpg	2816	0	f	f	25	0	\N	https://www.youtube.com/watch?v=0wzrgyAurT8
808	jogging.webp	\N	f	0	0	6	4	Seated Jogging	\N	1	jogging.jpg	12032	0	f	f	4	0	\N	https://www.youtube.com/watch?v=BEzBhpXDkLE
798	\N	\N	f	0	0	6	4	Seated Toe Taps	\N	0	jogging.jpg	524288	0	f	f	4	0	\N	https://www.youtube.com/watch?v=zw5Y3Em5_0Q
796	toe-taps.webp	\N	f	0	0	6	4	Toe Taps	\N	1	jogging.jpg	8448	1024	f	f	4	0	\N	https://www.youtube.com/watch?v=TvppoqEGlD8
772	\N	\N	f	16777216	0	1	1	Revolved Forward Fold	\N	0	forward-bend-revolved.jpg	0	912	f	f	8	0	\N	https://www.youtube.com/watch?v=GiD1HhdbXjs
758	\N	\N	f	0	0	1	1	Savasana	\N	0	savasana.jpg	0	0	f	f	0	0	\N	https://www.youtube.com/watch?v=1VYlOKUdylM
674	romanian-deadlift-knee-drive.webp	\N	f	0	16	6	2	One-Leg Romanian Deadlift with Knee Drive	\N	10401	romanian-deadlift-knee-drive.jpg	832	0	t	f	25	0	t	https://www.youtube.com/watch?v=wtiM2Q9fDZo
130	romanian-deadlift-alt.webp	\N	t	0	16	6	2	Romanian Deadlift	\N	10401	romanian-deadlift.jpg	832	0	f	t	1	0	t	https://www.youtube.com/watch?v=TYzHvpqEs6s
980	glute-bridge-march.webp	\N	f	0	0	6	2	Glute Bridge with Reach	\N	512	glute-bridges.jpg	256	0	f	f	9	0	t	https://www.youtube.com/watch?v=rSw_mW3QWcw
829	\N	\N	f	0	0	1	1	Pike Plank	\N	479268	pike-pushups.jpg	145	0	f	f	1	0	\N	https://www.youtube.com/watch?v=6RJBDHNS7RI
830	\N	\N	f	0	0	1	1	Elevated Pike Plank	\N	479268	elevated-pike-pushups.jpg	145	0	f	f	1	0	\N	https://www.youtube.com/shorts/1mmmPWBShSA
119	\N	This is just the Psoas March but elevated.	f	50331648	0	6	4	Reverse Mountain Climbers	\N	1024	reverse-mountain-climbers.jpg	11009	0	f	f	7	0	\N	https://www.youtube.com/watch?v=HJpcvnQrPY4
748	\N	\N	f	0	0	1	1	L Sit	\N	131105	l-sit-alt.jpg	8321	0	f	f	1	0	\N	https://www.youtube.com/watch?v=j-w-eS2i2cE
807	\N	\N	f	0	0	6	4	Seated Walking	\N	1	walking.jpg	12032	0	f	f	4	0	\N	https://www.youtube.com/watch?v=londo9WE0yU
424	walking.webp	\N	f	0	0	6	4	Walking (in place)	\N	1	walking.jpg	12032	0	f	f	4	0	\N	https://www.youtube.com/watch?v=i1FPheYZpPs
585	supine-leg-cycle.webp	\N	f	0	0	6	4	Supine Leg Cycle	\N	17	supine-leg-cycle.jpg	8192	0	f	f	4	0	\N	https://www.youtube.com/watch?v=oyXoWU8j310
558	lat-pulldown.webp	\N	t	12582912	8	6	8	Lat Pulldowns	\N	131110	lat-pulldowns-alt.jpg	64	0	f	f	1	0	f	\N
759	\N	\N	f	0	0	1	1	Cow Face Stretch	\N	0	cow-face-stretch.jpg	0	40960	t	f	24	0	\N	https://www.youtube.com/watch?v=-qbPrlf1oxE
61	\N	\N	f	0	0	1	1	Elbow Lever	\N	0	full-elbow-lever.jpg	4133	0	f	f	17	0	\N	https://www.hybridcalisthenics.com/full-elbow-lever
727	\N	\N	t	0	256	6	4	Landmine Twists	aka. Full-Contact Twists	8704	tight-twist.jpg	209	0	f	f	3	0	\N	\N
786	\N	\N	f	0	0	6	4	One-Leg Box Jump Two-Leg Landing	\N	42129	box-jumps.jpg	2816	0	t	f	3	0	\N	\N
624	\N	Furthermore, the load on the knees and lower back is increased by the Leg Press action, risking damage to the lower back soft tissues and discs. Forceful presses, heavy loading, and poor posture are typically to blame, especially if you bring your knees right up to your chest.	t	0	0	6	8	Prone Leg Press	\N	257	prone-leg-extension.jpg	10240	0	f	f	1	0	\N	\N
646	\N	\N	f	83886080	0	1	1	Single Leg Dolphin Stretch	\N	0	dolphin-stretch-one-leg.jpg	0	1548	t	f	24	0	\N	https://www.youtube.com/watch?v=rYtV-hNCvFA
98	\N	\N	t	0	0	1	1	Wall Sit	Wall sits are a Quad isolation exercise. If they are worked too often it can create an imbalance with the Hamstrings and unbalance the knees..	524288	wall-sit.jpg	2048	0	f	f	1	0	\N	https://www.youtube.com/watch?v=-cdph8hv0O0
670	\N	\N	f	0	256	6	4	Rotational Box Jumps	\N	42113	box-jumps.jpg	2832	0	f	f	3	0	\N	\N
525	\N	\N	f	0	0	1	1	Warrior III	\N	0	warrior-iii.jpg	0	772	t	f	24	0	\N	https://www.youtube.com/watch?v=uEc5hrgIYx4
283	cat-cow.webp	\N	f	0	0	7	3	Cat/Cow Stretch	\N	0	cat-cow-stretches.jpg	0	131321	f	f	24	0	\N	https://www.youtube.com/watch?v=lD9ZDwlHmmE
635	boxer-shuffle.webp	\N	f	0	0	6	4	Boxer Shuffle	\N	1	shadow-boxing.jpg	12032	0	f	f	4	16	\N	https://www.youtube.com/watch?v=9woTKi1T4sA
630	lat-pulldown-straight-arm.webp	\N	t	8388608	0	6	8	Straight-Arm Lat Pulldowns	It’s a great exercise to hone in on your lats. The straight arm pulldown exercise is as close to an isolation exercise for the lats as there is.\n\nThe only downside with this lat pulldown variation is there's a low ceiling for load potential. This is really purely an accessory movement. 	131108	lat-pulldown-straight-arm.jpg	64	0	f	f	1	0	f	\N
17	leg-raises-plow.webp	\N	f	0	0	6	2	Plow Raises	\N	16	plow-raises.jpg	8193	0	f	f	1	0	t	https://www.hybridcalisthenics.com/plow-raises
422	shadow-boxing.webp	\N	f	0	0	6	4	Shadow Boxing	\N	17	shadow-boxing-alt.jpg	331778	0	f	f	4	16	\N	https://www.youtube.com/watch?v=J4j3AOVWuHE
59	\N	\N	f	0	0	1	1	Clutch Flags	\N	0	clutch-flags.jpg	16594	0	f	f	17	0	\N	https://www.hybridcalisthenics.com/full-clutch-flags
55	\N	\N	f	0	256	1	1	Full Twists	\N	192	twists-full.jpg	0	16	t	f	8	0	\N	https://www.hybridcalisthenics.com/full-twists
127	\N	\N	f	0	0	1	1	Decline Plank	\N	2052	decline-plank-alt.jpg	8337	0	f	f	1	0	\N	https://www.youtube.com/watch?v=g7nVDNHc0e0
833	\N	\N	f	0	0	1	1	Upward Facing Dog	\N	134	upward-facing-dog-alt.jpg	135200	8201	f	f	8	0	\N	https://www.youtube.com/watch?v=pVmOOluGAv8
667	\N	Let's try to stick with Yoga poses for cooldown stretches. Camel pose covers these same muscles.	f	0	0	1	1	Chest and Shoulders Stretch	\N	0	chest-and-shoulders-stretch.jpg	0	327694	f	f	24	0	\N	https://www.youtube.com/watch?v=JOLHu9rI2vY
657	\N	\N	f	0	0	1	1	Frog Stretch (Bhekasana)	\N	0	frog-pose.jpg	0	67597	f	f	8	0	\N	https://www.youtube.com/watch?v=Z64GBfDWtgI
517	reverse-plank-leg-lift.webp	\N	f	0	0	7	11	Single Leg Lift from Reverse Plank	\N	2564	reverse-one-leg-plank.jpg	8593	0	t	f	1	0	\N	https://www.youtube.com/watch?v=wvcwMMnVgRs
982	\N	\N	t	16777216	0	7	2	Banded Hip Distraction	\N	0	reverse-lunge.jpg	0	0	t	f	8	0	t	\N
207	ab-cycle.webp	“As exercisers drop in and out of abdominal flexion, losing their muscle tension in the midsection, the low back gets wrenched in and out of extension with little support,” says Alycea Ungaro, PT. She’s the owner of Real Pilates in New York City.	f	0	0	6	4	Supine Ab Cycle	\N	128	supine-ab-cycle-alt.jpg	8209	0	f	t	4	0	\N	https://www.youtube.com/watch?v=9FGilxCbdz8
453	\N	\N	f	50331648	256	6	4	Rotational Climbers	\N	0	mountain-climbers.jpg	12049	0	f	f	7	0	\N	https://www.youtube.com/watch?v=gEvCKTpIh88
382	\N	\N	f	0	0	1	1	One Knee to Chest Stretch	\N	0	one-knee-to-chest-stretch.jpg	0	448	t	f	8	0	\N	https://www.youtube.com/watch?v=o8gAyDUh2bs
716	lunge-pulses.webp	\N	f	0	64	6	4	Lunge Pulses	5.50-11s	1024	full-lunges.jpg	11008	0	t	f	4	0	\N	https://www.youtube.com/watch?v=efKorH8yzn4
95	\N	\N	f	0	0	1	1	Active Hang	\N	0	dead-hang.jpg	409632	65732	f	f	1	0	\N	\N
710	speed-bag-punches.webp	This is just a weird exercise. If I'm going to re-enable, add a Speed Bag as equipment.	f	0	0	6	4	Speed Bag Air Punches	\N	1	shadow-boxing.jpg	4098	0	f	f	4	16	\N	https://www.youtube.com/watch?v=8lDhhrj-odk
662	deep-squat-rotations.webp	\N	f	0	0	7	3	Deep Squat with Thoracic Rotation	aka. Squat Sky Reach	0	squat-deep.jpg	133920	327705	t	f	24	0	\N	https://www.youtube.com/watch?v=KT3AF9Hlu7I
791	\N	\N	f	0	0	1	1	Side Splits	\N	0	side-splits.jpg	0	41472	f	t	8	0	\N	https://www.youtube.com/watch?v=xK2hMDPYiNw
792	\N	\N	f	0	0	1	1	Front Splits	\N	0	front-splits.jpg	0	41472	f	t	8	0	\N	https://www.youtube.com/watch?v=vWsyqTHoBQY
757	\N	\N	f	0	0	7	3	Kneeling Adductor Stretch	\N	0	hip-adductor-stretch-kneeling.jpg	0	33280	t	f	8	0	\N	https://www.youtube.com/watch?v=m1b-m6KlC0U
761	\N	\N	f	0	288	1	1	Revolved Side Angle Stretch	\N	32769	side-angle-stretch-revolved.jpg	131076	9240	t	f	24	0	\N	https://www.youtube.com/watch?v=NfVX3yUKORA
379	\N	\N	f	0	0	1	1	Rabbit Stretch	\N	0	rabbit-stretch.jpg	0	194	f	f	8	0	\N	https://www.youtube.com/watch?v=dnp3a0EQo4o
676	\N	It's like a combination or the Camel and Bow pose. Let each pose do it's specific function to its full capacity.	f	0	0	1	1	One-Leg Camel Stretch	\N	0	camel-pose-one-leg.jpg	2304	73741	t	f	8	0	\N	https://www.youtube.com/watch?v=OI9GqVuhaO0
355	\N	\N	f	0	0	1	1	Fish out of Hero Stretch	\N	0	fish-out-of-hero-stretch.jpg	0	534528	f	f	24	0	\N	https://www.youtube.com/watch?v=_ZKzoL9KH8I
357	\N	\N	f	83886080	0	1	1	Dolphin Stretch	\N	0	dolphin-stretch.jpg	0	1548	f	f	8	0	\N	https://www.youtube.com/watch?v=BFtt4tqD4sU
359	\N	\N	f	0	0	1	1	Half Bow Stretch	\N	0	half-bow-pose.jpg	0	10253	t	f	24	0	\N	https://www.youtube.com/watch?v=O8bgSmN_r0Y
732	\N	\N	f	0	0	1	1	Modified Downward Dog	\N	0	downward-dog-modified-alt.jpg	327684	1800	f	f	8	0	\N	https://www.youtube.com/watch?v=YOeLWvnN6KI
509	speed-skaters-alt.webp	\N	f	0	0	6	4	Speed Skaters	\N	0	speed-skaters.jpg	12032	17	f	t	7	0	\N	https://www.youtube.com/watch?v=9_jLW6VkU8A
491	\N	\N	t	0	0	6	4	Granny Toss	\N	0	granny-toss.jpg	2	0	f	f	3	0	\N	\N
506	\N	\N	f	0	0	6	4	Depth Drops	\N	1	depth-drop.jpg	1792	0	f	t	16	0	\N	\N
655	\N	\N	t	8388608	0	1	1	Arm Bar	\N	4100	turkish-get-up-1-4.jpg	327680	8	t	f	17	0	\N	\N
797	fast-fast.webp	\N	f	0	0	6	4	Fast Feet	\N	1	jogging.jpg	12032	0	f	f	2	129	\N	https://www.youtube.com/watch?v=OjLc1b4-kZo
800	\N	\N	f	0	0	6	4	Seated Fast Feet	\N	1	jogging.jpg	12032	0	f	f	2	0	\N	https://www.youtube.com/shorts/YlGxadOe0ek
177	box-jumps.webp	\N	f	0	0	6	4	Box Jumps	\N	42129	box-jumps.jpg	2816	0	f	f	3	0	\N	\N
465	\N	\N	f	0	0	1	1	Supine Isometric Heel Digs	\N	0	supine-isometric-heel-digs.jpg	512	0	f	f	1	0	\N	https://www.youtube.com/watch?v=SKKxhCgQ7hM&list=PLkeoBd4A272PvOD-KSdr_uELkF6kvvL8G&index=21
401	\N	\N	f	0	0	1	1	Warrior I	\N	0	warrior-i.jpg	4	335881	t	f	8	0	\N	https://www.youtube.com/watch?v=NytDpa2r34g
778	\N	\N	f	0	0	1	1	Gate Stretch	aka. Parighasana 	0	gate-stretch.jpg	0	295440	t	f	8	0	\N	https://www.youtube.com/watch?v=rI_AyQsLUNs
782	\N	\N	f	0	0	1	1	Fish Stretch	aka. Matsyasana	0	fish-stretch.jpg	132	9	f	f	24	0	\N	https://www.youtube.com/watch?v=UxofWGGhWTI
746	\N	\N	f	16777216	0	7	3	Standing IT Band Stretch	\N	0	forward-bend.jpg	0	896	t	f	24	0	\N	https://www.youtube.com/watch?v=y3ndxjVhlko
752	hula-hoop.webp	\N	f	0	0	6	4	Hula Hoop	\N	0	hula-hoop.jpg	232705	0	f	f	4	0	\N	\N
93	burpee.webp	\N	f	0	0	6	4	Burpees	\N	0	burpee.jpg	7948	0	f	f	3	0	\N	https://www.youtube.com/watch?v=auBLPXO8Fww
576	\N	\N	t	0	0	1	1	Hollow-Body Hold	\N	2176	hollow-hold.jpg	8209	0	f	f	1	0	\N	https://www.youtube.com/watch?v=4xRpGgttca8
508	\N	\N	f	0	0	6	4	One-Leg Hurdle Hops	\N	1	one-leg-hurdle-hops.jpg	3840	0	t	f	20	98	\N	https://www.youtube.com/watch?v=GR0qTpkLXRQ
495	chest-pass-one-arm.webp	\N	t	0	0	6	4	Stepping One-Arm Chest Pass	\N	44	one-arm-chest-pass.jpg	4096	0	t	f	3	8	\N	\N
601	\N	TODO	t	0	0	6	4	Dumbbell Uppercut	\N	65536	uppercut.jpg	266284	0	f	f	3	16	\N	\N
507	\N	\N	f	0	0	6	4	Hurdle Hops	\N	1	hurdle-hops.jpg	3840	0	f	f	4	98	\N	https://www.youtube.com/watch?v=GR0qTpkLXRQ
789	\N	\N	f	0	0	1	1	Doorway Bicep Stretch	\N	0	standing-t.jpg	0	65538	f	f	24	0	\N	https://www.youtube.com/watch?v=QY4gCIYbGQk
375	\N	\N	f	16777216	16	1	1	Eagle Stretch	\N	0	eagle-stretch.jpg	256	40960	f	f	24	0	\N	https://www.youtube.com/watch?v=FTWFM-lL5jQ
632	\N	\N	f	16777216	0	1	1	Standing Half Forward Fold	\N	0	forward-bend-half.jpg	0	896	f	f	8	0	\N	https://www.youtube.com/watch?v=s888DrdU_Gw
534	\N	\N	f	0	0	6	4	Forward/Backward Bounds	\N	1	one-leg-hurdle-hops.jpg	1536	0	t	f	19	0	\N	https://www.youtube.com/watch?v=AodPPKsKNH4
515	squat-throws.webp	\N	t	0	32	6	4	Squat Throws	\N	1	squat-throws.jpg	3840	0	f	f	3	64	\N	\N
705	\N	\N	t	8388608	0	6	8	Banded Diagonals	This is a great movement for scapular stabilization.	262148	banded-diagonals.jpg	196640	0	t	f	1	0	\N	\N
627	\N	\N	f	0	0	1	1	Arch Hang	\N	0	dead-hang.jpg	409632	65732	f	f	1	0	\N	\N
365	\N	\N	f	16777216	0	1	1	Standing Straddle Stretch	\N	0	standing-straddle-stretch.jpg	0	33664	f	f	8	0	\N	https://www.youtube.com/watch?v=KK6wgg4zs-w
840	plank-knee-to-opposite-elbow.webp	\N	f	0	0	7	3	Plank Knee to Opposite Elbow	t=5.15-17.15	32768	full-plank-knee-to-elbow.jpg	8337	0	f	f	1	0	\N	https://www.youtube.com/watch?v=cZ3UBTEBd9A
91	jump-rope.webp	\N	f	0	0	6	4	Jump Rope	\N	5	jump-rope-alt.jpg	28416	0	f	f	4	0	\N	\N
446	\N	\N	f	0	0	6	4	Vertical Jumps	\N	1	vertical-jumps.jpg	1792	0	f	f	3	0	\N	https://www.youtube.com/watch?v=WDMqBwXsGVQ
76	butt-kicks.webp	\N	f	0	0	6	4	Butt Kicks	\N	0	butt-kicks-alt.jpg	12032	0	f	f	4	0	\N	https://www.youtube.com/watch?v=lVZi-AwxLPo
448	\N	Can't do on a treadmill. Requires outdoors while I want to keep these to at-home exercises.	f	0	0	6	4	Plant & Cut	\N	0	plant-cut.jpg	12032	1	f	f	18	0	\N	\N
794	\N	\N	f	0	0	6	4	Seated Jacks	\N	0	jumping-jacks.jpg	232709	512	f	f	4	0	\N	https://www.youtube.com/watch?v=zKZOVD30vKo
78	high-knees.webp	\N	f	100663296	0	6	4	High Knees	\N	0	high-knees-alt.jpg	12032	0	f	f	0	0	\N	https://www.youtube.com/watch?v=DfjpR6dzLVg
531	star-jacks.webp	\N	f	0	0	6	4	Star Jacks	\N	0	star-jacks.jpg	232709	512	f	f	3	0	\N	https://www.youtube.com/watch?v=N1XZj7xs-kI
496	\N	\N	f	0	0	6	4	Box Jump Single Leg Land	\N	42129	box-jumps.jpg	2816	0	t	f	19	0	\N	\N
451	\N	\N	f	50331648	0	6	4	Everest Climbers	\N	0	mountain-climbers.jpg	12033	0	f	f	7	0	\N	https://www.youtube.com/watch?v=84Xh1PoQvlA
350	\N	\N	f	0	0	1	1	Happy Baby Stretch	\N	0	happy-baby-pose.jpg	0	41856	f	t	8	0	\N	https://www.youtube.com/watch?v=ydqL6Tiq9yg
733	\N	\N	t	0	0	1	1	Single Leg Wall Sit	Wall sits are a Quad isolation exercise. If they are worked too often it can create an imbalance with the Hamstrings and unbalance the knees..	557328	wall-sit.jpg	2048	0	t	f	17	0	\N	https://www.youtube.com/watch?v=7Tgb8wVzbcY
63	jumping-jacks.webp	\N	f	0	0	6	4	Jumping Jacks	\N	0	jumping-jacks.jpg	232709	512	f	f	4	0	\N	https://www.youtube.com/watch?v=PBHUfBzxczU
455	\N	Regular mountain climbers are fine. These work the obliques, but are also ?potentially more dangerous.	f	50331648	0	6	4	Semicircle Mountain Climbers	\N	0	mountain-climbers.jpg	12049	0	f	f	7	0	\N	https://www.youtube.com/watch?v=kH8umBSULc4
301	\N	Duplciate of One-Leg Glute Bridges	f	0	0	1	1	One-Leg Glute Bridge Hold	\N	512	glute-bridge-one-leg.jpg	256	0	t	f	1	0	\N	https://www.youtube.com/watch?v=z4J188sFD4g
492	ball-slam.webp	\N	t	0	0	6	4	Ball Slam	\N	0	ball-slam.jpg	64	35	f	f	3	0	\N	\N
494	chest-throw-supine.webp	\N	t	0	0	6	4	Supine Chest Throw	\N	44	chest-throw-supine.jpg	4096	0	f	f	2	0	\N	\N
742	\N	\N	t	0	0	6	8	Psoas March	\N	0	supine-leg-cycle.jpg	8192	0	t	f	1	0	\N	\N
456	\N	\N	f	50331648	0	6	4	Lateral Climbers	\N	0	mountain-climbers.jpg	12033	0	f	f	7	0	\N	https://www.youtube.com/watch?v=7eLkwnCjV-8
89	mountain-climbers.webp	\N	f	50331648	0	6	4	Mountain Climbers	\N	0	mountain-climbers.jpg	12033	0	f	f	7	0	\N	https://www.youtube.com/watch?v=kLh-uczlPLg
471	\N	\N	t	0	0	6	8	Shoulder Extension	\N	0	banded-shoulder-extension.jpg	65536	0	f	f	1	129	\N	\N
575	bird-dogs.webp	\N	t	0	0	7	3	Bird Dogs	aka. Balancing Table Stretch (isometric).	0	bird-dogs.jpg	2449	512	t	f	17	0	\N	https://www.youtube.com/watch?v=wiFNA3sqjCA
470	\N	\N	t	0	0	6	8	Shoulder External Rotation	Arm needs to be kept next to the body (use a towel under the arm for tactile feedback) and the shoulder needs to be kept down and back for this to be effective.	0	shoulder-rotation-external.jpg	65536	0	f	f	9	137	\N	https://www.youtube.com/watch?v=v5bPOsQbq7g
873	\N	\N	f	0	0	1	1	Doorway Back Stretch	\N	0	standing-t.jpg	0	131104	f	f	24	0	\N	https://www.youtube.com/watch?v=0LamiLdn1V0
395	\N	\N	f	8388608	0	1	1	Reverse Tabletop	Not strength, belongs in warmup/cooldown	512	reverse-tabletop-alt.jpg	401	4	f	f	24	0	\N	https://www.youtube.com/watch?v=L9bdozB8MFw
440	\N	\N	f	8388608	0	1	1	Reverse One-Leg Tabletop	Not strength, belongs in warmup/cooldown	512	reverse-one-leg-tabletop.jpg	401	4	t	f	24	0	\N	https://www.youtube.com/watch?v=MucVn2mIOk4
770	\N	\N	f	0	0	1	1	Crow Hold	\N	36	crow-stretch.jpg	4289	0	f	f	25	0	\N	https://www.youtube.com/watch?v=ja2eab4sWlM
502	squat-jumps.webp	\N	f	0	32	6	4	Jump Squats	\N	1	squat-jumps.jpg	3840	0	f	f	1	64	\N	https://www.youtube.com/watch?v=U4s4mEQ5VqU
590	tricep-pushdown.webp	\N	t	0	0	6	8	Tricep Pushdown	\N	0	tricep-kickback.jpg	4096	0	f	f	1	0	\N	\N
773	\N	\N	f	0	0	1	1	Headstand	\N	4	head-stand.jpg	4241	0	f	t	17	0	\N	https://www.youtube.com/watch?v=VrenTA2IFjI
261	\N	\N	f	0	0	1	1	Side Star Plank	\N	4	side-star-plank.jpg	33169	0	t	f	17	0	\N	https://www.youtube.com/watch?v=-9toG6869YY
764	\N	Close enough to Warrior I. Only difference is if the heel is down in the back leg.	f	0	64	1	1	Crescent Lunge	\N	0	reverse-lunge-crescent-alt.jpg	12032	360484	t	f	8	0	\N	https://www.youtube.com/watch?v=zaongQlYTto
852	\N	This doesn't stretch any muscles, only strengthens. It won't ever show up as a Cooldown stretch.	f	0	0	1	1	Staff Stretch	\N	0	seated-butterfly-stretch.jpg	2304	73741	f	f	24	0	\N	https://www.youtube.com/watch?v=sXz0OCjO3p4
853	\N	This doesn't stretch any muscles, only strengthens. It won't ever show up as a Cooldown stretch.	f	0	0	1	1	Easy Stretch	aka. Sukhasana	0	camel-pose.jpg	2304	73741	f	f	24	0	\N	https://www.youtube.com/watch?v=I3nzkQTLWkE
856	\N	\N	f	16777216	0	1	1	Sage Marichi I	\N	0	head-to-knee-alt.jpg	0	33664	f	f	8	0	\N	https://www.youtube.com/watch?v=tUdN0g2wugM
858	\N	\N	f	0	0	1	1	Dancer Stretch	\N	0	dancer-stretch.jpg	0	1536	t	f	24	0	\N	https://www.youtube.com/watch?v=TXNgRNsqcPo
861	\N	\N	f	0	0	1	1	Compass Stretch	\N	0	lotus-stretch.jpg	0	40960	t	f	24	0	\N	https://www.youtube.com/watch?v=VrRQ2FboE50
864	\N	\N	f	0	0	1	1	Bird of Paradise	\N	0	crow-stretch.jpg	4321	0	f	f	24	0	\N	https://www.youtube.com/watch?v=wIJzVgTTVew
863	\N	\N	f	0	0	1	1	Firefly Hold	\N	0	crow-stretch.jpg	4325	0	f	f	25	0	\N	https://www.youtube.com/watch?v=8K0ghCn8O_E
865	\N	\N	f	0	0	1	1	Shoulder Pressing Hold	\N	0	crow-stretch.jpg	4325	0	f	f	1	0	\N	https://www.youtube.com/watch?v=_MzGWgX3DOw
871	\N	\N	f	0	0	1	1	Standing Big Toe Stretch	\N	0	front-splits.jpg	0	41472	f	t	24	0	\N	https://www.youtube.com/watch?v=INtjr2jjtmU
872	\N	\N	f	0	0	1	1	Thread the Needle Stretch	\N	0	thread-the-needle.jpg	0	131116	t	f	8	0	\N	https://www.youtube.com/watch?v=UomKzkyp6kQ
867	\N	\N	f	0	0	1	1	One-Leg Crow Hold	\N	36	crow-stretch.jpg	4289	0	f	f	25	0	\N	https://www.youtube.com/watch?v=0Bx_r81zl2k
866	\N	\N	f	0	0	1	1	Crane Hold	\N	36	crow-stretch.jpg	4289	0	f	f	17	0	\N	https://www.youtube.com/watch?v=_MzGWgX3DOw
678	\N	\N	f	0	0	1	1	Pigeon Stretch	\N	0	pigeon-stretch.jpg	0	41472	t	f	24	0	\N	https://www.youtube.com/watch?v=1o7awuDGzag
874	\N	\N	f	0	0	1	1	Doorway Chest Stretch	\N	0	standing-t.jpg	0	65544	f	f	24	0	\N	https://www.youtube.com/watch?v=l5nMszaaJ28
860	\N	\N	f	0	0	1	1	Scale Stretch	\N	0	lotus-stretch.jpg	4100	40960	f	f	24	0	\N	https://www.youtube.com/watch?v=01b17_CpyIU
868	\N	\N	f	16777216	0	1	1	Firelog Stretch	\N	0	lotus-stretch-half.jpg	0	32768	t	f	8	0	\N	https://www.youtube.com/watch?v=6P263Jp5sXk
878	\N	\N	f	0	0	1	1	Supported Warrior III	\N	0	warrior-iii.jpg	0	772	t	f	24	0	\N	https://www.youtube.com/watch?v=j423eDJ5mQg
862	\N	\N	f	0	0	1	1	Standing Front Splits	\N	0	front-splits.jpg	0	41472	f	t	25	0	\N	https://www.youtube.com/watch?v=cqZUJP9KNuc
879	cat-cow.webp	\N	f	0	0	7	3	Seated Cat/Cow Stretch	\N	0	cat-cow-stretches.jpg	0	131321	f	f	24	0	\N	https://www.youtube.com/watch?v=iPlNl2wY3ro
883	\N	\N	f	16777216	0	1	1	Seated Forward Fold	\N	0	forward-fold-seated.jpg	0	896	f	f	8	0	\N	https://www.youtube.com/watch?v=QRIKGOUJILs
884	\N	This doesn't stretch any muscles, only strengthens. It won't ever show up as a Cooldown stretch.	f	0	0	1	1	Mountain Stretch	\N	0	camel-pose.jpg	2304	73741	f	f	24	0	\N	https://www.youtube.com/watch?v=NYhH8Gr35cI
882	\N	\N	f	0	0	1	1	Seated Pigeon Stretch	\N	0	pigeon-stretch.jpg	0	33280	t	f	24	0	\N	https://www.youtube.com/watch?v=DKW4P6RkJps
510	plyometric-lunges.webp	\N	f	0	64	6	4	Plyometric Lunges	\N	1024	full-lunges.jpg	11008	0	f	f	3	0	\N	https://www.youtube.com/watch?v=PZPSz905Ovk
892	\N	\N	f	0	0	1	1	Shavasana	\N	0	shavasana.jpg	0	0	f	f	0	0	\N	https://www.youtube.com/watch?v=_VXhLwE_FJI
845	\N	\N	f	0	0	6	4	Lateral Bounds	\N	1	one-leg-hurdle-hops.jpg	1536	0	t	f	19	239	\N	https://www.youtube.com/watch?v=5CAF3huUKG8
886	\N	\N	f	16777216	0	1	1	Single Leg Balance	\N	1792		0	0	t	f	16	0	\N	https://www.youtube.com/watch?v=6dUCEwQLixU
887	\N	\N	f	16777216	0	1	1	Assisted Single Leg Balance	\N	1792		0	0	t	f	16	0	\N	https://www.youtube.com/watch?v=2L6OLqqw3SI
854	\N	This doesn't stretch any muscles, only strengthens. It won't ever show up as a Cooldown stretch.	f	0	0	1	1	Table Stretch	\N	0	quadruped-plank.jpg	2304	73741	f	f	24	0	\N	https://www.youtube.com/watch?v=PGAntbDQ6Xg
859	\N	\N	f	50331648	0	1	1	Revolved Chair Stretch	\N	0	chair-pose.jpg	2816	281	t	f	24	0	\N	https://www.youtube.com/watch?v=rAbabfidKiw
467	\N	\N	t	0	0	6	8	Shoulder Internal Rotation	AKA the Sleeper Stretch	0	shoulder-rotation-internal.jpg	65536	0	f	f	9	137	\N	https://www.youtube.com/watch?v=IBWToThYZgo
881	\N	\N	f	16777216	16	1	1	Seated Eagle Stretch	\N	0	eagle-stretch.jpg	256	40960	f	f	8	0	\N	https://www.youtube.com/watch?v=Gf4zDlIXxBg
400	\N	\N	t	1048576	0	7	8	Finger Spread	aka. Finger Spread	0	finger-spread.jpg	16384	0	t	f	1	0	\N	https://www.youtube.com/watch?v=lQPppTK7mFc
904	\N	\N	f	134217728	0	7	2	Toe Curls	\N	0		0	0	t	f	1	0	t	https://www.youtube.com/watch?v=dVDMUuWtX00
913	\N	\N	t	1048576	0	1	1	Finger Abduction	\N	0	finger-spread.jpg	0	0	f	f	1	0	\N	https://www.youtube.com/watch?v=b0_lsnoDjpc
914	\N	\N	t	1048576	0	1	1	Finger Adduction	\N	0	finger-spread.jpg	0	0	f	f	1	0	\N	https://www.youtube.com/watch?v=O35ZHhzAd_w
912	\N	\N	f	1048576	0	1	1	Finger Flexor Stretch	\N	0	finger-spread.jpg	0	0	t	f	8	0	\N	https://www.youtube.com/watch?v=dkFissmuCrk
916	\N	\N	f	1048576	0	1	1	Finger Extensor Stretch	\N	0	finger-spread.jpg	0	0	f	f	8	0	\N	https://www.youtube.com/watch?v=y5x_berzthc
918	marble-pick-up.webp	\N	f	134217728	0	1	1	Foot Doming	\N	0	marble-pick-up.jpg	0	0	t	f	1	0	\N	https://www.youtube.com/watch?v=BcJ1H7Sm-gU
920	\N	\N	t	1048576	0	1	1	Finger Duck	\N	0	finger-spread.jpg	0	0	f	f	1	0	\N	https://www.youtube.com/watch?v=ABhxC6JPqKA
919	\N	\N	t	1048576	0	1	1	Finger Hook	\N	0	finger-spread.jpg	0	0	f	f	1	0	\N	https://www.youtube.com/watch?v=FDooBV2Q-VM
915	\N	\N	t	1048576	0	1	1	Finger Tendon Glide	\N	0	finger-spread.jpg	0	0	f	f	1	0	\N	https://www.youtube.com/watch?v=18NLhrMjvmQ
54	\N	\N	f	0	256	1	1	Bent Leg Twists	\N	192	twists-bent-leg.jpg	0	16	t	f	8	0	\N	https://www.hybridcalisthenics.com/bent-leg-twists
460	\N	\N	f	0	256	1	1	Lying Sphinx	\N	192	lying-sphinx.jpg	0	16	t	f	8	0	\N	https://www.youtube.com/watch?v=K3T7mTy2ZJ4
880	\N	\N	f	0	256	1	1	Seated Twists	\N	192	twists-straight-leg.jpg	0	16	t	f	8	0	\N	https://www.youtube.com/watch?v=HwAkRrqbXo8
53	\N	\N	f	0	256	1	1	Straight Leg Twists	\N	192	twists-straight-leg.jpg	0	16	t	f	8	0	\N	https://www.hybridcalisthenics.com/straight-leg-twists
539	\N	\N	f	0	0	1	1	X-Plank	\N	2052	x-plank.jpg	8337	0	f	f	1	0	\N	https://www.youtube.com/watch?v=V8z8A2WwNnA
697	\N	\N	f	0	0	1	1	Extended Plank	\N	2052	hand-plank.jpg	8337	0	f	f	1	0	\N	https://www.youtube.com/watch?v=ostWPCp9-So
126	\N	\N	f	0	0	1	1	Decline Forearm Plank	\N	2052	decline-forearm-plank.jpg	8337	0	f	f	1	0	\N	https://www.youtube.com/watch?v=Ev7_iSi8hS4
191	\N	\N	f	0	256	1	1	One-Arm Forearm Plank	\N	0	plank-forearm-one-arm.jpg	8337	0	t	f	1	0	\N	https://www.youtube.com/watch?v=lGdDcn5mavs
149	\N	\N	f	0	0	1	1	Forearm Knee Plank	\N	2052	plank-forearm-knee.jpg	8337	0	f	f	1	0	\N	https://www.youtube.com/watch?v=fTDkzk5GcEY
193	\N	\N	f	0	256	1	1	One-Arm Plank	\N	0	plank-one-arm.jpg	8337	0	t	f	1	0	\N	https://www.youtube.com/watch?v=X-gv0Ygb3yI
192	\N	\N	f	0	0	1	1	One-Leg Plank	\N	0	plank-one-leg.jpg	8337	0	t	f	1	0	\N	https://www.youtube.com/watch?v=b8RNli1Bjl4
194	\N	\N	f	0	256	1	1	One-Arm One-Leg Plank	\N	0	plank-one-arm-one-leg.jpg	8337	0	t	f	1	0	\N	https://www.youtube.com/watch?v=jCCs8m09cCk
408	\N	\N	f	0	0	1	1	Quadruped Plank	\N	8208	quadruped-plank.jpg	129	0	f	f	1	0	\N	https://www.youtube.com/watch?v=XLcodk8Lbe4
65	forearm-side-plank-rotations.webp	\N	f	0	256	7	3	Forearm Side Plank with Torso Rotation	\N	260	forearm-side-plank-rotations.jpg	32913	0	t	f	17	0	\N	https://www.youtube.com/watch?v=i7zIMuHRDjM
849	karaoke.webp	\N	f	16777216	0	6	4	Karaoke	\N	0	karaoke.jpg	256	33024	t	f	18	129	\N	https://www.youtube.com/watch?v=Td06VNk15yI
407	\N	\N	f	0	256	7	1	Quadruped Plank with Alternating Shoulder Taps	\N	8192	quadruped-plank-shoulder-taps.jpg	145	0	f	f	17	0	\N	https://www.youtube.com/watch?v=RUjjKrORHpI
540	\N	\N	f	0	0	6	4	Plank to Pike Jumps	\N	4	pike-pushups.jpg	8193	0	f	f	1	0	\N	https://www.youtube.com/watch?v=hhWVyxhTfNs
900	lat-pulldown.webp	\N	t	12582912	0	6	8	Scapular Pulldowns	\N	65542	lat-pulldowns-alt.jpg	131104	0	f	f	1	0	\N	\N
857	\N	\N	f	16777216	0	1	1	Heron Stretch	\N	0	head-to-knee-alt.jpg	0	896	f	f	24	0	\N	https://www.youtube.com/watch?v=G8zNa2lR0KM
963	\N	\N	f	16777216	0	1	1	Dangling Stretch	\N	0	forward-bend.jpg	0	896	f	f	8	0	\N	https://www.youtube.com/watch?v=S-nWj0P5OSk
964	\N	\N	f	16777216	0	1	1	Half Butterfly Stretch	aka. Bound Angle Pose; Baddha Konasana.	0	seated-butterfly-stretch.jpg	0	40960	f	f	8	0	\N	https://www.youtube.com/watch?v=iLWT2sJ9hM8
965	\N	\N	f	0	0	1	1	Cow Face Arms Stretch	\N	0	cow-face-stretch.jpg	0	40960	t	f	24	0	\N	https://www.youtube.com/watch?v=Mc-FcRjZVUs
966	\N	\N	f	0	0	1	1	Cow Face Legs Stretch	\N	0	cow-face-stretch.jpg	0	40960	t	f	24	0	\N	https://www.youtube.com/watch?v=PmdYXmCq62I
967	\N	\N	f	16777216	16	1	1	Eagle Arms Stretch	\N	0	eagle-stretch.jpg	256	40960	f	f	8	0	\N	https://www.youtube.com/watch?v=Swd5k8p3GO4
968	\N	\N	f	67108864	0	1	1	Ankle Stretch	\N	0	rocking-ankle-mobilization.jpg	4101	1024	t	f	8	0	\N	https://www.youtube.com/watch?v=5u4PiC7I5Yg
969	\N	\N	f	0	256	1	1	Banana Stretch	\N	192	lying-sphinx.jpg	0	16	t	f	8	0	\N	https://www.youtube.com/watch?v=kvzwU0KSF3w
970	\N	\N	f	0	256	1	1	Cat Pulling it's Tail Stretch	\N	0	lying-sphinx.jpg	0	10756	t	f	8	0	\N	https://www.youtube.com/watch?v=Gmnw-PsAKvE
972	\N	\N	f	0	0	1	1	High Low Plank	\N	2052	hand-plank.jpg	8337	0	f	f	24	0	\N	https://www.youtube.com/watch?v=kJp-8Me6_84
974	\N	\N	f	0	0	1	1	Hurdler Stretch	\N	0	couch-stretch-alt.jpg	0	33536	t	f	8	0	\N	https://www.youtube.com/watch?v=QvJu8t1Lv9w
869	\N	\N	f	0	0	1	1	Revolved Deep Squat Hold	\N	1	squat-deep.jpg	2816	0	f	f	9	0	\N	https://www.youtube.com/watch?v=NfLuZsGOtas
156	\N	\N	f	0	0	7	2	Forearm Plank with Alternating Opposite Reach	\N	2052	plank-opposite-reach.jpg	8337	0	f	f	1	0	t	https://www.youtube.com/watch?v=E4iuGtYV_KU
978	lat-pulldown.webp	\N	t	12582912	8	6	8	One-Arm Lat Pulldowns	\N	131110	lat-pulldowns-alt.jpg	64	0	t	f	1	0	f	\N
961	\N	\N	f	0	0	1	1	Child's Stretch with Twist	\N	0	childs-pose.jpg	0	393712	t	f	8	0	\N	https://www.youtube.com/watch?v=1MB_XclBMhA
973	\N	\N	f	67108864	0	6	2	Half-Kneeling Ankle Rocks	\N	0	rocking-ankle-mobilization.jpg	0	1024	t	f	8	0	t	https://www.youtube.com/watch?v=dX38qpxi8SY
981	\N	\N	f	67108864	0	6	2	Tibial Internal Rotation	\N	0	rocking-ankle-mobilization.jpg	0	1024	t	f	8	0	t	\N
979	lat-pulldown-straight-arm.webp	\N	t	8388608	0	6	8	One-Arm Straight-Arm Lat Pulldowns	It’s a great exercise to hone in on your lats. The straight arm pulldown exercise is as close to an isolation exercise for the lats as there is.\n\nThe only downside with this lat pulldown variation is there's a low ceiling for load potential. This is really purely an accessory movement. 	131108	lat-pulldown-straight-arm.jpg	64	0	t	f	1	0	f	\N
339	hip-thrust.webp	\N	t	16777216	16	6	2	Hip Thrusts	\N	512	hip-thrusts.jpg	2147483904	0	f	f	1	32	t	https://www.youtube.com/watch?v=DPvZP6Sv2nc
343	\N	\N	t	16777216	16	6	2	One-Leg Hip Thrusts	\N	512	glute-bridge-one-leg.jpg	2147483904	0	t	f	17	32	t	https://www.youtube.com/watch?v=sPwjvGIbGHQ
615	deadlift-sumo.webp	\N	t	0	16	6	2	Sumo Deadlift	\N	132257	deadlift.jpg	2147519232	0	f	f	1	0	t	\N
131	deadlift.webp	\N	t	0	16	6	2	Deadlift	\N	132257	deadlift.jpg	2147519232	0	f	f	3	0	t	\N
870	\N	\N	f	0	0	1	1	Side-Reclining Leg Lift	\N	0	side-reclining-leg-lift.jpg	0	41472	f	f	1	0	\N	https://www.youtube.com/watch?v=ncQ0wd4QGTg
544	side-lying-leg-lift.webp	\N	t	0	0	7	10	Side-Lying Leg Lifts	Standing exercises are more osteogenic, but also easier to cheat the correct muscles.	8209	side-lying-leg-raises.jpg	12884934912	0	t	f	1	0	t	https://www.youtube.com/watch?v=pNismoYr1Fg
486	\N	\N	t	0	0	6	10	Side-Lying Double Leg Lifts	\N	8209	side-lying-double-leg-lifts.jpg	12884934912	0	t	f	1	0	t	https://www.youtube.com/watch?v=3YcYZvnAYz4
441	inner-thigh-leg-lift-lying.webp	\N	t	0	0	7	10	Side-Lying Inner Thigh Leg Lift	\N	0	side-lying-inner-thigh-leg-lift.jpg	12884934912	8209	t	f	1	0	t	https://www.youtube.com/watch?v=_BR4ZodkJ2M
267	side-plank-leg-lifts.webp	\N	f	0	0	7	3	Side Plank with Leg Lifts	\N	4	side-plank-leg-lifts.jpg	12884935057	0	t	f	17	0	\N	https://www.youtube.com/watch?v=dur4sgCZ70o
266	forearm-side-plank-leg-lifts.webp	\N	f	0	0	7	3	Forearm Side Plank with Leg Lifts	\N	4	forearm-side-star-plank.jpg	12884935057	0	t	f	17	0	\N	https://www.youtube.com/watch?v=ZZkgopVBPMg
273	\N	Exercises requires proficiency in side planks so we're going backwards by dropping back to the knee	f	0	0	7	2	Forearm Side Knee Plank with Leg Lifts	\N	4	forearm-side-knee-plank-leg-lifts.jpg	12884935057	0	f	f	1	0	t	https://www.youtube.com/watch?v=aOpoqD15TLQ
813	lateral-lunge-alt.webp	\N	f	117440512	32	6	2	Assisted Lateral Lunge	\N	1024	lateral-lunge.jpg	12884937472	0	t	f	9	128	t	https://www.youtube.com/watch?v=SgolPMO0HdE
499	lateral-lunge-alt.webp	\N	f	125829120	32	7	2	Lateral Lunge with Overhead Reach	\N	0	lateral-lunge-overhead-reach.jpg	12884937472	1	t	f	9	0	t	https://www.youtube.com/watch?v=Up3gRj8-sAA
988	squats.webp	\N	t	0	0	6	2	Suitcase Squats	This is primarily mobility training. Not a functional movement.	1025	full-squats-weighted.jpg	2147486464	0	f	f	1	0	t	\N
31	squats-one-leg.webp	\N	f	0	32	6	2	One-Leg Squats	\N	1025	squats-one-leg.jpg	2147486464	0	t	f	17	0	t	https://www.hybridcalisthenics.com/oneleg-squats
755	squats-skater.webp	\N	t	0	0	6	2	Skater Squats	Not functional. More of a balance/mobility exercise.	42001	reverse-lunge.jpg	2147486464	0	t	f	1	0	t	https://www.youtube.com/watch?v=gj-QWNeCIng
780	squats-box.webp	\N	t	0	32	6	2	Box Squats	\N	1025	squats-box.jpg	2147486464	0	f	f	1	0	t	https://www.youtube.com/watch?v=rMEPHwNhQfo
23	squats-assisted.webp	\N	f	0	32	6	2	Assisted Squats	\N	1025	squats-assisted.jpg	2147486464	0	f	f	1	0	t	https://www.hybridcalisthenics.com/assisted-squats
27	\N	These are lateral squats/lunges.	f	0	32	6	2	Side Staggered Squats	\N	1025	squats-staggered-side.jpg	2147486464	0	f	f	1	0	t	https://www.hybridcalisthenics.com/side-staggered-squats
29	\N	\N	f	0	32	6	2	One-Leg Box Squats	\N	1025	squats-one-leg-alt.jpg	2147486464	0	t	f	1	0	t	https://www.hybridcalisthenics.com/one-leg-chair-squats
30	squats-one-leg-assisted.webp	\N	f	0	32	6	2	Assisted One-Leg Squats	\N	1025	assisted-one-leg-squats.jpg	2147486464	0	t	f	1	0	t	https://www.hybridcalisthenics.com/assisted-oneleg-squats
559	\N	This goes outside the effective range of motion for a Lateral Raise.	t	0	0	6	2	Overhead Lateral Raise	\N	458784	lateral-raise.jpg	34359738372	0	t	t	1	0	t	\N
8	\N	\N	f	0	1	6	2	Archer Pushups	\N	133521	archer-pushups.jpg	17179873292	0	f	f	17	0	t	https://www.hybridcalisthenics.com/archer-pushups
842	pushups-plyometric-incline.webp	\N	f	0	1	6	4	Plyometric Incline Pushups	\N	133521	pushups-pylo.jpg	17179873292	0	f	f	3	0	\N	https://www.youtube.com/watch?v=84xXsLH21Cw
4	pushups-knee.webp	\N	f	0	1	6	2	Knee Pushups	\N	133521	knee-pushups.jpg	17179873292	0	f	f	1	0	t	https://www.hybridcalisthenics.com/knee-pushups
514	pushups-pylometric.webp	\N	f	0	1	6	4	Plyometric Pushups	\N	133521	pushups-pylo.jpg	17179873292	0	f	f	3	0	\N	https://www.youtube.com/watch?v=Z1hBVYb3Gi0
233	\N	I would say stationary wide push ups are a waste, less movement, more strain on elbows and easier to cause a little injury.	f	0	1	6	2	Wide-Grip Pushups	\N	133521	wide-grip-pushups.jpg	17179873292	0	f	f	1	0	t	https://www.youtube.com/watch?v=rr6eFNNDQdU
9	\N	Close enough to be a duplicate of Archer Pushups (thinking of those as Assisted One-Arm Pushups)	f	0	1	6	2	Sliding One-Arm Pushups	\N	133521	onearm-pushups.jpg	17179873292	0	t	f	17	0	t	https://www.hybridcalisthenics.com/sliding-onearm-pushups
10	\N	\N	f	0	1	6	2	One-Arm Pushups	\N	133521	onearm-pushups.jpg	17179873292	0	t	f	17	0	t	https://www.hybridcalisthenics.com/onearm-pushups
775	\N	\N	f	0	1	6	4	Plyometric Knee Pushups	\N	133521	pushups-pylo.jpg	17179873292	0	f	f	3	0	\N	https://www.youtube.com/watch?v=eM07lqCSuDk
996	clamshells.webp	\N	t	0	0	6	10	Banded 3-Pt Toe Taps	\N	512	clamshells.jpg	12884902144	0	t	f	1	0	t	\N
\.


--
-- Name: User_Id_seq; Type: SEQUENCE SET; Schema: public; Owner: -
--

SELECT pg_catalog.setval('public."User_Id_seq"', 339, true);


--
-- Name: exercise_Id_seq; Type: SEQUENCE SET; Schema: public; Owner: -
--

SELECT pg_catalog.setval('public."exercise_Id_seq"', 422, true);


--
-- Name: exercise_variation_Id_seq; Type: SEQUENCE SET; Schema: public; Owner: -
--

SELECT pg_catalog.setval('public."exercise_variation_Id_seq"', 1444, true);


--
-- Name: footnote_Id_seq; Type: SEQUENCE SET; Schema: public; Owner: -
--

SELECT pg_catalog.setval('public."footnote_Id_seq"', 291, true);


--
-- Name: instruction_Id_seq; Type: SEQUENCE SET; Schema: public; Owner: -
--

SELECT pg_catalog.setval('public."instruction_Id_seq"', 1850, true);


--
-- Name: variation_Id_seq; Type: SEQUENCE SET; Schema: public; Owner: -
--

SELECT pg_catalog.setval('public."variation_Id_seq"', 996, true);


--
-- Name: __EFMigrationsHistory PK___EFMigrationsHistory; Type: CONSTRAINT; Schema: public; Owner: -
--

ALTER TABLE ONLY public."__EFMigrationsHistory"
    ADD CONSTRAINT "PK___EFMigrationsHistory" PRIMARY KEY ("MigrationId");


--
-- Name: exercise PK_exercise; Type: CONSTRAINT; Schema: public; Owner: -
--

ALTER TABLE ONLY public.exercise
    ADD CONSTRAINT "PK_exercise" PRIMARY KEY ("Id");


--
-- Name: exercise_prerequisite PK_exercise_prerequisite; Type: CONSTRAINT; Schema: public; Owner: -
--

ALTER TABLE ONLY public.exercise_prerequisite
    ADD CONSTRAINT "PK_exercise_prerequisite" PRIMARY KEY ("ExerciseId", "PrerequisiteExerciseId");


--
-- Name: exercise_variation PK_exercise_variation; Type: CONSTRAINT; Schema: public; Owner: -
--

ALTER TABLE ONLY public.exercise_variation
    ADD CONSTRAINT "PK_exercise_variation" PRIMARY KEY ("Id");


--
-- Name: instruction PK_instruction; Type: CONSTRAINT; Schema: public; Owner: -
--

ALTER TABLE ONLY public.instruction
    ADD CONSTRAINT "PK_instruction" PRIMARY KEY ("Id");


--
-- Name: user PK_user; Type: CONSTRAINT; Schema: public; Owner: -
--

ALTER TABLE ONLY public."user"
    ADD CONSTRAINT "PK_user" PRIMARY KEY ("Id");


--
-- Name: user_email PK_user_email; Type: CONSTRAINT; Schema: public; Owner: -
--

ALTER TABLE ONLY public.user_email
    ADD CONSTRAINT "PK_user_email" PRIMARY KEY ("Id");


--
-- Name: user_exercise PK_user_exercise; Type: CONSTRAINT; Schema: public; Owner: -
--

ALTER TABLE ONLY public.user_exercise
    ADD CONSTRAINT "PK_user_exercise" PRIMARY KEY ("UserId", "ExerciseId");


--
-- Name: user_exercise_variation PK_user_exercise_variation; Type: CONSTRAINT; Schema: public; Owner: -
--

ALTER TABLE ONLY public.user_exercise_variation
    ADD CONSTRAINT "PK_user_exercise_variation" PRIMARY KEY ("UserId", "ExerciseVariationId");


--
-- Name: user_footnote PK_user_footnote; Type: CONSTRAINT; Schema: public; Owner: -
--

ALTER TABLE ONLY public.user_footnote
    ADD CONSTRAINT "PK_user_footnote" PRIMARY KEY ("Id");


--
-- Name: user_frequency PK_user_frequency; Type: CONSTRAINT; Schema: public; Owner: -
--

ALTER TABLE ONLY public.user_frequency
    ADD CONSTRAINT "PK_user_frequency" PRIMARY KEY ("UserId", "Id");


--
-- Name: user_muscle_flexibility PK_user_muscle_flexibility; Type: CONSTRAINT; Schema: public; Owner: -
--

ALTER TABLE ONLY public.user_muscle_flexibility
    ADD CONSTRAINT "PK_user_muscle_flexibility" PRIMARY KEY ("UserId", "MuscleGroup");


--
-- Name: user_muscle_mobility PK_user_muscle_mobility; Type: CONSTRAINT; Schema: public; Owner: -
--

ALTER TABLE ONLY public.user_muscle_mobility
    ADD CONSTRAINT "PK_user_muscle_mobility" PRIMARY KEY ("UserId", "MuscleGroup");


--
-- Name: user_muscle_strength PK_user_muscle_strength; Type: CONSTRAINT; Schema: public; Owner: -
--

ALTER TABLE ONLY public.user_muscle_strength
    ADD CONSTRAINT "PK_user_muscle_strength" PRIMARY KEY ("UserId", "MuscleGroup");


--
-- Name: user_token PK_user_token; Type: CONSTRAINT; Schema: public; Owner: -
--

ALTER TABLE ONLY public.user_token
    ADD CONSTRAINT "PK_user_token" PRIMARY KEY ("Id");


--
-- Name: user_variation PK_user_variation; Type: CONSTRAINT; Schema: public; Owner: -
--

ALTER TABLE ONLY public.user_variation
    ADD CONSTRAINT "PK_user_variation" PRIMARY KEY ("UserId", "VariationId");


--
-- Name: user_variation_weight PK_user_variation_weight; Type: CONSTRAINT; Schema: public; Owner: -
--

ALTER TABLE ONLY public.user_variation_weight
    ADD CONSTRAINT "PK_user_variation_weight" PRIMARY KEY ("Id");


--
-- Name: user_workout PK_user_workout; Type: CONSTRAINT; Schema: public; Owner: -
--

ALTER TABLE ONLY public.user_workout
    ADD CONSTRAINT "PK_user_workout" PRIMARY KEY ("Id");


--
-- Name: user_workout_exercise_variation PK_user_workout_exercise_variation; Type: CONSTRAINT; Schema: public; Owner: -
--

ALTER TABLE ONLY public.user_workout_exercise_variation
    ADD CONSTRAINT "PK_user_workout_exercise_variation" PRIMARY KEY ("Id");


--
-- Name: variation PK_variation; Type: CONSTRAINT; Schema: public; Owner: -
--

ALTER TABLE ONLY public.variation
    ADD CONSTRAINT "PK_variation" PRIMARY KEY ("Id");


--
-- Name: IX_exercise_prerequisite_PrerequisiteExerciseId; Type: INDEX; Schema: public; Owner: -
--

CREATE INDEX "IX_exercise_prerequisite_PrerequisiteExerciseId" ON public.exercise_prerequisite USING btree ("PrerequisiteExerciseId");


--
-- Name: IX_exercise_variation_ExerciseId; Type: INDEX; Schema: public; Owner: -
--

CREATE INDEX "IX_exercise_variation_ExerciseId" ON public.exercise_variation USING btree ("ExerciseId");


--
-- Name: IX_exercise_variation_VariationId_ExerciseId_ExerciseType; Type: INDEX; Schema: public; Owner: -
--

CREATE UNIQUE INDEX "IX_exercise_variation_VariationId_ExerciseId_ExerciseType" ON public.exercise_variation USING btree ("VariationId", "ExerciseId", "ExerciseType");


--
-- Name: IX_instruction_ParentId; Type: INDEX; Schema: public; Owner: -
--

CREATE INDEX "IX_instruction_ParentId" ON public.instruction USING btree ("ParentId");


--
-- Name: IX_instruction_VariationId; Type: INDEX; Schema: public; Owner: -
--

CREATE INDEX "IX_instruction_VariationId" ON public.instruction USING btree ("VariationId");


--
-- Name: IX_user_Email; Type: INDEX; Schema: public; Owner: -
--

CREATE UNIQUE INDEX "IX_user_Email" ON public."user" USING btree ("Email");


--
-- Name: IX_user_email_UserId; Type: INDEX; Schema: public; Owner: -
--

CREATE INDEX "IX_user_email_UserId" ON public.user_email USING btree ("UserId");


--
-- Name: IX_user_exercise_ExerciseId; Type: INDEX; Schema: public; Owner: -
--

CREATE INDEX "IX_user_exercise_ExerciseId" ON public.user_exercise USING btree ("ExerciseId");


--
-- Name: IX_user_exercise_variation_ExerciseVariationId; Type: INDEX; Schema: public; Owner: -
--

CREATE INDEX "IX_user_exercise_variation_ExerciseVariationId" ON public.user_exercise_variation USING btree ("ExerciseVariationId");


--
-- Name: IX_user_footnote_UserId; Type: INDEX; Schema: public; Owner: -
--

CREATE INDEX "IX_user_footnote_UserId" ON public.user_footnote USING btree ("UserId");


--
-- Name: IX_user_token_UserId_Token; Type: INDEX; Schema: public; Owner: -
--

CREATE INDEX "IX_user_token_UserId_Token" ON public.user_token USING btree ("UserId", "Token");


--
-- Name: IX_user_variation_VariationId; Type: INDEX; Schema: public; Owner: -
--

CREATE INDEX "IX_user_variation_VariationId" ON public.user_variation USING btree ("VariationId");


--
-- Name: IX_user_variation_weight_UserId; Type: INDEX; Schema: public; Owner: -
--

CREATE INDEX "IX_user_variation_weight_UserId" ON public.user_variation_weight USING btree ("UserId");


--
-- Name: IX_user_variation_weight_VariationId; Type: INDEX; Schema: public; Owner: -
--

CREATE INDEX "IX_user_variation_weight_VariationId" ON public.user_variation_weight USING btree ("VariationId");


--
-- Name: IX_user_workout_UserId; Type: INDEX; Schema: public; Owner: -
--

CREATE INDEX "IX_user_workout_UserId" ON public.user_workout USING btree ("UserId");


--
-- Name: IX_user_workout_exercise_variation_ExerciseVariationId; Type: INDEX; Schema: public; Owner: -
--

CREATE INDEX "IX_user_workout_exercise_variation_ExerciseVariationId" ON public.user_workout_exercise_variation USING btree ("ExerciseVariationId");


--
-- Name: IX_user_workout_exercise_variation_UserWorkoutId; Type: INDEX; Schema: public; Owner: -
--

CREATE INDEX "IX_user_workout_exercise_variation_UserWorkoutId" ON public.user_workout_exercise_variation USING btree ("UserWorkoutId");


--
-- Name: exercise_prerequisite FK_exercise_prerequisite_exercise_ExerciseId; Type: FK CONSTRAINT; Schema: public; Owner: -
--

ALTER TABLE ONLY public.exercise_prerequisite
    ADD CONSTRAINT "FK_exercise_prerequisite_exercise_ExerciseId" FOREIGN KEY ("ExerciseId") REFERENCES public.exercise("Id") ON DELETE CASCADE;


--
-- Name: exercise_prerequisite FK_exercise_prerequisite_exercise_PrerequisiteExerciseId; Type: FK CONSTRAINT; Schema: public; Owner: -
--

ALTER TABLE ONLY public.exercise_prerequisite
    ADD CONSTRAINT "FK_exercise_prerequisite_exercise_PrerequisiteExerciseId" FOREIGN KEY ("PrerequisiteExerciseId") REFERENCES public.exercise("Id") ON DELETE CASCADE;


--
-- Name: exercise_variation FK_exercise_variation_exercise_ExerciseId; Type: FK CONSTRAINT; Schema: public; Owner: -
--

ALTER TABLE ONLY public.exercise_variation
    ADD CONSTRAINT "FK_exercise_variation_exercise_ExerciseId" FOREIGN KEY ("ExerciseId") REFERENCES public.exercise("Id") ON DELETE CASCADE;


--
-- Name: exercise_variation FK_exercise_variation_variation_VariationId; Type: FK CONSTRAINT; Schema: public; Owner: -
--

ALTER TABLE ONLY public.exercise_variation
    ADD CONSTRAINT "FK_exercise_variation_variation_VariationId" FOREIGN KEY ("VariationId") REFERENCES public.variation("Id") ON DELETE CASCADE;


--
-- Name: instruction FK_instruction_instruction_ParentId; Type: FK CONSTRAINT; Schema: public; Owner: -
--

ALTER TABLE ONLY public.instruction
    ADD CONSTRAINT "FK_instruction_instruction_ParentId" FOREIGN KEY ("ParentId") REFERENCES public.instruction("Id");


--
-- Name: instruction FK_instruction_variation_VariationId; Type: FK CONSTRAINT; Schema: public; Owner: -
--

ALTER TABLE ONLY public.instruction
    ADD CONSTRAINT "FK_instruction_variation_VariationId" FOREIGN KEY ("VariationId") REFERENCES public.variation("Id") ON DELETE CASCADE;


--
-- Name: user_email FK_user_email_user_UserId; Type: FK CONSTRAINT; Schema: public; Owner: -
--

ALTER TABLE ONLY public.user_email
    ADD CONSTRAINT "FK_user_email_user_UserId" FOREIGN KEY ("UserId") REFERENCES public."user"("Id") ON DELETE CASCADE;


--
-- Name: user_exercise FK_user_exercise_exercise_ExerciseId; Type: FK CONSTRAINT; Schema: public; Owner: -
--

ALTER TABLE ONLY public.user_exercise
    ADD CONSTRAINT "FK_user_exercise_exercise_ExerciseId" FOREIGN KEY ("ExerciseId") REFERENCES public.exercise("Id") ON DELETE CASCADE;


--
-- Name: user_exercise FK_user_exercise_user_UserId; Type: FK CONSTRAINT; Schema: public; Owner: -
--

ALTER TABLE ONLY public.user_exercise
    ADD CONSTRAINT "FK_user_exercise_user_UserId" FOREIGN KEY ("UserId") REFERENCES public."user"("Id") ON DELETE CASCADE;


--
-- Name: user_exercise_variation FK_user_exercise_variation_exercise_variation_ExerciseVariatio~; Type: FK CONSTRAINT; Schema: public; Owner: -
--

ALTER TABLE ONLY public.user_exercise_variation
    ADD CONSTRAINT "FK_user_exercise_variation_exercise_variation_ExerciseVariatio~" FOREIGN KEY ("ExerciseVariationId") REFERENCES public.exercise_variation("Id") ON DELETE CASCADE;


--
-- Name: user_exercise_variation FK_user_exercise_variation_user_UserId; Type: FK CONSTRAINT; Schema: public; Owner: -
--

ALTER TABLE ONLY public.user_exercise_variation
    ADD CONSTRAINT "FK_user_exercise_variation_user_UserId" FOREIGN KEY ("UserId") REFERENCES public."user"("Id") ON DELETE CASCADE;


--
-- Name: user_footnote FK_user_footnote_user_UserId; Type: FK CONSTRAINT; Schema: public; Owner: -
--

ALTER TABLE ONLY public.user_footnote
    ADD CONSTRAINT "FK_user_footnote_user_UserId" FOREIGN KEY ("UserId") REFERENCES public."user"("Id");


--
-- Name: user_frequency FK_user_frequency_user_UserId; Type: FK CONSTRAINT; Schema: public; Owner: -
--

ALTER TABLE ONLY public.user_frequency
    ADD CONSTRAINT "FK_user_frequency_user_UserId" FOREIGN KEY ("UserId") REFERENCES public."user"("Id") ON DELETE CASCADE;


--
-- Name: user_muscle_flexibility FK_user_muscle_flexibility_user_UserId; Type: FK CONSTRAINT; Schema: public; Owner: -
--

ALTER TABLE ONLY public.user_muscle_flexibility
    ADD CONSTRAINT "FK_user_muscle_flexibility_user_UserId" FOREIGN KEY ("UserId") REFERENCES public."user"("Id") ON DELETE CASCADE;


--
-- Name: user_muscle_mobility FK_user_muscle_mobility_user_UserId; Type: FK CONSTRAINT; Schema: public; Owner: -
--

ALTER TABLE ONLY public.user_muscle_mobility
    ADD CONSTRAINT "FK_user_muscle_mobility_user_UserId" FOREIGN KEY ("UserId") REFERENCES public."user"("Id") ON DELETE CASCADE;


--
-- Name: user_muscle_strength FK_user_muscle_strength_user_UserId; Type: FK CONSTRAINT; Schema: public; Owner: -
--

ALTER TABLE ONLY public.user_muscle_strength
    ADD CONSTRAINT "FK_user_muscle_strength_user_UserId" FOREIGN KEY ("UserId") REFERENCES public."user"("Id") ON DELETE CASCADE;


--
-- Name: user_token FK_user_token_user_UserId; Type: FK CONSTRAINT; Schema: public; Owner: -
--

ALTER TABLE ONLY public.user_token
    ADD CONSTRAINT "FK_user_token_user_UserId" FOREIGN KEY ("UserId") REFERENCES public."user"("Id") ON DELETE CASCADE;


--
-- Name: user_variation FK_user_variation_user_UserId; Type: FK CONSTRAINT; Schema: public; Owner: -
--

ALTER TABLE ONLY public.user_variation
    ADD CONSTRAINT "FK_user_variation_user_UserId" FOREIGN KEY ("UserId") REFERENCES public."user"("Id") ON DELETE CASCADE;


--
-- Name: user_variation FK_user_variation_variation_VariationId; Type: FK CONSTRAINT; Schema: public; Owner: -
--

ALTER TABLE ONLY public.user_variation
    ADD CONSTRAINT "FK_user_variation_variation_VariationId" FOREIGN KEY ("VariationId") REFERENCES public.variation("Id") ON DELETE CASCADE;


--
-- Name: user_variation_weight FK_user_variation_weight_user_UserId; Type: FK CONSTRAINT; Schema: public; Owner: -
--

ALTER TABLE ONLY public.user_variation_weight
    ADD CONSTRAINT "FK_user_variation_weight_user_UserId" FOREIGN KEY ("UserId") REFERENCES public."user"("Id") ON DELETE CASCADE;


--
-- Name: user_variation_weight FK_user_variation_weight_variation_VariationId; Type: FK CONSTRAINT; Schema: public; Owner: -
--

ALTER TABLE ONLY public.user_variation_weight
    ADD CONSTRAINT "FK_user_variation_weight_variation_VariationId" FOREIGN KEY ("VariationId") REFERENCES public.variation("Id") ON DELETE CASCADE;


--
-- Name: user_workout_exercise_variation FK_user_workout_exercise_variation_exercise_variation_Exercise~; Type: FK CONSTRAINT; Schema: public; Owner: -
--

ALTER TABLE ONLY public.user_workout_exercise_variation
    ADD CONSTRAINT "FK_user_workout_exercise_variation_exercise_variation_Exercise~" FOREIGN KEY ("ExerciseVariationId") REFERENCES public.exercise_variation("Id") ON DELETE CASCADE;


--
-- Name: user_workout_exercise_variation FK_user_workout_exercise_variation_user_workout_UserWorkoutId; Type: FK CONSTRAINT; Schema: public; Owner: -
--

ALTER TABLE ONLY public.user_workout_exercise_variation
    ADD CONSTRAINT "FK_user_workout_exercise_variation_user_workout_UserWorkoutId" FOREIGN KEY ("UserWorkoutId") REFERENCES public.user_workout("Id") ON DELETE CASCADE;


--
-- Name: user_workout FK_user_workout_user_UserId; Type: FK CONSTRAINT; Schema: public; Owner: -
--

ALTER TABLE ONLY public.user_workout
    ADD CONSTRAINT "FK_user_workout_user_UserId" FOREIGN KEY ("UserId") REFERENCES public."user"("Id") ON DELETE CASCADE;


--
-- PostgreSQL database dump complete
--

