--
-- PostgreSQL database dump
--

-- Dumped from database version 15.3
-- Dumped by pg_dump version 15.2

SET statement_timeout = 0;
SET lock_timeout = 0;
SET idle_in_transaction_session_timeout = 0;
SET client_encoding = 'UTF8';
SET standard_conforming_strings = on;
SELECT pg_catalog.set_config('search_path', '', false);
SET check_function_bodies = false;
SET xmloption = content;
SET client_min_messages = warning;
SET row_security = off;

--
-- Name: pg_stat_statements; Type: EXTENSION; Schema: -; Owner: -
--

CREATE EXTENSION IF NOT EXISTS pg_stat_statements WITH SCHEMA public;


--
-- Name: EXTENSION pg_stat_statements; Type: COMMENT; Schema: -; Owner: 
--

COMMENT ON EXTENSION pg_stat_statements IS 'track planning and execution statistics of all SQL statements executed';


--
-- Name: uuid-ossp; Type: EXTENSION; Schema: -; Owner: -
--

CREATE EXTENSION IF NOT EXISTS "uuid-ossp" WITH SCHEMA public;


--
-- Name: EXTENSION "uuid-ossp"; Type: COMMENT; Schema: -; Owner: 
--

COMMENT ON EXTENSION "uuid-ossp" IS 'generate universally unique identifiers (UUIDs)';


SET default_tablespace = '';

SET default_table_access_method = heap;

--
-- Name: instruction; Type: TABLE; Schema: public; Owner: doadmin
--

CREATE TABLE public.instruction (
    "Id" integer NOT NULL,
    "Name" text DEFAULT ''::text NOT NULL,
    "Link" text,
    "VariationId" integer DEFAULT 0 NOT NULL,
    "DisabledReason" text,
    "ParentId" integer
);


ALTER TABLE public.instruction OWNER TO doadmin;

--
-- Name: TABLE instruction; Type: COMMENT; Schema: public; Owner: doadmin
--

COMMENT ON TABLE public.instruction IS 'Equipment that can be switched out for one another';


--
-- Name: EquipmentGroup_Id_seq; Type: SEQUENCE; Schema: public; Owner: doadmin
--

ALTER TABLE public.instruction ALTER COLUMN "Id" ADD GENERATED BY DEFAULT AS IDENTITY (
    SEQUENCE NAME public."EquipmentGroup_Id_seq"
    START WITH 1
    INCREMENT BY 1
    NO MINVALUE
    NO MAXVALUE
    CACHE 1
);


--
-- Name: equipment; Type: TABLE; Schema: public; Owner: doadmin
--

CREATE TABLE public.equipment (
    "Id" integer NOT NULL,
    "Name" text NOT NULL,
    "DisabledReason" text
);


ALTER TABLE public.equipment OWNER TO doadmin;

--
-- Name: TABLE equipment; Type: COMMENT; Schema: public; Owner: doadmin
--

COMMENT ON TABLE public.equipment IS 'Equipment used in an exercise';


--
-- Name: Equipment_Id_seq; Type: SEQUENCE; Schema: public; Owner: doadmin
--

ALTER TABLE public.equipment ALTER COLUMN "Id" ADD GENERATED BY DEFAULT AS IDENTITY (
    SEQUENCE NAME public."Equipment_Id_seq"
    START WITH 1
    INCREMENT BY 1
    NO MINVALUE
    NO MAXVALUE
    CACHE 1
);


--
-- Name: exercise; Type: TABLE; Schema: public; Owner: doadmin
--

CREATE TABLE public.exercise (
    "Id" integer NOT NULL,
    "Name" text DEFAULT ''::text NOT NULL,
    "DisabledReason" text,
    "Proficiency" integer DEFAULT 0 NOT NULL,
    "Notes" text,
    "Groups" integer DEFAULT 0 NOT NULL
);


ALTER TABLE public.exercise OWNER TO doadmin;

--
-- Name: TABLE exercise; Type: COMMENT; Schema: public; Owner: doadmin
--

COMMENT ON TABLE public.exercise IS 'Exercises listed on the website';


--
-- Name: Exercise_Id_seq; Type: SEQUENCE; Schema: public; Owner: doadmin
--

ALTER TABLE public.exercise ALTER COLUMN "Id" ADD GENERATED BY DEFAULT AS IDENTITY (
    SEQUENCE NAME public."Exercise_Id_seq"
    START WITH 1
    INCREMENT BY 1
    NO MINVALUE
    NO MAXVALUE
    CACHE 1
);


--
-- Name: footnote; Type: TABLE; Schema: public; Owner: doadmin
--

CREATE TABLE public.footnote (
    "Id" integer NOT NULL,
    "Note" text NOT NULL,
    "Source" text,
    "Type" integer DEFAULT 0 NOT NULL
);


ALTER TABLE public.footnote OWNER TO doadmin;

--
-- Name: TABLE footnote; Type: COMMENT; Schema: public; Owner: doadmin
--

COMMENT ON TABLE public.footnote IS 'Sage advice';


--
-- Name: Footnote_Id_seq; Type: SEQUENCE; Schema: public; Owner: doadmin
--

ALTER TABLE public.footnote ALTER COLUMN "Id" ADD GENERATED BY DEFAULT AS IDENTITY (
    SEQUENCE NAME public."Footnote_Id_seq"
    START WITH 1
    INCREMENT BY 1
    NO MINVALUE
    NO MAXVALUE
    CACHE 1
);


--
-- Name: intensity; Type: TABLE; Schema: public; Owner: doadmin
--

CREATE TABLE public.intensity (
    "Id" integer NOT NULL,
    "Proficiency_MinSecs" integer,
    "Proficiency_MinReps" integer,
    "Proficiency_MaxReps" integer,
    "Proficiency_Sets" integer,
    "IntensityLevel" integer NOT NULL,
    "VariationId" integer NOT NULL,
    "DisabledReason" text,
    "Proficiency_MaxSecs" integer
);


ALTER TABLE public.intensity OWNER TO doadmin;

--
-- Name: TABLE intensity; Type: COMMENT; Schema: public; Owner: doadmin
--

COMMENT ON TABLE public.intensity IS 'Intensity level of an exercise variation per user''s strengthing preference';


--
-- Name: IntensityPreference_Id_seq; Type: SEQUENCE; Schema: public; Owner: doadmin
--

ALTER TABLE public.intensity ALTER COLUMN "Id" ADD GENERATED BY DEFAULT AS IDENTITY (
    SEQUENCE NAME public."IntensityPreference_Id_seq"
    START WITH 1
    INCREMENT BY 1
    NO MINVALUE
    NO MAXVALUE
    CACHE 1
);


--
-- Name: variation; Type: TABLE; Schema: public; Owner: doadmin
--

CREATE TABLE public.variation (
    "Id" integer NOT NULL,
    "Name" text DEFAULT ''::text NOT NULL,
    "MuscleContractions" integer DEFAULT 0 NOT NULL,
    "DisabledReason" text,
    "StaticImage" text DEFAULT ''::text NOT NULL,
    "StretchMuscles" integer DEFAULT 0 NOT NULL,
    "StrengthMuscles" integer DEFAULT 0 NOT NULL,
    "Unilateral" boolean DEFAULT false NOT NULL,
    "MuscleMovement" integer DEFAULT 0 NOT NULL,
    "MovementPattern" integer DEFAULT 0 NOT NULL,
    "AntiGravity" boolean DEFAULT false NOT NULL,
    "SecondaryMuscles" integer DEFAULT 0 NOT NULL,
    "Notes" text,
    "DefaultInstructionId" integer,
    "AnimatedImage" text,
    "IsWeighted" boolean DEFAULT false NOT NULL,
    "UseCaution" boolean DEFAULT false NOT NULL,
    "MobilityJoints" integer DEFAULT 0 NOT NULL,
    "ExerciseFocus" integer DEFAULT 0 NOT NULL
);


ALTER TABLE public.variation OWNER TO doadmin;

--
-- Name: TABLE variation; Type: COMMENT; Schema: public; Owner: doadmin
--

COMMENT ON TABLE public.variation IS 'Variations of exercises';


--
-- Name: Intensity_Id_seq; Type: SEQUENCE; Schema: public; Owner: doadmin
--

ALTER TABLE public.variation ALTER COLUMN "Id" ADD GENERATED BY DEFAULT AS IDENTITY (
    SEQUENCE NAME public."Intensity_Id_seq"
    START WITH 1
    INCREMENT BY 1
    NO MINVALUE
    NO MAXVALUE
    CACHE 1
);


--
-- Name: user; Type: TABLE; Schema: public; Owner: doadmin
--

CREATE TABLE public."user" (
    "Id" integer NOT NULL,
    "Email" text NOT NULL,
    "SendDays" integer DEFAULT 0 NOT NULL,
    "AcceptedTerms" boolean DEFAULT false NOT NULL,
    "IntensityLevel" integer DEFAULT 0 NOT NULL,
    "Verbosity" integer DEFAULT 0 NOT NULL,
    "RehabFocus" integer DEFAULT 0 NOT NULL,
    "SportsFocus" integer DEFAULT 0 NOT NULL,
    "DisabledReason" text,
    "CreatedDate" date DEFAULT '-infinity'::date NOT NULL,
    "LastActive" date DEFAULT '-infinity'::date,
    "Frequency" integer DEFAULT 0 NOT NULL,
    "DeloadAfterEveryXWeeks" integer DEFAULT 0 NOT NULL,
    "SendHour" integer DEFAULT 0 NOT NULL,
    "ShowStaticImages" boolean DEFAULT false NOT NULL,
    "RefreshAccessoryEveryXWeeks" integer DEFAULT 7 NOT NULL,
    "RefreshFunctionalEveryXWeeks" integer DEFAULT 30 NOT NULL,
    "Features" integer DEFAULT 0 NOT NULL,
    "PrehabFocus" integer DEFAULT 0 NOT NULL,
    "FootnoteType" integer DEFAULT 0 NOT NULL,
    "MobilityMuscles" integer DEFAULT 0 NOT NULL,
    "IncludeMobilityWorkouts" boolean DEFAULT false NOT NULL,
    "SeasonedDate" date,
    "SendEmailWorkouts" boolean DEFAULT false NOT NULL
);


ALTER TABLE public."user" OWNER TO doadmin;

--
-- Name: TABLE "user"; Type: COMMENT; Schema: public; Owner: doadmin
--

COMMENT ON TABLE public."user" IS 'User who signed up for the newsletter';


--
-- Name: User_Id_seq; Type: SEQUENCE; Schema: public; Owner: doadmin
--

ALTER TABLE public."user" ALTER COLUMN "Id" ADD GENERATED BY DEFAULT AS IDENTITY (
    SEQUENCE NAME public."User_Id_seq"
    START WITH 1
    INCREMENT BY 1
    NO MINVALUE
    NO MAXVALUE
    CACHE 1
);


--
-- Name: __EFMigrationsHistory; Type: TABLE; Schema: public; Owner: doadmin
--

CREATE TABLE public."__EFMigrationsHistory" (
    "MigrationId" character varying(150) NOT NULL,
    "ProductVersion" character varying(32) NOT NULL
);


ALTER TABLE public."__EFMigrationsHistory" OWNER TO doadmin;

--
-- Name: exercise_prerequisite; Type: TABLE; Schema: public; Owner: doadmin
--

CREATE TABLE public.exercise_prerequisite (
    "ExerciseId" integer NOT NULL,
    "PrerequisiteExerciseId" integer NOT NULL
);


ALTER TABLE public.exercise_prerequisite OWNER TO doadmin;

--
-- Name: TABLE exercise_prerequisite; Type: COMMENT; Schema: public; Owner: doadmin
--

COMMENT ON TABLE public.exercise_prerequisite IS 'Pre-requisite exercises for other exercises';


--
-- Name: exercise_variation; Type: TABLE; Schema: public; Owner: doadmin
--

CREATE TABLE public.exercise_variation (
    "Progression_Min" integer,
    "Progression_Max" integer,
    "ExerciseId" integer NOT NULL,
    "VariationId" integer NOT NULL,
    "Id" integer NOT NULL,
    "DisabledReason" text,
    "Notes" text,
    "SportsFocus" integer DEFAULT 0 NOT NULL,
    "ExerciseType" integer DEFAULT 0 NOT NULL
);


ALTER TABLE public.exercise_variation OWNER TO doadmin;

--
-- Name: TABLE exercise_variation; Type: COMMENT; Schema: public; Owner: doadmin
--

COMMENT ON TABLE public.exercise_variation IS 'Variation progressions for an exercise track';


--
-- Name: exercise_variation_Id_seq; Type: SEQUENCE; Schema: public; Owner: doadmin
--

ALTER TABLE public.exercise_variation ALTER COLUMN "Id" ADD GENERATED BY DEFAULT AS IDENTITY (
    SEQUENCE NAME public."exercise_variation_Id_seq"
    START WITH 1
    INCREMENT BY 1
    NO MINVALUE
    NO MAXVALUE
    CACHE 1
);


--
-- Name: instruction_equipment; Type: TABLE; Schema: public; Owner: doadmin
--

CREATE TABLE public.instruction_equipment (
    "InstructionsId" integer NOT NULL,
    "EquipmentId" integer NOT NULL
);


ALTER TABLE public.instruction_equipment OWNER TO doadmin;

--
-- Name: instruction_location; Type: TABLE; Schema: public; Owner: doadmin
--

CREATE TABLE public.instruction_location (
    "Location" integer NOT NULL,
    "InstructionId" integer NOT NULL,
    "Link" text NOT NULL
);


ALTER TABLE public.instruction_location OWNER TO doadmin;

--
-- Name: TABLE instruction_location; Type: COMMENT; Schema: public; Owner: doadmin
--

COMMENT ON TABLE public.instruction_location IS 'Instructions that can be switched out for one another';


--
-- Name: user_equipment; Type: TABLE; Schema: public; Owner: doadmin
--

CREATE TABLE public.user_equipment (
    "EquipmentId" integer NOT NULL,
    "UserId" integer NOT NULL
);


ALTER TABLE public.user_equipment OWNER TO doadmin;

--
-- Name: user_exercise; Type: TABLE; Schema: public; Owner: doadmin
--

CREATE TABLE public.user_exercise (
    "UserId" integer NOT NULL,
    "ExerciseId" integer NOT NULL,
    "Progression" integer NOT NULL,
    "Ignore" boolean DEFAULT false NOT NULL,
    "LastSeen" date DEFAULT '-infinity'::date NOT NULL,
    "RefreshAfter" date
);


ALTER TABLE public.user_exercise OWNER TO doadmin;

--
-- Name: TABLE user_exercise; Type: COMMENT; Schema: public; Owner: doadmin
--

COMMENT ON TABLE public.user_exercise IS 'User''s progression level of an exercise';


--
-- Name: user_exercise_variation; Type: TABLE; Schema: public; Owner: doadmin
--

CREATE TABLE public.user_exercise_variation (
    "UserId" integer NOT NULL,
    "ExerciseVariationId" integer NOT NULL,
    "LastSeen" date NOT NULL,
    "RefreshAfter" date
);


ALTER TABLE public.user_exercise_variation OWNER TO doadmin;

--
-- Name: TABLE user_exercise_variation; Type: COMMENT; Schema: public; Owner: doadmin
--

COMMENT ON TABLE public.user_exercise_variation IS 'User''s progression level of an exercise variation';


--
-- Name: user_frequency; Type: TABLE; Schema: public; Owner: doadmin
--

CREATE TABLE public.user_frequency (
    "Rotation_Id" integer NOT NULL,
    "UserId" integer NOT NULL,
    "Rotation_MuscleGroups" integer NOT NULL,
    "Rotation_MovementPatterns" integer NOT NULL,
    "Id" integer NOT NULL
);


ALTER TABLE public.user_frequency OWNER TO doadmin;

--
-- Name: user_muscle; Type: TABLE; Schema: public; Owner: doadmin
--

CREATE TABLE public.user_muscle (
    "MuscleGroup" integer NOT NULL,
    "UserId" integer NOT NULL,
    "Start" integer NOT NULL,
    "End" integer NOT NULL
);


ALTER TABLE public.user_muscle OWNER TO doadmin;

--
-- Name: user_newsletter; Type: TABLE; Schema: public; Owner: doadmin
--

CREATE TABLE public.user_newsletter (
    "Id" integer NOT NULL,
    "UserId" integer NOT NULL,
    "LastError" text,
    "Body" text DEFAULT ''::text NOT NULL,
    "Date" date DEFAULT '-infinity'::date NOT NULL,
    "Subject" text DEFAULT ''::text NOT NULL,
    "EmailStatus" integer DEFAULT 0 NOT NULL,
    "SendAfter" timestamp with time zone DEFAULT '-infinity'::timestamp with time zone NOT NULL,
    "SendAttempts" integer DEFAULT 0 NOT NULL
);


ALTER TABLE public.user_newsletter OWNER TO doadmin;

--
-- Name: TABLE user_newsletter; Type: COMMENT; Schema: public; Owner: doadmin
--

COMMENT ON TABLE public.user_newsletter IS 'A day''s workout routine';


--
-- Name: user_newsletter_Id_seq; Type: SEQUENCE; Schema: public; Owner: doadmin
--

ALTER TABLE public.user_newsletter ALTER COLUMN "Id" ADD GENERATED BY DEFAULT AS IDENTITY (
    SEQUENCE NAME public."user_newsletter_Id_seq"
    START WITH 1
    INCREMENT BY 1
    NO MINVALUE
    NO MAXVALUE
    CACHE 1
);


--
-- Name: user_token; Type: TABLE; Schema: public; Owner: doadmin
--

CREATE TABLE public.user_token (
    "UserId" integer NOT NULL,
    "Token" text NOT NULL,
    "Expires" date NOT NULL,
    "Id" integer NOT NULL
);


ALTER TABLE public.user_token OWNER TO doadmin;

--
-- Name: TABLE user_token; Type: COMMENT; Schema: public; Owner: doadmin
--

COMMENT ON TABLE public.user_token IS 'Auth tokens for a user';


--
-- Name: user_token_Id_seq; Type: SEQUENCE; Schema: public; Owner: doadmin
--

ALTER TABLE public.user_token ALTER COLUMN "Id" ADD GENERATED BY DEFAULT AS IDENTITY (
    SEQUENCE NAME public."user_token_Id_seq"
    START WITH 1
    INCREMENT BY 1
    NO MINVALUE
    NO MAXVALUE
    CACHE 1
);


--
-- Name: user_variation; Type: TABLE; Schema: public; Owner: doadmin
--

CREATE TABLE public.user_variation (
    "UserId" integer NOT NULL,
    "VariationId" integer NOT NULL,
    "Pounds" integer DEFAULT 0 NOT NULL,
    "Ignore" boolean DEFAULT false NOT NULL
);


ALTER TABLE public.user_variation OWNER TO doadmin;

--
-- Name: TABLE user_variation; Type: COMMENT; Schema: public; Owner: doadmin
--

COMMENT ON TABLE public.user_variation IS 'User''s intensity stats';


--
-- Name: user_workout; Type: TABLE; Schema: public; Owner: doadmin
--

CREATE TABLE public.user_workout (
    "Id" integer NOT NULL,
    "UserId" integer NOT NULL,
    "Date" date NOT NULL,
    "WorkoutRotation_Id" integer NOT NULL,
    "WorkoutRotation_MuscleGroups" integer NOT NULL,
    "WorkoutRotation_MovementPatterns" integer NOT NULL,
    "Frequency" integer NOT NULL,
    "IsDeloadWeek" boolean NOT NULL
);


ALTER TABLE public.user_workout OWNER TO doadmin;

--
-- Name: TABLE user_workout; Type: COMMENT; Schema: public; Owner: doadmin
--

COMMENT ON TABLE public.user_workout IS 'A day''s workout routine';


--
-- Name: user_workout_Id_seq; Type: SEQUENCE; Schema: public; Owner: doadmin
--

ALTER TABLE public.user_workout ALTER COLUMN "Id" ADD GENERATED BY DEFAULT AS IDENTITY (
    SEQUENCE NAME public."user_workout_Id_seq"
    START WITH 1
    INCREMENT BY 1
    NO MINVALUE
    NO MAXVALUE
    CACHE 1
);


--
-- Name: user_workout_exercise_variation; Type: TABLE; Schema: public; Owner: doadmin
--

CREATE TABLE public.user_workout_exercise_variation (
    "Id" integer NOT NULL,
    "UserWorkoutId" integer NOT NULL,
    "ExerciseVariationId" integer NOT NULL,
    "Order" integer NOT NULL,
    "Section" integer NOT NULL,
    "IntensityLevel" integer
);


ALTER TABLE public.user_workout_exercise_variation OWNER TO doadmin;

--
-- Name: TABLE user_workout_exercise_variation; Type: COMMENT; Schema: public; Owner: doadmin
--

COMMENT ON TABLE public.user_workout_exercise_variation IS 'A day''s workout routine';


--
-- Name: user_workout_exercise_variation_Id_seq; Type: SEQUENCE; Schema: public; Owner: doadmin
--

ALTER TABLE public.user_workout_exercise_variation ALTER COLUMN "Id" ADD GENERATED BY DEFAULT AS IDENTITY (
    SEQUENCE NAME public."user_workout_exercise_variation_Id_seq"
    START WITH 1
    INCREMENT BY 1
    NO MINVALUE
    NO MAXVALUE
    CACHE 1
);


--
-- Data for Name: __EFMigrationsHistory; Type: TABLE DATA; Schema: public; Owner: doadmin
--

COPY public."__EFMigrationsHistory" ("MigrationId", "ProductVersion") FROM stdin;
20230627223745_SquashMigrations	7.0.8
20230628231454_ImproveMailDb	7.0.8
\.


--
-- Data for Name: equipment; Type: TABLE DATA; Schema: public; Owner: doadmin
--

COPY public.equipment ("Id", "Name", "DisabledReason") FROM stdin;
8	Pullup Bar	\N
13	Jump Rope	\N
20	Flat Bench	\N
28	Track	Not sure I want to show exercises that take place outdoors
21	Low Box	\N
18	High Box	\N
2	Barbell	\N
3	Medicine Ball	\N
17	Plates	\N
29	Field	Not sure I want to show exercises that take place outdoors
23	Pillow	Everybody has one of these at home
19	Stairs	Duplicate of Low Box
11	Chair	Everybody has one of these at home
24	Foam Roller	Not used in strengthening exercises
25	Malleable Ball	Everybody has one of these at home
31	EZ Bar	Duplicate of Barbell. They both use the same motions,  only difference is wrist position being slightly more comfortable. Otherwise they are interchangeable.
7	Stability Ball	\N
16	Dip Belt with Chain	How many people have this that don't know how to use it?
15	Weighted Vest	The instructions for using this isn't any different than the unweighted version.
33	Hula Hoop	\N
12	Incline Bench	\N
27	TRX System	\N
26	Mini Loop Bands	\N
30	Treadmill	Not necessary to separate this out.
22	Ankle Weights	I should only enable equipment that changes how the exercises are performed.
10	Dip Bar	I got rid of Dips because they can hurt your shoulders if you don't have strong shoulders.
14	Parallettes	These aren't necessary to complete exercises such as the L-Sit or handstand pushups, though they do make it easier. I'm fine just showing instructions using just the hands and the user, if they have these, can add them to their workout themselves.
4	Slam Ball	\N
32	Ankle Anchor	Found videos to show these exercises w/o specific equipment.
1	Dumbbells	\N
6	Resistance Bands	\N
9	Gymnastic Rings	\N
5	Kettlebells	\N
\.


--
-- Data for Name: exercise; Type: TABLE DATA; Schema: public; Owner: doadmin
--

COPY public.exercise ("Id", "Name", "DisabledReason", "Proficiency", "Notes", "Groups") FROM stdin;
291	Hip Stretches	\N	50	\N	0
301	Bird of Paradise	\N	50	\N	0
305	Firelog Stretch	\N	50	aka. Double Pigeon.	0
313	Resisted Plantar Flexion (Straight-Leg)	Duplciate of Calf Raises	50	Ankle Plantar Flexion	0
315	Heel Walk	\N	50	Ankle Plantar Flexion. Not a duplicate of Toe Raises b/c we want a seperate progression range for this.	0
314	Toe Walk	\N	50	Ankle Plantar Flexion. Not a duplicate of Calf Raises b/c we want a seperate progression range for this.	0
309	Mountain Stretch	This doesn't stretch any muscles, only strengthens. It won't ever show up as a Cooldown stretch.	50	\N	0
296	Easy Stretch	This doesn't stretch any muscles, only strengthens. It won't ever show up as a Cooldown stretch.	50	\N	0
147	Squat Jumps	Duplicate of Jump Squats	50	\N	0
323	Shoulder Rotations	\N	50	\N	0
292	Karaoke	\N	50	\N	0
302	Thread the Needle	\N	50	\N	0
262	Deep Squats	\N	50	aka. Garland Pose.	0
61	Ab Raises	They push your curved spine against the floor and work your hip flexors, the muscles that run from the thighs to the lumbar vertebrae in the lower back. When the hip flexors are too strong or too tight, they tug on the lower spine, which can create lower back discomfort.	50	\N	0
297	Tabletop Stretch	This doesn't stretch any muscles, only strengthens. It won't ever show up as a Cooldown stretch.	50	\N	0
319	Overhead Reaches	\N	50	\N	0
54	Step Ups	\N	50	\N	0
66	Hero Stretch	\N	50	\N	0
293	Hamstring Floss	\N	50	\N	0
298	Dancer Stretch	\N	50	\N	0
294	Knee Hugs	Duplicate of Knees to Chest	50	\N	0
306	Quadruped + Downward Dog	\N	50	\N	0
159	Leg Lifts from Reverse Planks (Hands)	\N	50	\N	0
311	Single Leg Balance	\N	50	\N	0
316	Shavasana	\N	50	\N	0
110	Nordic Curls	\N	50	\N	0
111	Jump Squats	\N	50	aka. Squat Jumps	0
320	Diagonals	\N	50	\N	0
286	Heel Digs	\N	50	\N	0
263	Punches	Duplicate of Shadow Boxing	50	\N	0
290	Calf Smash	\N	50	\N	0
155	Curtsy Lunges (Plyometric)	\N	50	\N	0
160	Lunges (Plyometric)	\N	50	\N	0
282	Shoulder External Rotation	\N	50	\N	0
283	Shoulder Internal Rotation	\N	50	\N	0
269	Commando Pullups	\N	50	\N	0
169	Reverse Tabletop	\N	50	\N	0
173	Face Pulls	\N	50	\N	0
58	Russian Twists	Hip is under tension when doing the exercise which creates a lot of unwanted pressure on the lumbar spine.	50	\N	0
220	Hip Openers	\N	50	\N	0
223	Rack Carries	\N	50	\N	0
257	Fast Feet	\N	50	\N	0
227	Skater Squats	\N	50	\N	0
230	Cow Face Stretch	\N	50	\N	0
237	Puppy Dog	\N	50	\N	0
258	Bounds	\N	50	\N	0
259	Hops	\N	50	\N	0
91	Quadruped Planks	\N	50	\N	1
137	Side Star Plank (Hands)	\N	50	\N	1
167	World's Greatest Stretch	\N	50	\N	0
7	Dips	When you descend into a triceps dip, using poor form, it also increases the risk of shoulder impingement. Impingement is a condition where the ligaments, tendons, and bursa that run underneath the acromion, the bony prominence on the shoulder blade, become compressed. The end result is inflammation and discomfort, especially when you do dips or when you lift your arms up. That’s why form is so critical when you dip.	50	\N	0
203	Pigeon Stretch	\N	50	\N	0
175	Landmine Rotations	\N	50	\N	0
209	Hamstring Bridges	\N	50	\N	0
212	Pullovers	\N	50	\N	0
200	Zenith Rotations	\N	50	\N	0
219	Dolphin + Plank	\N	50	\N	0
222	L Sit	\N	50	\N	0
226	Crossover Step Ups	\N	50	\N	0
229	Savasana	\N	50	\N	0
233	Shoulder Stands	\N	50	\N	0
236	Headstand	\N	50	\N	0
96	Running	\N	50	\N	0
94	Shadow Boxing	\N	50	\N	0
4	Pullups	\N	50	\N	0
24	Butt Kicks	\N	50	\N	0
287	Leg Swings	\N	50	\N	0
289	Hamstring Catch	\N	50	\N	0
189	Pushups (Plyometric)	\N	50	\N	0
284	Shoulder Extension	\N	50	\N	0
179	Leg Extension	“Using a leg extension machine isn’t functional – there is no natural movement in life were you sit and straighten your knee with a 100-pound load against it,” says Joe Tatta, DPT. He’s a physical therapist at Premier Physical Therapy & Wellness in New York City.	50	\N	0
187	Support Hold	\N	50	\N	0
30	Downward Dog	\N	50	\N	0
83	Tree Stretch	\N	50	\N	0
112	Jumps	\N	50	\N	0
97	90/90 Hip Stretch	\N	50	\N	0
141	Side Throw	\N	50	\N	0
100	Jogging	\N	50	\N	0
95	Side Leg Lifts	\N	50	\N	0
22	Side Stretch	\N	50	\N	0
88	Warrior I	\N	50	\N	0
183	Tricep Pushdowns	Duplicate of Tricep Extensions	50	\N	0
176	Wrist Rotations	This is only necessary if the user needs specific rehab. Otherwise it is just fluff.	50	\N	0
254	Flutter Kicks	\N	50	\N	0
185	Woodchoppers	\N	50	\N	0
228	Heel Sits	\N	50	\N	0
231	Side Angle Stretch	\N	50	\N	0
89	Warrior II	\N	50	\N	0
248	Hip Airplanes	\N	50	\N	0
232	Eye of the Needle Stretch	\N	50	\N	0
235	Peacock Plank	\N	50	\N	0
268	Sumo Deadlift	\N	50	\N	0
194	Downward Dog + Pushup	This isn't as well known as the other Downward Dog flows. Can't find instruction videos or webps. Also hard to do the pushups w/o having to adjust your legs.	50	\N	0
224	Overhead Carries	\N	50	You have to press the weight up into the carry position.	0
163	Beast Pushups	These don't seem too good of a warmup.	50	\N	0
264	Split Squats (ATG)	\N	50	\N	0
270	Pike	\N	50	\N	0
56	Heel Touches	“As exercisers drop in and out of abdominal flexion, losing their muscle tension in the midsection, the low back gets wrenched in and out of extension with little support,” says Alycea Ungaro, PT. She’s the owner of Real Pilates in New York City.	50	\N	0
62	Reverse Flyes	\N	50	\N	0
35	Burpees	\N	50	\N	0
3	Squats	\N	50	\N	0
13	Jumping Jacks	\N	50	\N	0
116	Sleeper Stretch	Moved to combined recovery exercise progressions	50	\N	0
43	Overhead Presses	\N	50	\N	0
34	Jump Rope	\N	50	\N	0
11	Elbow Levers	Until the variations are flushed out	50	\N	0
104	Leg Lifts	\N	50	\N	0
103	Reverse Leg Lifts	\N	50	\N	0
49	Rows	\N	50	\N	0
1	Pushups	\N	50	\N	0
108	Pushups + Rows	\N	50	\N	0
114	Plant & Cut	\N	50	\N	0
31	Arm Circles	\N	50	\N	0
6	Twists	\N	50	\N	0
80	Pyramid Stretch	\N	50	\N	0
239	Gate Stretch	\N	50	\N	0
242	Locust	\N	50	Different from Superman in that the arms stay back instead of coming forward.	0
2	Leg Raises	\N	50	\N	0
5	Bridges	\N	50	\N	0
99	Walking	\N	50	\N	0
16	Butterfly Stretch	\N	50	\N	0
29	Child's Stretch	\N	50	\N	0
240	Half Moon Stretch	\N	50	\N	0
67	Cobra Stretches	\N	50	\N	0
243	Fish	\N	50	\N	0
255	Toe Taps	\N	50	\N	0
256	Fire Hydrant	\N	50	\N	0
50	Flyes	\N	50	\N	0
162	Glute Bridges	\N	50	\N	0
206	Downward Dog + Upward Dog	\N	50	\N	0
144	Halos	\N	50	\N	0
208	Foot Mash	\N	50	\N	0
193	Curtsy Squats	\N	50	\N	0
38	Wall Sits	\N	50	\N	0
77	Lotus Stretch	\N	50	\N	0
27	Tricep Extensions	\N	50	\N	0
32	Mountain Climbers	\N	50	\N	0
81	Rabbit Stretch	\N	50	\N	0
253	Knee Tucks	\N	50	\N	0
59	Box Jumps	\N	50	\N	0
79	Eagle Stretch	\N	50	\N	0
45	Lateral Step Ups	\N	50	\N	0
105	Lateral Step Downs	\N	50	\N	0
267	Sumo Squats	\N	50	\N	0
273	Dynamic Planks	\N	50	\N	1
245	Wild Thing	\N	50	\N	0
252	Side Splits	\N	50	\N	0
117	Snow Angels	\N	50	\N	0
41	Elevated Split Squats	\N	50	\N	0
68	Bear Crawl	\N	50	\N	0
166	Pike Pushups	\N	50	\N	0
109	Split Squats	\N	50	\N	0
207	Planks (Hands)	\N	50	\N	1
217	Side Star Plank (Forearms)	\N	50	\N	1
69	Leg Cycle	\N	50	\N	0
101	Chinups	\N	50	\N	0
15	Side Plank with Torso Rotation	Duplicate of Side Plank	50	\N	0
47	Lateral Raises	\N	50	\N	4
63	Hip Thrusts	\N	50	\N	0
36	Bar Hang	\N	50	\N	0
85	Wrist Curls	\N	50	\N	0
40	Reverse Lunges	\N	50	\N	0
46	Chest Presses	\N	50	\N	0
39	Lateral Lunges	\N	50	\N	0
106	Lateral Squats	\N	50	\N	0
78	Turkish Get-Ups	\N	50	\N	0
140	Ball Slam	\N	50	\N	0
139	Granny Toss	\N	50	\N	0
142	Chest Throw	\N	50	\N	0
70	Boat Stretch	\N	50	\N	0
71	Bow Stretch	\N	50	\N	0
72	Happy Baby Stretch	\N	50	\N	0
74	Chair Stretch	\N	50	\N	0
76	Lizard Stretch	\N	50	\N	0
102	Thigh Lifts	\N	50	\N	0
9	Clutch Flags	Until the variations are flushed out	50	\N	0
107	Planks + Rows	\N	50	\N	0
115	Lateral Jumps	\N	50	\N	0
84	Forearm Rotations	\N	50	\N	0
98	Sprinting	\N	50	\N	0
53	Deadlift	\N	50	\N	0
172	Upright Rows	The internal rotation to which you expose your shoulders is one of the most harmful exercises you can do, causing similar damage to triceps dips. As a demonstration, hold your arms straight out to your sides with your palms facing down.\n\nThen, rotate your hands forward as if pouring out, or emptying a glass of water in from each hand. Then, to do the upright row, you’ll lift the barbell with bent elbows causing internal rotation of the shoulders.\n\nInternal rotation itself is not necessarily harmful to your shoulders.\n\nThe problem comes as you raise your arms and add resistance (the weight of the barbell) in that position. Every time you raise your arms bearing the weight, impingement occurs. That involves a small shoulder tendon getting pinched by the bones in your shoulder.	50	\N	0
26	Arm Curls	\N	50	\N	0
48	Barbell Curls	Duplicate of Arm Curls	50	\N	0
158	Depth Drops	\N	50	\N	0
42	Planks (Forearms)	\N	50	\N	1
188	Back Extensions	\N	50	\N	0
174	Uppercuts	Duplciate of Shadow Boxing	50	\N	0
156	Dead Bugs	\N	50	\N	0
191	Reverse Mountain Climbers	\N	50	\N	0
199	Frog Stretch (Bhekasana)	\N	50	\N	0
205	Arm Bar	\N	50	\N	0
211	Squat + Upright Rows	\N	50	\N	0
218	Dolphin	\N	50	\N	0
215	Wall Slides	\N	50	\N	0
221	Reverse Warrior	\N	50	\N	0
196	Farmer's Carries	\N	50	\N	0
64	Forward Folds	\N	50	\N	0
251	Front Splits	\N	50	\N	0
202	Pull Throughs	Hard to maximize weight because the max depends on standing up straight when the weight is pulling you backwards and you will lose balance.	50	\N	0
272	Upward Facing Dog	\N	50	\N	0
55	Kettlebell Swings	\N	50	\N	0
244	Sphinx Stretches	These are close enough to the Cobra variations.	50	\N	0
60	Front Raises	\N	50	You use your front shoulders a lot every time you bench or press, so front raises are not as necessary for even development.	4
165	Star Jacks	\N	50	\N	0
168	Crab Walks	\N	50	\N	0
171	Lateral Squat Walks	\N	50	\N	0
178	Downward Dog + Plank	\N	50	\N	0
210	Arm Wall Slides	\N	50	\N	0
181	Shoulder Shrugs	\N	50	\N	0
241	Psoas March	\N	50	\N	0
265	Matrix Squats	\N	50	\N	0
180	Handstand Pushups	\N	50	\N	2
271	Pike Walks	Duplicate of Handstands	50	\N	0
21	Shoulder Controlled Articular Rotations	\N	50	\N	0
145	Hamstring Scoops	\N	50	\N	0
299	Compass Stretch	\N	50	\N	0
303	Crane Hold	\N	50	\N	0
249	Doorway Stretches	\N	50	\N	0
86	Ball Squeezes	\N	50	\N	0
307	Reverse Planks (Forearms)	\N	50	\N	1
57	Reverse Planks (Hands)	\N	50	\N	1
161	Warrior III	\N	50	aka. Airplane Pose	0
261	Calf Raises (Bent-Knee)	\N	50	aka. ankle plantar flexion.	0
285	Rear Raises	\N	50	Not the same as a Reverse Fly.	0
317	Reverse Nordic Curls	\N	50	\N	0
321	Curtsy Lunges	\N	50	\N	0
8	Lunges	Too hard on the knees, reverse lunges are better: https://drjohnrusin.com/pain-free-lunging-the-forward-vs-reverse-lunge/	50	\N	0
195	Stiff-Legged Deadlift	\N	50	\N	0
198	Frog Stretch (Mandukasana)	\N	50	\N	0
28	Trunk Rotations	\N	50	\N	0
201	Kneeling Hip Flexor Stretch	\N	50	\N	0
182	Pull Downs	\N	50	\N	0
204	Kettlebell Windmill	\N	50	\N	0
23	High Knees	\N	50	\N	0
52	Romanian Deadlift	\N	50	\N	0
234	Crow Hold	\N	50	\N	0
148	Toy Soldiers	\N	50	\N	0
90	Triangle Stretch	\N	50	Not a duplicate of Pyramid Stretch--this has thoracic rotation.	0
214	Clean and Press	Let's keep this simple. No olympic weightlifting. We are targeting home workouts.	50	\N	0
25	Superman	\N	50	Different from Locust in that the arms come forward instead of staying back.	0
250	Pallof Presses	\N	50	\N	0
213	Power Cleans	Let's keep this simple. No olympic weightlifting. We are targeting home workouts.	50	\N	0
266	Hack Squats	\N	50	\N	0
37	Handstands	\N	50	\N	2
246	Scapular Retraction	\N	50	\N	0
14	Camel Stretch	\N	50	\N	0
65	Cat Cow Stretch	\N	50	\N	0
18	Triceps Stretch	\N	50	\N	0
82	Knees to Chest Stretch	\N	50	\N	0
73	Wall Angels	\N	50	\N	0
164	Quadruped Leg Lifts	\N	50	\N	0
170	Pike + Plank	\N	50	\N	0
184	Hamstring Curls	\N	50	\N	0
225	Hula Hoop	\N	50	\N	0
113	Bounding	Duplicate of Bounds	50	\N	0
247	Squats + Calf Raises	Should really be done separately so the max weight is used for each movement and so a full range of motion can be done with calf raises (toes elevated).	50	\N	0
260	Hollow Body Hold	\N	50	\N	0
186	Y Raises	\N	50	\N	0
146	Inch Worms	\N	50	\N	0
44	Side Plank (Hands)	\N	50	\N	1
216	Side Plank (Forearms)	\N	50	\N	1
197	Squats + Forward Fold	\N	50	\N	0
87	Finger Spread	\N	50	\N	0
19	Quad Stretches	\N	50	\N	0
20	Hamstring Stretch	\N	50	\N	0
300	Firefly Hold	\N	50	\N	0
304	Scale Stretch	\N	50	\N	0
308	Leg Lifts from Reverse Planks (Forearms)	\N	50	\N	0
10	Calf Raises (Straight-Leg)	\N	50	aka. ankle plantar flexion.	0
177	Toe Raises	\N	50	Ankle Dorsiflection	0
312	Resisted Plantar Flexion (Bent-Knee)	Duplciate of Calf Raises	50	Ankle Plantar Flexion	0
295	Staff Stretch	This doesn't stretch any muscles, only strengthens. It won't ever show up as a Cooldown stretch.	50	\N	0
318	Squat Throws	\N	50	\N	0
322	Shoulder Dislocates	\N	50	\N	0
324	Big Toe Mobility	\N	50	\N	0
325	Toe Curls	\N	50	\N	0
326	Kegals	\N	50	\N	0
327	Finger Curls	\N	50	\N	0
328	Toe Marble Pick-up	\N	50	\N	0
329	Metatarsal Mobilization	\N	50	\N	0
330	Toe Rocker	\N	50	\N	0
331	Top of Foot Stretch	\N	50	\N	0
\.


--
-- Data for Name: exercise_prerequisite; Type: TABLE DATA; Schema: public; Owner: doadmin
--

COPY public.exercise_prerequisite ("ExerciseId", "PrerequisiteExerciseId") FROM stdin;
35	13
35	1
55	3
53	3
11	1
58	6
9	44
96	99
98	99
98	96
100	99
96	100
98	100
107	49
108	49
108	1
115	112
137	44
137	95
139	3
142	46
59	112
111	3
159	104
159	57
160	8
146	30
146	1
163	29
163	1
68	91
165	3
165	13
35	165
169	57
166	1
166	30
171	3
180	37
180	1
4	36
101	36
189	1
142	1
39	106
8	109
41	109
191	57
155	193
178	30
194	1
194	30
52	53
195	52
175	6
197	64
197	3
180	166
78	205
204	205
206	67
206	30
178	207
71	199
211	3
211	172
213	3
214	3
214	43
214	213
168	169
38	215
217	216
217	95
44	216
219	42
219	218
107	207
77	16
222	64
222	187
224	223
223	196
37	207
226	45
227	40
4	49
101	49
233	2
235	234
234	207
236	42
235	207
106	3
109	3
160	40
231	89
80	90
240	161
67	244
62	246
247	10
247	3
248	161
252	198
251	20
251	76
251	203
252	39
252	106
5	162
32	207
23	100
23	99
24	100
24	99
258	112
258	259
259	112
260	70
262	3
167	76
263	94
264	109
265	3
266	3
267	3
268	267
269	101
269	4
37	270
170	270
170	207
180	270
180	207
63	162
32	273
273	207
245	5
224	43
204	90
111	158
155	158
160	158
258	158
259	158
112	158
236	233
292	99
292	100
64	295
16	296
299	64
303	234
304	77
304	300
77	203
305	203
77	305
300	234
300	262
65	297
76	16
254	156
299	16
306	30
306	91
298	161
298	71
245	44
245	14
245	57
308	104
308	307
83	309
269	49
269	36
261	312
247	312
10	313
236	218
285	246
318	3
321	193
155	321
321	40
321	109
193	109
\.


--
-- Data for Name: exercise_variation; Type: TABLE DATA; Schema: public; Owner: doadmin
--

COPY public.exercise_variation ("Progression_Min", "Progression_Max", "ExerciseId", "VariationId", "Id", "DisabledReason", "Notes", "SportsFocus", "ExerciseType") FROM stdin;
55	70	207	127	173	\N	\N	0	33
\N	50	246	490	376	\N	\N	0	2
\N	\N	256	799	809	\N	\N	0	3
\N	\N	208	701	686	\N	\N	0	96
50	\N	100	430	1	\N	\N	0	8
\N	50	262	817	830	\N	\N	0	3
\N	\N	245	784	791	\N	\N	0	2
50	\N	112	533	502	\N	\N	0	8
75	\N	112	529	498	\N	\N	0	8
\N	\N	253	788	800	\N	\N	0	2
\N	\N	82	380	48	\N	\N	0	98
25	\N	64	790	797	\N	\N	0	2
\N	\N	52	484	152	\N	\N	0	2
25	50	6	54	92	\N	\N	0	2
50	\N	6	55	93	\N	\N	0	2
\N	\N	29	85	94	\N	\N	0	2
50	\N	14	72	180	\N	\N	0	2
\N	\N	198	656	640	\N	\N	0	2
25	50	14	146	179	\N	\N	0	2
75	\N	14	144	178	\N	\N	0	2
75	\N	30	637	626	\N	\N	0	2
50	\N	194	639	619	\N	\N	0	2
\N	\N	167	730	717	\N	\N	0	2
60	\N	40	649	634	\N	\N	0	2
\N	\N	197	721	707	\N	\N	0	2
\N	\N	206	691	675	\N	\N	0	2
75	\N	178	642	624	\N	\N	0	2
75	\N	178	641	625	\N	\N	0	2
50	\N	215	734	720	\N	\N	0	1
65	\N	42	150	23	\N	\N	0	33
75	\N	42	700	685	\N	\N	0	33
\N	\N	182	630	597	\N	\N	0	1
\N	\N	104	708	693	\N	\N	0	1
\N	\N	168	537	506	\N	\N	0	1
\N	\N	172	560	583	\N	\N	0	1
50	\N	1	579	555	\N	\N	0	1
25	50	4	814	827	\N	\N	0	1
\N	\N	95	709	694	\N	\N	0	1
\N	\N	162	323	210	\N	\N	0	1
80	90	4	41	41	\N	\N	0	1
75	\N	5	49	91	\N	\N	0	1
50	\N	267	321	186	\N	\N	0	1
50	\N	262	802	815	\N	\N	0	1
\N	50	270	829	843	\N	\N	0	1
50	\N	270	830	842	\N	\N	0	1
\N	50	40	819	832	\N	\N	0	1
\N	\N	191	119	9	\N	\N	0	1
\N	\N	222	748	752	\N	\N	0	1
75	\N	49	166	134	\N	\N	0	1
50	\N	269	578	567	\N	\N	0	1
\N	50	64	574	563	\N	\N	0	1
25	50	189	775	780	\N	\N	0	1
\N	\N	49	776	781	\N	\N	0	1
\N	50	106	812	825	\N	\N	0	1
\N	\N	254	822	835	\N	\N	0	1
95	\N	3	31	40	\N	\N	0	1
\N	50	267	827	840	\N	\N	0	1
\N	50	269	841	854	\N	\N	0	1
\N	\N	49	743	747	\N	\N	0	1
\N	\N	50	725	712	\N	\N	0	1
\N	50	99	807	820	\N	\N	0	8
50	\N	99	424	155	\N	\N	0	8
\N	\N	69	585	581	\N	\N	0	8
60	80	207	155	218	\N	\N	0	33
70	\N	207	159	221	\N	\N	0	33
75	\N	207	539	508	\N	\N	0	33
80	\N	207	697	682	\N	\N	0	33
90	\N	207	586	582	\N	\N	0	33
30	\N	207	665	649	\N	\N	0	34
75	\N	42	126	161	\N	\N	0	33
85	\N	42	191	208	\N	\N	0	33
\N	50	42	149	251	\N	\N	0	33
50	\N	91	407	8	\N	\N	0	33
50	\N	4	306	20	\N	\N	0	1
70	80	2	17	39	\N	\N	0	1
\N	\N	52	130	124	\N	\N	0	1
\N	\N	103	435	66	\N	\N	0	1
15	35	1	2	295	\N	\N	0	1
50	\N	196	694	680	\N	\N	0	1
50	\N	224	695	679	\N	\N	0	1
50	\N	223	696	678	\N	\N	0	1
50	\N	57	161	176	\N	\N	0	33
75	\N	57	438	86	\N	\N	0	33
70	\N	44	795	808	\N	\N	0	33
\N	50	216	148	286	\N	\N	0	33
\N	\N	146	501	392	\N	\N	0	2
\N	\N	16	512	432	\N	\N	0	2
\N	\N	83	385	332	\N	\N	0	2
\N	\N	148	504	393	\N	\N	0	2
60	70	3	26	120	\N	\N	0	1
\N	10	5	45	202	\N	\N	0	1
\N	\N	27	82	122	\N	\N	0	1
\N	\N	11	61	127	\N	\N	0	1
50	\N	175	727	714	\N	\N	0	1
\N	\N	164	805	818	\N	\N	0	1
\N	\N	215	584	532	\N	\N	0	1
50	75	59	786	795	\N	\N	0	1
90	\N	270	626	590	\N	\N	0	1
\N	\N	179	624	553	\N	\N	0	1
75	\N	42	157	27	\N	\N	0	33
80	\N	42	154	138	\N	\N	0	33
\N	\N	76	536	505	\N	\N	0	2
\N	50	6	460	255	\N	\N	0	2
50	\N	218	646	627	\N	\N	0	2
\N	\N	102	441	106	\N	\N	0	1
\N	\N	38	98	26	\N	\N	0	1
\N	\N	27	219	305	\N	\N	0	1
25	\N	59	670	655	\N	\N	0	1
\N	\N	19	503	914	\N	\N	0	34
50	\N	26	591	545	\N	\N	0	1
75	\N	250	837	852	\N	\N	0	101
40	65	207	704	688	\N	\N	0	35
\N	\N	85	600	539	\N	\N	0	97
50	\N	209	476	326	\N	\N	0	97
\N	\N	86	399	58	\N	\N	0	96
\N	50	57	396	307	\N	\N	0	33
50	\N	161	525	494	\N	\N	0	6
50	\N	65	283	354	\N	\N	0	2
10	25	6	53	172	\N	\N	0	2
75	\N	216	152	5	\N	\N	0	33
\N	\N	94	635	602	\N	\N	16	24
75	\N	10	311	142	\N	\N	0	1
\N	\N	210	706	692	\N	\N	0	98
50	75	261	571	558	\N	\N	0	1
75	\N	203	677	661	\N	\N	0	2
75	\N	216	151	287	\N	\N	0	33
\N	\N	319	664	648	\N	\N	0	98
50	\N	39	113	260	\N	\N	128	17
50	\N	94	422	269	\N	\N	16	24
\N	\N	9	59	204	\N	\N	0	1
\N	15	1	1	217	\N	\N	0	1
\N	50	235	828	841	\N	\N	0	1
\N	50	41	818	831	\N	\N	0	1
50	\N	40	249	633	\N	\N	0	1
\N	\N	268	615	530	\N	\N	0	1
\N	25	189	842	855	\N	\N	0	1
50	\N	158	497	383	\N	\N	0	1
50	\N	262	612	534	\N	\N	0	3
\N	50	100	808	821	\N	\N	0	8
\N	50	255	798	810	\N	\N	0	9
50	\N	255	796	811	\N	\N	0	9
\N	\N	54	133	18	\N	\N	0	33
\N	\N	45	245	104	\N	\N	0	33
50	75	207	158	140	\N	\N	0	33
\N	\N	219	582	548	\N	\N	0	2
75	\N	64	772	777	\N	\N	0	2
55	\N	40	722	708	\N	\N	0	2
50	\N	201	633	601	\N	\N	0	2
\N	\N	230	759	763	\N	\N	0	2
\N	\N	36	731	718	\N	\N	0	2
\N	\N	272	833	352	\N	\N	0	2
\N	\N	31	505	481	\N	\N	0	2
\N	\N	21	667	650	\N	\N	0	2
50	\N	199	657	642	\N	\N	0	2
\N	50	199	658	641	\N	\N	0	2
\N	\N	164	572	568	\N	\N	0	1
50	\N	49	35	315	\N	\N	0	1
25	50	4	723	709	\N	\N	0	1
25	50	101	724	710	\N	\N	0	1
\N	\N	8	249	364	\N	\N	0	1
50	\N	162	324	241	\N	\N	0	1
50	\N	235	771	776	\N	\N	0	1
25	\N	52	679	663	\N	\N	0	1
\N	\N	195	651	635	\N	\N	0	1
\N	\N	47	222	238	\N	\N	0	1
25	50	101	815	828	\N	\N	0	1
25	\N	46	229	311	\N	\N	0	1
\N	\N	28	308	216	\N	\N	0	1
95	\N	2	21	291	\N	\N	0	1
50	\N	7	56	245	\N	\N	0	1
50	\N	41	116	247	\N	\N	0	1
65	75	1	6	297	\N	\N	0	1
50	60	2	15	298	\N	\N	0	1
\N	50	49	34	320	\N	\N	0	1
\N	\N	176	595	554	\N	\N	0	1
50	\N	52	513	491	\N	\N	0	1
\N	\N	52	464	910	\N	\N	0	1
75	\N	59	671	656	\N	\N	0	1
\N	\N	254	793	801	\N	\N	0	1
60	70	2	16	299	\N	\N	0	1
\N	\N	53	131	214	\N	\N	0	1
50	\N	47	609	584	\N	\N	0	1
\N	\N	144	498	482	\N	\N	0	3
\N	\N	108	442	2	\N	\N	0	3
25	\N	8	247	363	\N	\N	0	3
90	\N	106	337	258	\N	\N	0	3
25	50	13	530	499	\N	\N	0	8
\N	\N	55	138	190	\N	\N	255	17
50	\N	216	580	572	\N	\N	0	33
90	\N	216	616	535	\N	\N	0	33
25	\N	156	577	529	\N	\N	0	35
50	\N	156	682	666	\N	\N	0	35
\N	\N	233	769	772	\N	\N	0	2
50	\N	90	753	757	\N	\N	0	2
\N	\N	240	779	784	\N	\N	0	2
55	\N	106	757	761	\N	\N	0	2
\N	\N	90	406	236	\N	\N	0	2
75	\N	262	662	646	\N	\N	0	2
50	\N	77	370	240	\N	\N	0	2
90	\N	64	762	766	\N	\N	0	2
\N	50	201	663	647	\N	\N	0	2
50	\N	219	834	846	\N	\N	0	2
\N	\N	252	791	799	\N	\N	0	2
\N	\N	251	792	798	\N	\N	0	2
50	\N	30	86	95	\N	\N	0	2
50	\N	64	766	770	\N	\N	0	2
60	\N	64	767	769	\N	\N	0	2
\N	\N	80	376	275	\N	\N	0	2
\N	\N	237	690	674	\N	\N	0	2
\N	\N	65	284	346	\N	\N	0	2
\N	\N	65	285	347	\N	\N	0	2
\N	\N	67	293	847	\N	\N	0	2
\N	25	66	361	336	\N	\N	0	2
\N	\N	221	747	751	\N	\N	0	2
\N	50	77	736	723	\N	\N	0	2
\N	\N	6	286	348	\N	\N	0	2
50	\N	53	610	549	\N	\N	0	1
50	\N	166	668	711	\N	\N	0	1
35	50	1	4	68	\N	\N	0	1
\N	\N	28	653	637	\N	\N	0	1
\N	50	271	831	844	\N	\N	0	1
\N	25	37	832	845	\N	\N	0	1
\N	\N	159	517	483	\N	\N	0	1
50	\N	64	573	564	\N	\N	0	1
60	\N	101	843	861	\N	\N	0	1
75	\N	1	566	595	\N	\N	0	1
75	\N	164	526	495	\N	\N	0	1
\N	\N	168	541	510	\N	\N	0	1
\N	\N	102	614	550	\N	\N	0	1
75	\N	78	373	265	\N	\N	0	1
\N	\N	211	715	701	\N	\N	0	1
75	90	68	443	60	\N	\N	0	1
\N	\N	68	330	46	\N	\N	0	1
\N	50	265	826	839	\N	\N	0	1
70	80	3	28	279	\N	\N	0	1
80	90	3	30	277	\N	\N	0	1
50	\N	257	797	812	\N	\N	0	8
\N	25	4	36	314	\N	\N	0	1
50	\N	69	207	75	\N	\N	0	8
50	\N	32	453	6	\N	\N	0	9
\N	\N	228	756	760	\N	\N	0	33
\N	\N	82	382	55	\N	\N	0	98
20	50	207	106	79	\N	\N	0	33
\N	20	207	147	28	\N	\N	0	33
55	\N	207	774	779	\N	\N	0	35
50	\N	42	107	80	\N	\N	0	33
\N	\N	177	620	542	\N	\N	0	96
50	\N	26	593	561	\N	\N	0	1
60	\N	42	703	689	\N	\N	0	35
\N	\N	209	328	273	\N	\N	0	97
\N	\N	289	478	912	\N	\N	0	96
\N	\N	52	480	909	\N	\N	0	96
\N	\N	173	622	580	\N	\N	8	49
\N	\N	308	516	484	\N	\N	0	1
\N	50	160	716	702	\N	\N	0	1
50	\N	36	95	193	\N	\N	0	1
\N	\N	84	392	264	\N	\N	197	113
\N	\N	94	710	695	\N	\N	16	24
75	\N	42	487	374	\N	\N	0	33
85	\N	42	184	185	\N	\N	0	33
90	\N	42	699	683	\N	\N	0	33
90	\N	42	461	263	\N	\N	0	33
\N	50	156	689	673	\N	\N	0	35
75	80	1	7	289	\N	\N	0	1
\N	\N	327	669	654	\N	\N	0	97
\N	\N	115	449	254	\N	\N	0	1
50	\N	162	129	239	\N	\N	0	1
75	\N	270	801	814	\N	\N	0	3
25	\N	273	840	853	\N	\N	0	3
25	50	66	319	19	\N	\N	0	2
55	\N	40	750	754	\N	\N	0	2
\N	\N	229	758	762	\N	\N	0	2
\N	\N	56	142	206	\N	\N	0	2
50	\N	231	761	764	\N	\N	0	2
\N	\N	81	379	323	\N	\N	0	2
50	\N	14	676	660	\N	\N	0	2
25	50	66	355	308	\N	\N	0	2
\N	\N	218	357	42	\N	\N	0	2
50	\N	73	353	281	\N	\N	0	2
\N	50	71	359	331	\N	\N	0	2
\N	50	30	732	719	\N	\N	0	2
50	\N	109	250	4	\N	\N	0	1
30	50	2	14	71	\N	\N	0	1
50	\N	3	317	33	\N	\N	0	1
10	25	5	46	213	\N	\N	0	1
50	\N	60	220	136	\N	\N	0	1
\N	\N	43	240	103	\N	\N	0	1
25	50	5	47	215	\N	\N	0	1
\N	\N	155	509	401	\N	\N	0	1
75	\N	61	729	716	\N	\N	0	1
\N	\N	217	262	170	\N	\N	0	1
75	\N	217	266	345	\N	\N	0	1
\N	25	49	33	316	\N	\N	0	1
40	\N	4	707	690	\N	\N	0	1
\N	\N	266	259	276	\N	\N	0	1
\N	25	137	273	220	\N	\N	0	1
\N	\N	139	491	378	\N	\N	0	1
\N	\N	8	307	365	\N	\N	0	1
\N	50	109	816	829	\N	\N	0	1
50	\N	95	486	370	\N	\N	0	1
\N	50	158	506	394	\N	\N	0	1
\N	\N	205	655	639	\N	\N	0	1
\N	25	78	643	623	\N	\N	0	1
25	50	78	644	622	\N	\N	0	1
50	75	78	645	621	\N	\N	0	1
50	\N	189	514	466	\N	\N	0	1
25	50	3	780	785	\N	\N	0	1
\N	50	3	23	45	\N	\N	0	1
50	\N	227	755	759	\N	\N	0	1
\N	\N	193	636	608	\N	\N	0	3
\N	50	257	800	813	\N	\N	0	8
\N	\N	59	177	203	\N	\N	0	9
50	\N	57	44	141	\N	\N	0	33
\N	\N	44	110	57	\N	\N	0	33
35	\N	156	686	670	\N	\N	0	35
35	\N	156	687	671	\N	\N	0	35
50	\N	156	685	669	\N	\N	0	35
\N	\N	286	465	902	\N	\N	0	2
\N	\N	88	401	111	\N	\N	0	2
\N	\N	239	778	783	\N	\N	0	2
\N	\N	243	782	788	\N	\N	0	2
50	\N	169	440	76	\N	\N	0	2
\N	25	14	783	789	\N	\N	0	2
\N	\N	163	457	148	\N	\N	0	2
\N	\N	89	404	153	\N	\N	0	2
\N	\N	117	458	158	\N	\N	0	2
\N	50	25	169	209	\N	\N	0	2
50	\N	25	75	271	\N	\N	0	2
75	\N	64	746	750	\N	\N	0	2
\N	50	262	820	833	\N	\N	0	1
\N	\N	254	538	507	\N	\N	0	1
\N	\N	225	752	756	\N	\N	0	8
75	\N	106	810	823	\N	\N	0	1
\N	\N	35	93	107	\N	\N	0	9
85	\N	2	607	562	\N	\N	0	1
50	75	5	48	171	\N	\N	0	1
25	50	37	528	497	\N	\N	0	1
\N	\N	95	544	513	\N	\N	0	1
\N	\N	180	567	560	\N	\N	0	1
\N	\N	107	183	3	\N	\N	0	1
50	\N	61	205	100	\N	\N	0	1
95	\N	5	52	162	\N	\N	0	1
85	95	5	51	163	\N	\N	0	1
\N	\N	290	847	919	\N	\N	0	96
25	50	3	24	44	\N	\N	0	1
\N	\N	50	521	489	\N	\N	0	1
\N	\N	202	672	657	\N	\N	0	1
\N	\N	204	681	664	\N	\N	0	1
\N	\N	224	692	677	\N	\N	0	1
\N	\N	223	693	676	\N	\N	0	1
50	\N	204	680	665	\N	\N	0	1
\N	\N	260	576	569	\N	\N	0	1
\N	50	5	768	771	\N	\N	0	1
70	80	4	39	53	\N	\N	0	1
90	95	2	565	570	\N	\N	0	1
90	\N	5	50	164	\N	\N	0	1
\N	50	227	811	824	\N	\N	0	1
\N	\N	254	821	834	\N	\N	0	1
50	\N	106	253	165	\N	\N	0	1
\N	\N	179	623	574	\N	\N	0	1
\N	\N	188	625	596	\N	\N	0	1
50	\N	250	606	528	\N	\N	0	101
50	\N	259	508	395	\N	\N	98	17
\N	\N	142	495	381	\N	\N	8	17
\N	\N	94	601	525	\N	\N	16	17
50	\N	264	824	837	\N	\N	0	49
\N	\N	259	507	396	\N	\N	98	17
\N	\N	249	789	796	\N	\N	0	66
\N	\N	62	522	488	\N	\N	0	97
50	\N	79	375	262	\N	\N	0	6
\N	\N	185	605	586	\N	\N	0	97
\N	\N	85	489	713	\N	\N	0	98
50	\N	110	444	78	\N	\N	0	1
\N	\N	242	781	787	\N	\N	0	3
\N	\N	200	661	645	\N	\N	0	98
25	50	64	632	599	\N	\N	0	2
\N	50	175	728	715	\N	\N	0	1
\N	50	175	608	531	\N	\N	0	1
55	\N	1	739	916	\N	\N	0	96
\N	\N	258	534	503	\N	\N	0	25
75	\N	261	570	556	\N	\N	0	1
50	\N	317	562	566	\N	\N	0	1
\N	\N	318	515	471	\N	\N	64	17
\N	\N	320	705	691	\N	\N	0	97
50	\N	97	675	659	\N	\N	0	2
75	\N	36	627	591	\N	\N	0	1
\N	\N	104	518	485	\N	\N	0	1
\N	\N	74	363	15	\N	\N	0	2
25	\N	64	365	16	\N	\N	0	2
25	\N	52	674	658	\N	\N	0	2
\N	\N	197	654	638	\N	\N	0	2
\N	\N	178	583	547	\N	\N	0	2
\N	\N	76	367	184	\N	\N	0	2
\N	\N	220	745	749	\N	\N	0	2
\N	50	169	395	282	\N	\N	0	2
50	\N	71	349	261	\N	\N	0	2
\N	50	73	390	228	\N	\N	0	2
50	\N	66	289	349	\N	\N	0	2
\N	\N	97	659	644	\N	\N	0	2
\N	\N	244	291	350	\N	\N	0	2
\N	\N	244	297	353	\N	\N	0	2
\N	\N	67	292	351	\N	\N	0	2
\N	\N	164	803	816	\N	\N	0	1
90	\N	4	42	146	\N	\N	0	1
\N	\N	162	823	836	\N	\N	0	1
50	\N	37	97	129	\N	\N	0	1
\N	\N	137	261	169	\N	\N	0	1
75	\N	137	267	168	\N	\N	0	1
\N	\N	285	472	887	\N	\N	0	1
\N	\N	164	804	817	\N	\N	0	1
60	75	1	125	318	\N	\N	0	1
\N	\N	98	425	252	\N	\N	0	8
\N	\N	113	447	154	\N	\N	0	8
\N	\N	96	426	226	\N	\N	0	8
\N	\N	34	91	126	\N	\N	0	8
\N	\N	112	446	147	\N	\N	0	8
\N	\N	24	76	268	\N	\N	0	8
\N	\N	114	448	198	\N	\N	0	8
\N	25	13	794	807	\N	\N	0	8
\N	\N	23	78	197	\N	\N	0	8
\N	\N	165	531	500	\N	\N	0	8
\N	\N	105	431	59	\N	\N	0	97
80	\N	42	156	195	\N	\N	0	33
95	\N	42	698	681	\N	\N	0	33
50	\N	1	233	319	\N	\N	0	1
25	\N	61	277	235	\N	\N	0	1
\N	\N	27	226	257	\N	\N	0	1
70	80	3	27	119	\N	\N	0	1
\N	\N	170	540	509	\N	\N	0	1
50	75	59	496	382	\N	\N	0	1
\N	\N	46	195	145	\N	\N	0	1
75	\N	32	451	300	\N	\N	0	9
50	\N	246	785	793	\N	\N	0	2
55	\N	40	751	753	\N	\N	0	2
55	\N	40	749	755	\N	\N	0	2
\N	\N	72	350	272	\N	\N	0	2
50	\N	178	640	620	\N	\N	0	2
\N	\N	103	436	67	\N	\N	0	1
\N	\N	60	221	284	You use your front shoulders a lot every time you bench or press, so front raises are not as necessary for even development.	\N	0	1
50	\N	38	733	721	\N	\N	0	1
\N	50	2	12	244	\N	\N	0	1
55	\N	3	182	188	\N	\N	0	1
85	90	1	9	248	\N	\N	0	1
90	\N	1	10	304	\N	\N	0	1
\N	\N	247	445	112	\N	\N	0	1
\N	\N	273	265	207	\N	\N	0	3
50	\N	13	63	128	\N	\N	0	8
50	\N	32	455	82	\N	\N	0	9
50	\N	32	452	328	\N	\N	0	9
75	\N	32	454	61	\N	\N	0	9
\N	\N	226	754	758	\N	\N	0	33
\N	\N	141	493	379	\N	\N	133	17
50	\N	207	488	373	\N	\N	0	33
50	75	207	190	219	\N	\N	0	33
60	80	207	154	684	\N	\N	0	33
65	\N	207	193	231	\N	\N	0	33
\N	\N	20	712	699	\N	\N	0	2
50	\N	64	631	598	\N	\N	0	2
\N	\N	20	713	698	\N	\N	0	2
\N	\N	231	760	765	\N	\N	0	2
\N	\N	232	763	767	\N	\N	0	2
\N	\N	21	666	651	\N	\N	0	2
65	\N	207	192	232	\N	\N	0	33
\N	\N	194	638	618	\N	\N	0	2
50	\N	70	346	230	\N	\N	0	1
80	\N	207	194	306	\N	\N	0	33
\N	\N	91	408	250	\N	\N	0	33
\N	50	61	276	233	\N	\N	0	1
80	85	1	8	288	\N	\N	0	1
\N	\N	63	339	321	\N	\N	0	1
25	\N	58	172	212	\N	\N	0	1
\N	50	70	428	310	\N	\N	0	1
\N	\N	58	170	181	\N	\N	0	1
25	75	162	301	327	\N	\N	0	1
\N	\N	49	777	782	\N	\N	0	1
\N	50	7	334	355	\N	\N	0	1
\N	50	166	532	501	\N	\N	0	1
\N	\N	140	492	389	\N	\N	0	1
\N	\N	142	494	380	\N	\N	0	1
60	\N	4	844	862	\N	\N	0	1
\N	\N	68	329	47	\N	\N	0	1
50	\N	50	524	492	\N	\N	0	1
50	\N	50	523	493	\N	\N	0	1
25	\N	7	702	687	\N	\N	0	1
\N	\N	196	652	636	\N	\N	0	1
\N	\N	241	742	786	\N	\N	0	3
50	\N	32	456	114	\N	\N	0	9
\N	\N	32	89	83	\N	\N	0	9
\N	\N	85	599	540	\N	\N	0	33
90	\N	42	272	234	\N	\N	0	33
50	\N	265	594	551	\N	\N	0	1
90	95	3	29	278	\N	\N	0	1
\N	\N	145	500	391	\N	\N	0	2
\N	\N	162	459	200	\N	\N	0	33
\N	\N	293	711	700	\N	\N	0	2
\N	\N	293	714	697	\N	\N	0	2
90	\N	250	838	851	\N	\N	0	101
90	\N	250	839	850	\N	\N	0	101
\N	\N	284	471	888	\N	\N	129	96
\N	\N	164	575	527	\N	\N	0	3
\N	\N	282	470	885	\N	\N	137	96
\N	50	264	825	838	\N	\N	0	49
\N	\N	234	770	773	\N	\N	0	1
50	\N	97	660	643	\N	\N	0	2
55	\N	1	647	628	\N	\N	16	19
\N	\N	287	737	903	\N	\N	0	98
\N	\N	315	619	589	\N	\N	0	34
50	75	10	314	17	\N	\N	0	1
75	\N	216	65	177	\N	\N	0	33
\N	\N	184	473	906	\N	\N	0	99
\N	\N	187	628	593	\N	\N	0	1
75	\N	39	499	390	\N	\N	0	2
\N	\N	283	467	886	\N	\N	137	96
\N	50	39	813	826	\N	\N	128	17
\N	\N	111	502	472	\N	\N	64	25
50	\N	63	343	14	\N	\N	0	1
90	\N	101	548	517	\N	\N	0	1
\N	\N	27	590	579	\N	\N	0	1
70	80	101	547	516	\N	\N	0	1
80	90	2	18	38	\N	\N	0	1
60	\N	4	38	52	\N	\N	0	1
60	\N	101	549	518	\N	\N	0	1
\N	\N	236	773	778	\N	\N	0	1
\N	25	101	550	519	\N	\N	0	1
50	\N	214	717	703	\N	\N	0	1
\N	\N	214	720	704	\N	\N	0	1
50	\N	101	546	515	\N	\N	0	1
50	\N	181	604	575	\N	\N	0	1
\N	\N	181	603	576	\N	\N	0	1
\N	\N	182	558	577	\N	\N	0	1
50	\N	47	559	587	\N	\N	0	1
\N	\N	186	589	588	\N	\N	0	1
\N	\N	171	543	512	\N	\N	0	1
\N	\N	212	597	578	\N	\N	0	1
80	90	101	552	521	\N	\N	0	1
50	\N	213	718	705	\N	\N	0	1
\N	\N	213	719	706	\N	\N	0	1
90	\N	164	535	504	\N	\N	0	1
\N	\N	40	764	768	\N	\N	0	1
\N	\N	87	400	338	\N	\N	0	96
50	\N	26	587	571	\N	\N	0	1
\N	\N	26	81	123	\N	\N	0	1
\N	\N	26	239	72	\N	\N	0	1
\N	\N	26	80	102	\N	\N	0	1
\N	\N	26	209	183	\N	\N	0	1
\N	\N	291	848	920	\N	\N	0	34
\N	\N	292	849	921	\N	\N	0	34
\N	\N	20	851	923	\N	\N	0	34
\N	50	250	836	849	\N	\N	0	101
\N	\N	295	852	924	\N	\N	0	2
\N	\N	296	853	925	\N	\N	0	2
50	\N	297	855	926	\N	\N	0	2
60	\N	64	856	928	\N	\N	0	2
75	\N	64	857	929	\N	\N	0	2
\N	\N	298	858	930	\N	\N	0	2
50	\N	74	859	931	\N	\N	0	2
\N	\N	299	861	933	\N	\N	0	2
50	\N	251	862	934	\N	\N	0	2
\N	\N	301	864	936	\N	\N	0	2
50	\N	300	863	935	\N	\N	0	2
\N	50	300	865	937	\N	\N	0	2
\N	50	252	870	942	\N	\N	0	2
\N	50	251	871	943	\N	\N	0	2
\N	\N	302	872	944	\N	\N	0	2
\N	\N	82	850	922	\N	\N	0	98
50	\N	234	867	939	\N	\N	0	1
\N	\N	303	866	938	\N	\N	0	1
50	75	203	678	662	\N	\N	0	2
\N	\N	249	873	945	\N	\N	0	66
\N	\N	249	874	946	\N	\N	0	66
\N	\N	297	854	927	\N	\N	0	2
\N	\N	304	860	932	\N	\N	0	2
\N	\N	305	868	940	\N	\N	0	2
\N	50	110	875	947	\N	\N	0	1
\N	\N	287	738	904	\N	\N	0	98
\N	\N	306	877	948	\N	\N	0	2
\N	50	161	878	950	\N	\N	0	6
50	\N	307	160	174	\N	\N	0	33
75	\N	307	437	85	\N	\N	0	33
\N	50	307	396	951	\N	\N	0	33
\N	50	65	879	952	\N	\N	0	2
\N	10	6	880	953	\N	\N	0	2
\N	25	64	883	956	\N	\N	0	2
\N	\N	309	884	957	\N	\N	0	2
\N	50	203	882	955	\N	\N	0	2
\N	\N	312	889	963	\N	\N	0	96
\N	\N	313	888	962	\N	\N	0	96
\N	50	10	888	965	\N	\N	0	96
\N	50	261	889	966	\N	\N	0	96
\N	\N	314	891	964	\N	\N	0	34
50	\N	160	510	402	\N	\N	0	1
75	\N	262	869	941	\N	\N	0	3
\N	\N	316	892	967	\N	\N	0	128
\N	\N	46	893	968	\N	\N	0	1
\N	\N	46	894	969	\N	\N	0	1
\N	\N	184	581	908	\N	\N	0	98
\N	\N	188	895	970	\N	\N	0	1
\N	\N	258	845	863	\N	\N	239	25
50	\N	311	886	959	\N	\N	0	100
\N	50	311	887	960	\N	\N	0	100
\N	50	317	896	971	\N	\N	0	1
50	\N	306	876	949	\N	\N	0	2
50	\N	248	897	972	\N	\N	0	38
\N	50	248	744	748	\N	\N	0	38
\N	50	79	881	954	\N	\N	0	2
\N	\N	321	898	973	\N	\N	0	3
\N	\N	322	899	974	\N	\N	0	98
\N	\N	182	900	975	\N	\N	0	1
\N	\N	323	901	976	\N	\N	0	3
25	\N	73	902	977	\N	\N	0	2
\N	\N	46	196	139	\N	\N	0	1
\N	\N	324	903	978	\N	\N	0	96
\N	\N	325	904	979	\N	\N	0	96
\N	\N	326	906	980	\N	\N	0	96
\N	\N	326	905	981	\N	\N	0	96
\N	\N	328	907	982	\N	\N	0	96
\N	\N	329	908	983	\N	\N	0	96
\N	\N	330	909	984	\N	\N	0	96
\N	\N	331	910	985	\N	\N	0	96
\.


--
-- Data for Name: footnote; Type: TABLE DATA; Schema: public; Owner: doadmin
--

COPY public.footnote ("Id", "Note", "Source", "Type") FROM stdin;
174	All of my accomplishments matter.	\N	32
175	I am lovable.	\N	32
176	My best is always good enough.	\N	32
177	I don't have to be happy.	\N	32
178	My illness does not define me.	\N	32
179	My curiosity is stronger than my fear.	\N	32
180	I'm a thoughtful and interesting person.	\N	32
25	You are awesome!	\N	64
28	Be mindful of your posture throughout the day, and realign yourself regularly.	\N	2
27	Paying attention to posture can help you look and feel better.	https://www.health.harvard.edu/pain/posture-and-back-health	2
195	Research teams from Harvard and elsewhere found that people who practiced yoga improved two markers of frailty — walking speed and the ability to get up from a chair — compared with people who didn't practice yoga.	https://www.health.harvard.edu/staying-healthy/harvard-led-study-yoga-fights-frailty	1
17	Be aware that training too hard or too often can cause overuse injuries like stress fractures, stiff or sore joints and muscles, and inflamed tendons and ligaments.	https://www.health.harvard.edu/healthbeat/10-tips-for-exercising-safely	1
18	Choose clothes and shoes designed for your type of exercise. Replace shoes or insoles as the cushioning wears out.	https://www.health.harvard.edu/healthbeat/10-tips-for-exercising-safely	1
26	You body is meant to move. Shift positions, or get up to move around every hour of the day.	https://www.health.harvard.edu/heart-health/why-you-should-move-even-just-a-little-throughout-the-day	1
181	My opinions are valuable and worth sharing.	\N	32
182	I am unaffected by the judgement of others.	\N	32
183	I am alright.	\N	32
184	I'm good and nobody's perfect.	\N	32
140	As the years pass, muscle mass in the body generally shrinks, and strength and power decline. Sarcope­nia—defined as age-related muscle loss—can begin at around age 35 and occurs at a rate of 1-2 percent a year for the typical person. Studies suggest that strength and power training can help reverse these effects and restore muscle function.	https://www.health.harvard.edu/exercise-and-fitness/strength-and-power-training-for-older-adults#excerpt	1
90	The Shavasana pose is a great way to relax and relieve tension in the body after a workout.	\N	1
68	Incorporate strength into your everyday life: Squat instead of bending over; Squat up from a seated position; Take the stairs; Use a standing desk; Sit on an exercise ball; Walk with ankle weights/a weighted vest; Ride a bike to local restaurants.	\N	1
93	For the best strength gain, lift weights at around 60-80% of your 1 rep max (the most weight you can safely lift for 1 rep in good form). Perform reps until muscle failure or until you can no longer maintain good form.	https://www.healthline.com/health/fitness/how-to-build-strength-guide	1
95	Protein is an important macronutrient essential for muscle protein synthesis (MPS), muscle growth and function.	https://www.verywellfit.com/muscle-protein-synthesis-and-muscle-growth-4148337	1
97	Vitamin D is crucial for adequate calcium absorbtion necessary to create strong, healthy bones.	https://www.health.harvard.edu/staying-healthy/essential-nutrients-your-body-needs-for-building-bone	1
185	I love myself.	\N	32
186	Each day I do the best I can.	\N	32
187	Even though I forget sometimes, I'm still a good person.	\N	32
188	I embrace both my good and bad qualities.	\N	32
189	I accept who I am.	\N	32
190	I care about myself and others.	\N	32
16	Take five to 10 minutes to warm up and cool down properly.	https://www.health.harvard.edu/healthbeat/10-tips-for-exercising-safely	1
19	For strength training, good form is essential. Initially use no weight, or very light weights, when learning the exercises.	https://www.health.harvard.edu/healthbeat/10-tips-for-exercising-safely	1
20	Watch for signs of overheating, such as headache, dizziness, nausea, faintness, cramps, or palpitations.	https://www.health.harvard.edu/healthbeat/10-tips-for-exercising-safely	1
21	If you stop exercising for a while, drop back to a lower level of exercise initially.	https://www.health.harvard.edu/healthbeat/10-tips-for-exercising-safely	1
139	The risk of injury increases by up to 70 percent when young athletes get less than eight hours of sleep.	https://pubmed.ncbi.nlm.nih.gov/25028798/	1
29	Breathe deeply. You are in the present moment.	\N	64
30	Bring awareness into the moment.	\N	64
22	Plan to start slowly and boost your activity level gradually unless you are already exercising frequently and vigorously.	https://www.health.harvard.edu/healthbeat/10-tips-for-exercising-safely	1
36	When sitting down, keep your chin parallel to the floor; your shoulders, hips, and knees at even heights; and your knees and feet pointing straight ahead.	https://www.health.harvard.edu/staying-healthy/why-good-posture-matters	1
37	Never sacrifice good form by hurrying to finish reps or sets, or struggling to lift heavier weights.	https://www.health.harvard.edu/healthbeat/10-tips-for-exercising-safely	1
38	Listen to your body. Hold off on exercise when you're feeling faint, fatigued or suffer persistent aches and pains in joints after exercising.	https://www.health.harvard.edu/healthbeat/10-tips-for-exercising-safely	1
39	Stretch only to the point of mild tension, never to the point of pain.	https://www.health.harvard.edu/staying-healthy/six-tips-for-safe-stretches	1
40	Breathe comfortably and continuously while stretching.	https://www.health.harvard.edu/staying-healthy/six-tips-for-safe-stretches	1
41	It is tempting to avoid the motions that cause you discomfort. But limiting your movements can weaken muscles and make compound joint trouble worse.	https://www.health.harvard.edu/pain/exercise-an-effective-prescription-for-joint-pain	1
44	Don't be discouraged if you stop for a while. Everybody needs a holiday. Get started again gradually and work up to your old pace.	https://www.heart.org/en/healthy-living/fitness/getting-active/getting-started---tips-for-long-term-exercise-success	1
45	Use music or audio books to keep you entertained while you workout.	\N	1
46	Reward yourself after achieving special workout related milestones. Nothing motivates like success!	\N	1
49	As you start out, it's best to build muscle endurance with high reps and low sets. As you progress, use higher weights with lower reps and more sets to build strength.	\N	1
52	To increase muscular endurance, rest for 30 seconds or less between sets.	https://www.bodybuilding.com/content/how-long-should-you-rest-between-sets.html	1
53	To increase hypertrophy (muscle mass), rest for 30-90 seconds between sets.	https://www.bodybuilding.com/content/how-long-should-you-rest-between-sets.html	1
54	To increase strength and power, rest for 2-5 minutes between sets.	https://www.bodybuilding.com/content/how-long-should-you-rest-between-sets.html	1
66	Sitting at a desk? Consider seated calf raises (with ankle weights) to strengthen the lower legs.	\N	1
67	Standing at a desk? Consider standing calf raises (with a weighted vest or ankle weights) to strengthen the lower legs.	\N	1
71	By sitting all day, you’re not depending on your powerful lower body muscles to hold you up. This leads to muscle atrophy, which is the weakening of these muscles. Without strong leg and glute muscles to stabilize you, your body is at risk of injury.	https://www.healthline.com/health/workplace-health/things-that-happen-when-you-sit-down-all-day	1
72	For increased stability work, try switching out a bench or chair for an exercise ball.	\N	1
83	Hold onto pullup bars or fitness rings using your fingers. This will help build better grip strength and will help prevent calluses from your palm slipping down the bar.	https://stronglifts.com/pullups/	1
85	Even mild dehydration can lead to increased post-workout fatigue and pain. Most people underestimate the amount of water they lose through sweat.	https://www.strongerbyscience.com/research-spotlight-dehydration/	1
173	Focus on form, not weight. Align your body correctly and move smoothly through each exercise. Poor form can prompt injuries and slow gains.	https://www.health.harvard.edu/exercise-and-fitness/7-tips-for-a-safe-and-successful-strength-training-program	1
172	Working at the right tempo helps you stay in control rather than compromise strength gains through momentum. For example, count to three while lowering a weight, hold, then count to three while raising it to the starting position.	https://www.health.harvard.edu/exercise-and-fitness/7-tips-for-a-safe-and-successful-strength-training-program	1
31	Let go of greed, aversion, and delusion.	\N	64
32	Take a moment to pause and come back to the present.	\N	64
33	Are you aware? How does your body feel? 	\N	64
42	Enjoy the simple things.	\N	64
48	Be better, not bitter.	\N	64
51	Have a beautiful day!	\N	64
55	Close your eyes and take a few deep breaths.	\N	64
57	If you need help, ask for it.	\N	64
61	Take your time and eat some fruit. Slowly. Notice the flavor, the texture, the freshness.	\N	64
64	You are beautiful!	\N	64
65	Perfection is the enemy of progress.	Winston Churchill	64
78	:)	\N	64
47	When life gives you lemons, stick them on your barbell. Conquer life's lemons!	\N	4
59	Expose your eyes to natural light.	\N	2
56	A truly ergonomic workstation is one that you regularly push away from.	\N	2
84	Look away from screens and squeeze your eyes shut periodically to maintain good eye health.	https://www.health.harvard.edu/diseases-and-conditions/electronic-screen-alert-avoid-this-vision-risk	2
192	Practicing everyday mindfulness can also improve your memory and concentration skills and help you feel less distracted and better able to manage crises.	https://www.health.harvard.edu/blog/evoking-calm-practicing-mindfulness-in-daily-life-helps-202110142617	2
89	Exercise is considered the most effective, non-drug treatment for reducing pain and improving movement in people with arthritis.	https://www.arthritis.org/health-wellness/healthy-living/physical-activity/getting-started/benefits-of-exercise-for-osteoarthritis	1
87	Muscle length and strength between opposing muscle groups need to be in balance for normal movement and function.	https://www.healthline.com/health/muscle-imbalance	1
98	One of the most important contributors to muscular growth is the tension that muscle fibers experience under load. Want to buff a certain muscle? Squeeze it throughout the exercise.	https://www.ironmaster.com/blog/importance-of-muscular-tension-for-maximized-workouts/	1
100	If you struggle to maintain good form during an exercise, drop back to an easier variation of the exercise to build those stabilizing muscles necessary for good form.	\N	1
105	The last few difficult repetitions, when the speed of movement slows down due to fatigue, are important for creating adaptation.	https://human-movement.com/why-reps-and-sets-for-injury-rehab-are-not-important/	1
108	Never sacrifice quality for quantity.	\N	1
120	It's recommended to get at least 150 minutes of moderate-intensity or 75 minutes of vigorous exercise per week.	https://www.cdc.gov/physicalactivity/basics/adults/index.htm	1
121	Bend at the hips and knees, not at the waist.	https://www.urmc.rochester.edu/encyclopedia/content.aspx?contenttypeid=1&contentid=4456	1
123	Isometric strength training develops strength that is extremely specific to the range of motion trained. This can be helpful in training weak points. For example, isometric holds in the bottom of a squat (pause squats), or isometric deadlift holds just above or below your sticking point can help bust plateaus.	https://thebarbellphysio.com/ultimate-guide-hamstring-strain-rehabilitation/	1
125	Injured muscle tissue responds much better to gentle exercise and movement than it does vigorous stretching.	https://www.physio-network.com/blog/stretch-muscle-strain/	1
126	Strength is key for a healthy body. Mobility and flexibility allow us to feel supple and move with less restriction.	https://www.health.harvard.edu/topics/mobility	1
122	Think of exercise as medicine – you need to follow the prescription to reap the benefits. Don't neglect exercise, but don't go overboard either. Moderation is key.	\N	1
130	You tear muscle fibers in the gym and repair/grow stronger muscle while you rest. Recovery time is incredibly crucial to a fitness regimen.	https://www.healthline.com/health/muscle-recovery	1
131	A full night's sleep gives your body time to recover, conserve energy, and repair and build up the muscles worked during exercise.	https://www.acefitness.org/resources/everyone/blog/7818/7-benefits-of-sleep-for-exercise-recovery/	1
132	Hard training imposes a large stress on the body and the fatigue you accumulate can mask your gains. A period of reduced training (or tapering) can help you recover, reduce your stress, and reveal the strength you gained during your hard training cycle.	https://www.health.harvard.edu/exercise-and-fitness/why-am-i-so-tired-after-exercising	1
141	Self-monitoring diet and weight increases self-awareness, and this has been shown to positively influence eating and exercise behaviors.	https://journals.lww.com/acsm-healthfitness/Fulltext/2006/01000/Self_Monitoring__Influencing_Effective_Behavior.7.aspx	1
142	Muscle and tendon injuries tend to occur when the muscle is overloaded, especially in a lengthened position. Eccentric exercises load the muscle while it is getting longer. This type of training has been shown to help prevent injuries.	https://foreverfitscience.com/workout-programs/eccentric-exercises/	1
143	Tendons lag behind muscles by 2-5 years in their strength adaptation – depending on how one uses them. Don’t push harder or increase your loads at a rate faster than what your tendons can adapt to.	Dr. Nikita A. Vizniak	1
145	Large volumes of predominantly plyometric training, such as sports, may lead to imbalances in muscle and tendon properties and eventually result in injury. An imbalance in muscle and tendon properties can be prevented by regularly performing heavy resistance training.	https://www.basvanhooren.com/imbalances-in-muscle-and-tendon-strength-and-the-relation-with-injuries-and-performance/	1
147	When you think about your body as a garden, it’s almost ludicrous to even consider the idea of forcing some type of adaptation. All you can do is nurture it and provide it with the best conditions for growth. You fertilize it, tend the soil, uproot the weeds, water it, leave it in the sunlight, and give it the best conditions for growth. It will only grow as well as its circumstances allow. That’s a much more accurate metaphor for how training works.	Greg Nuckols	1
171	When learning a strength training routine, many experts suggest starting with no weight, or very light weight. Concentrate on slow, smooth lifts and equally controlled descents while isolating a muscle group.	https://www.health.harvard.edu/exercise-and-fitness/7-tips-for-a-safe-and-successful-strength-training-program	1
170	Pay attention to your breathing during your workouts. Exhale as you work against resistance by lifting, pushing, or pulling; inhale as you release.	https://www.health.harvard.edu/exercise-and-fitness/7-tips-for-a-safe-and-successful-strength-training-program	1
169	Give muscles time off. Strength training causes tiny tears in muscle tissue. These tears aren't harmful, but they are important: muscles grow stronger as the tears knit up. Always give your muscles at least 48 hours to recover before your next strength training session.	https://www.health.harvard.edu/exercise-and-fitness/7-tips-for-a-safe-and-successful-strength-training-program	1
168	Stick with your routine — working all the major muscles of your body two or three times a week is ideal.	https://www.health.harvard.edu/exercise-and-fitness/7-tips-for-a-safe-and-successful-strength-training-program	1
127	Enjoy the little things.	\N	64
146	Adults who stay well-hydrated appear to be healthier, develop fewer chronic conditions, such as heart and lung disease, and live longer than those who may not get sufficient fluids.	https://www.nih.gov/news-events/news-releases/good-hydration-linked-healthy-aging	2
193	I am not defined by laziness, self-doubt, or numbers.	\N	16
167	Keep challenging muscles by slowly increasing weight or resistance. The right weight for you differs depending on the exercise. Choose a weight that tires the targeted muscle or muscles by the last two repetitions while still allowing you to maintain good form. If you can't do the last two reps, choose a lighter weight. When it feels too easy to complete add weight (roughly 1 to 2 pounds for arms, 2 to 5 pounds for legs), or add another set of repetitions to your workout (up to three sets). If you add weight, remember that you should be able to do all the repetitions with good form and the targeted muscles should feel tired by the last two.	https://www.health.harvard.edu/exercise-and-fitness/7-tips-for-a-safe-and-successful-strength-training-program	1
166	It's important to know your limits and not exceed them when exercising or participating in physical activities. Proper care of your joints can preserve function in the long term and encourage physical activity.	https://www.stanfordchildrens.org/en/topic/default?id=avoiding-joint-injuries-1-2842	1
162	Keep in shape. A high cardiovascular fitness level is crucial to avoid joint injuries. Otherwise, as you tire your form can fail and your joints carry unbalanced weight.	https://www.stanfordchildrens.org/en/topic/default?id=avoiding-joint-injuries-1-2842	1
161	Never skip your warm-up or cool down. Tight or stiff muscles around a joint will make the area more prone to injury. This is especially important in sports that require quick movements, such as basketball and tennis.	https://www.stanfordchildrens.org/en/topic/default?id=avoiding-joint-injuries-1-2842	1
160	Train smart by cross-training. Repetitive-motion injuries caused by doing just one sport or workout are some of the most common. You can prevent them by doing different sports or activities that work different muscles. For example, if you mostly ride a bike, take a core-strengthening class once a week.	https://www.stanfordchildrens.org/en/topic/default?id=avoiding-joint-injuries-1-2842	1
159	Avoid doing too much, too soon. Never increase the length of your workouts by more than 10 percent from one week to the next, and never increase both the length and intensity of your workout at the same time.	https://www.stanfordchildrens.org/en/topic/default?id=avoiding-joint-injuries-1-2842	1
156	For a plyometric training to be effective, it needs to provide a high neural stimulus with no to very little fatigue.	https://christianbosse.com/how-many-reps-for-plyometrics/	1
155	If an exercises causes pain, the solution is simple. Stop doing it, and find a similar one that doesn't. There is no single 'must do' exercise that can't be replaced with something else.	Christian Finn	1
154	Adding yoga to aerobic exercise may help lower high blood pressure.	https://www.health.harvard.edu/exercise-and-fitness/adding-yoga-to-aerobic-exercise-may-help-lower-high-blood-pressure	1
153	Don't exercise immediately after eating.	https://www.health.harvard.edu/nutrition/stomach-troubles-with-no-clear-cause-heres-what-you-can-do	1
152	Varying exercise selection has a positive effect on enhancing motivation to train, while eliciting similar improvements in muscular adaptations.	https://www.ncbi.nlm.nih.gov/pmc/articles/PMC6934277/	1
149	Look straight ahead at a distant object when you do unstable exercises. If you look at the floor when you do exercises that challenge your balance and stability, it'll shift your weight forward, putting stress on your lower back.	https://www.menshealth.com/fitness/a19548559/best-loaded-carries/	1
150	Back muscles and your core help to stabilize your body. If your core is weak, the other surrounding muscles have to compensate. Over time, these muscles can suffer strain, which leads to lingering pain.	https://www.health.harvard.edu/blog/straight-talk-on-planking-2019111318304	1
158	Limited ankle mobility manifests itself as a functional limitation in everyday tasks such as walking, negotiating stairs, and even in athletic endeavors such as achieving proper squat depth or cutting	https://theprehabguys.com/unlock-ankle-mobility/	1
148	Reward yourself with a delicious protein shake after a completed workout!	\N	4
194	My workout goals are attainable.	\N	16
197	I have a right to make mistakes.	https://www.pete-walker.com/pdf/ShrinkingTheCritic.pdf	32
198	Mistakes do not make me a mistake.	https://www.pete-walker.com/pdf/ShrinkingTheCritic.pdf	32
203	I am on my side.	https://www.pete-walker.com/pdf/ShrinkingTheCritic.pdf	32
221	In a society that pressure us into acting happy all the time, I will not get down on myself for feeling bad. 	https://www.pete-walker.com/pdf/ShrinkingTheCritic.pdf	32
204	I am a good enough person.	https://www.pete-walker.com/pdf/ShrinkingTheCritic.pdf	32
209	I will not jump to negative conclusions.	https://www.pete-walker.com/pdf/ShrinkingTheCritic.pdf	32
213	I cannot make the future perfectly safe.	https://www.pete-walker.com/pdf/ShrinkingTheCritic.pdf	32
219	I will not compare “my insides to their outsides”.	https://www.pete-walker.com/pdf/ShrinkingTheCritic.pdf	32
222	Feeling guilty does not mean I am guilty.	https://www.pete-walker.com/pdf/ShrinkingTheCritic.pdf	32
215	I will not try to control the uncontrollable.	https://www.pete-walker.com/pdf/ShrinkingTheCritic.pdf	32
211	I cannot change the past.	https://www.pete-walker.com/pdf/ShrinkingTheCritic.pdf	32
210	I will not endlessly second-guess myself.	https://www.pete-walker.com/pdf/ShrinkingTheCritic.pdf	32
208	I will not repetitively examine details over and over.	https://www.pete-walker.com/pdf/ShrinkingTheCritic.pdf	32
212	I forgive all my past mistakes.	https://www.pete-walker.com/pdf/ShrinkingTheCritic.pdf	32
216	I will not micromanage myself or others.	https://www.pete-walker.com/pdf/ShrinkingTheCritic.pdf	32
206	As long as I am not hurting anyone, I refuse to be shamed for normal emotional responses like anger, \nsadness, fear and depression.	https://www.pete-walker.com/pdf/ShrinkingTheCritic.pdf	32
202	Statements that describe me as “always” or “never” this or that, are typically grossly inaccurate.	https://www.pete-walker.com/pdf/ShrinkingTheCritic.pdf	32
223	I refuse to make my decisions and choices from guilt; sometimes I need to feel the guilt and do it anyway.	https://www.pete-walker.com/pdf/ShrinkingTheCritic.pdf	32
200	I reject extreme or vergeneralized descriptions, judgments or criticisms.	https://www.pete-walker.com/pdf/ShrinkingTheCritic.pdf	32
199	Every mistake or mishap is an opportunity to practice loving myself in the places I have never been loved.	https://www.pete-walker.com/pdf/ShrinkingTheCritic.pdf	32
196	I do not have to be perfect to be safe or loved in the present.	https://www.pete-walker.com/pdf/ShrinkingTheCritic.pdf	32
218	I refuse to compare myself unfavorably to others.	https://www.pete-walker.com/pdf/ShrinkingTheCritic.pdf	32
220	I will not judge myself for not being at peak performance all the time. 	https://www.pete-walker.com/pdf/ShrinkingTheCritic.pdf	32
224	In the inevitable instance when I inadvertently hurt someone, I will apologize, make amends, and let go of \nmy guilt.	https://www.pete-walker.com/pdf/ShrinkingTheCritic.pdf	32
226	I am no longer a victim.	https://www.pete-walker.com/pdf/ShrinkingTheCritic.pdf	32
227	I will not accept unfair blame.	https://www.pete-walker.com/pdf/ShrinkingTheCritic.pdf	32
228	Guilt is sometimes camouflaged fear. – “I am afraid, but I am not guilty or in danger”.	https://www.pete-walker.com/pdf/ShrinkingTheCritic.pdf	32
232	I will not try to perform at 100% all the time	https://www.pete-walker.com/pdf/ShrinkingTheCritic.pdf	32
233	I subscribe to the normalcy of vacillating along a continuum of efficiency.	https://www.pete-walker.com/pdf/ShrinkingTheCritic.pdf	32
238	I am a human being not a human doing. 	https://www.pete-walker.com/pdf/ShrinkingTheCritic.pdf	32
230	I will not choose to be perpetually productive.	https://www.pete-walker.com/pdf/ShrinkingTheCritic.pdf	32
240	I commit to myself.	https://www.pete-walker.com/pdf/ShrinkingTheCritic.pdf	32
241	I feel afraid but I am not in danger.	https://www.pete-walker.com/pdf/ShrinkingTheCritic.pdf	32
243	I refuse to scare myself with thoughts and pictures of my life deteriorating. 	https://www.pete-walker.com/pdf/ShrinkingTheCritic.pdf	32
239	I refuse to trash myself. 	https://www.pete-walker.com/pdf/ShrinkingTheCritic.pdf	32
236	I will not displace the criticism and blame that rightfully belongs to them onto \nmyself or current people in my life.	https://www.pete-walker.com/pdf/ShrinkingTheCritic.pdf	32
245	I will not minimize or discount my attributes.	https://www.pete-walker.com/pdf/ShrinkingTheCritic.pdf	32
247	I am not in danger. 	https://www.pete-walker.com/pdf/ShrinkingTheCritic.pdf	32
257	I invoke thoughts and images of my friends’ love and support.	https://www.pete-walker.com/pdf/ShrinkingTheCritic.pdf	32
256	I have legal authorities to aid in my protection if threatened by the few who aren’t.	https://www.pete-walker.com/pdf/ShrinkingTheCritic.pdf	32
255	The vast majority of my fellow human beings are peaceful people.	https://www.pete-walker.com/pdf/ShrinkingTheCritic.pdf	32
254	Unless there are clear signs of danger, I will thought-stop my projection of past bully/critics onto others.	https://www.pete-walker.com/pdf/ShrinkingTheCritic.pdf	32
252	Even when afraid, I will defend myself from unfair criticism.	https://www.pete-walker.com/pdf/ShrinkingTheCritic.pdf	32
251	I reduce procrastination by reminding myself that I will not accept unfair criticism or perfectionist expectations from anyone.	https://www.pete-walker.com/pdf/ShrinkingTheCritic.pdf	32
249	I will not hurry unless it is a true emergency.	https://www.pete-walker.com/pdf/ShrinkingTheCritic.pdf	32
253	I won’t let fear make my decisions.	https://www.pete-walker.com/pdf/ShrinkingTheCritic.pdf	32
250	I am learning to enjoy doing my daily activities at a relaxed pace.	https://www.pete-walker.com/pdf/ShrinkingTheCritic.pdf	32
248	I do not need to rush.	https://www.pete-walker.com/pdf/ShrinkingTheCritic.pdf	32
244	I renounce over-noticing & dwelling on what might be wrong with me or life around me.	https://www.pete-walker.com/pdf/ShrinkingTheCritic.pdf	32
242	I will not blow things out of proportion.	https://www.pete-walker.com/pdf/ShrinkingTheCritic.pdf	32
237	“I care for myself. The more solitary, the more friendless, the more unsustained I am, the more I will respect myself”. - Jane Eyre	https://www.pete-walker.com/pdf/ShrinkingTheCritic.pdf	32
235	I refuse to attack myself or abuse others.	https://www.pete-walker.com/pdf/ShrinkingTheCritic.pdf	32
234	I will not let the bullies and critics of my early life win by joining and agreeing with them.	https://www.pete-walker.com/pdf/ShrinkingTheCritic.pdf	32
231	I am more productive in the long run, when I balance work with play and relaxation	https://www.pete-walker.com/pdf/ShrinkingTheCritic.pdf	32
229	I will substitute the words “want to” for “should” and only follow this imperative if it feels like I want to, unless I am under legal, ethical or moral obligation.	https://www.pete-walker.com/pdf/ShrinkingTheCritic.pdf	32
225	I will not apologize over and over my guilt.	https://www.pete-walker.com/pdf/ShrinkingTheCritic.pdf	32
207	I refuse to attack myself for how hard it is to completely eliminate the self-hate habit.	https://www.pete-walker.com/pdf/ShrinkingTheCritic.pdf	32
205	I turn shame back into blame and disgust, and externalize it to anyone who shames my normal feelings and foibles.	https://www.pete-walker.com/pdf/ShrinkingTheCritic.pdf	32
214	I will stop hunting for what could go wrong.	https://www.pete-walker.com/pdf/ShrinkingTheCritic.pdf	32
217	I work in a way that is “good enough”, and I accept the existential fact that my efforts sometimes bring desired results and sometimes they do not	https://www.pete-walker.com/pdf/ShrinkingTheCritic.pdf	32
201	One negative happenstance does not mean I am stuck in a never-ending pattern of defeat.	https://www.pete-walker.com/pdf/ShrinkingTheCritic.pdf	32
246	Right now, I notice, visualize and enumerate my accomplishments, talents and qualities, as well as the many \ngifts life offers me, e.g., friends, nature, music, film, food, beauty, color, pets, etc.	https://www.pete-walker.com/pdf/ShrinkingTheCritic.pdf	32
\.


--
-- Data for Name: instruction; Type: TABLE DATA; Schema: public; Owner: doadmin
--

COPY public.instruction ("Id", "Name", "Link", "VariationId", "DisabledReason", "ParentId") FROM stdin;
600	None	https://www.youtube.com/watch?v=0od5lwWMGV8	324	\N	\N
1118	None	\N	497	\N	\N
1320	None	https://www.youtube.com/watch?v=Utyi88eO5V8	620	\N	\N
909	None	https://www.youtube.com/watch?v=QVEINjrYUPU	346	\N	\N
924	None	https://www.youtube.com/watch?v=tEZhXr0FuAQ	363	\N	\N
926	None	https://www.youtube.com/watch?v=KK6wgg4zs-w	365	\N	\N
1321	Bands	https://www.youtube.com/watch?v=2EUH-2W8a_g	620	\N	\N
1393	Barbell	https://www.youtube.com/watch?v=1uDiW5--rAE	651	\N	\N
1243	Bar	https://www.youtube.com/watch?v=8PMUG46CmHc	578	\N	\N
1314	Barbell	https://www.youtube.com/watch?v=wQHSYDSgDn8	615	\N	\N
1394	Dumbbells | Kettlebells	https://www.youtube.com/watch?v=DGavj41F_Cs	651	\N	\N
1395	Bands	https://www.youtube.com/watch?v=wklohZsolc4	651	\N	\N
1407	None	https://www.youtube.com/watch?v=KOV5iN86EwM	660	\N	\N
941	None	https://www.youtube.com/watch?v=dnp3a0EQo4o	379	\N	\N
114	Pullup Bar | Fitness Rings	https://www.youtube.com/watch?v=mtOAYPGRBMc	95	\N	\N
1417	High Box	https://www.youtube.com/watch?v=wgvSBp8_rKo	670	\N	\N
1430	None	https://www.youtube.com/watch?v=dC2AlqiDXM8	682	\N	\N
1128	Plates | Dumbbells	https://www.youtube.com/watch?v=pZRa5OqNJFU	505	\N	\N
1326	None	https://www.youtube.com/watch?v=YvLneRU9BlA	623	\N	\N
1446	Dumbbells | Kettlebells	https://www.youtube.com/watch?v=bAnCoDrvXc4	694	\N	\N
1260	None	\N	589	\N	\N
1447	Dumbbells | Kettlebells	https://www.youtube.com/watch?v=5xtllI7frxI	695	\N	\N
1271	None	https://www.youtube.com/watch?v=ZrpRBgswtHs	593	\N	\N
953	None	https://www.youtube.com/watch?v=1JZRHWq4rco	390	\N	\N
1448	Dumbbells | Kettlebells	https://www.youtube.com/watch?v=Z8D-kdvRYlI	696	\N	\N
974	None	https://www.youtube.com/watch?v=S6gB0QHbWFE	406	\N	\N
1470	None	https://www.youtube.com/watch?v=l_U2uoePtS4	709	\N	\N
1471	Ankle Weights | Mini Resistance Bands	https://www.youtube.com/watch?v=l_U2uoePtS4	709	\N	\N
1468	None	https://www.youtube.com/watch?v=Zr-PtqcpeWM	708	\N	\N
1272	Dumbbells	\N	593	\N	\N
1491	None	https://www.youtube.com/watch?v=erZnw1J38z4	722	\N	\N
1281	Barbell | Dumbbells	\N	600	\N	\N
1057	None	https://www.youtube.com/watch?v=kH8umBSULc4	455	\N	\N
1067	None	https://www.youtube.com/watch?v=OIVuHfS9okw&list=PLkeoBd4A272PvOD-KSdr_uELkF6kvvL8G&index=27	464	\N	\N
1100	None	https://www.youtube.com/watch?v=O3LqMc-0D8g	488	\N	\N
1101	None	https://www.youtube.com/watch?v=O3LqMc-0D8g	487	\N	\N
1510	None	https://www.youtube.com/watch?v=7Tgb8wVzbcY	733	\N	\N
1502	Dumbbells | Kettlebells	https://www.youtube.com/watch?v=De9OUZz5W_I	615	\N	\N
1458	Malleable Ball	https://www.youtube.com/watch?v=IAvAmciUoC4	701	Disabled Malleable Ball	\N
986	Dumbbells	https://www.youtube.com/watch?v=VFGHQt14p6A	116	Superseeded by Location instructions	\N
226	Dumbbell | Kettlebell	https://www.youtube.com/watch?v=GThrNeGcjGc	245	\N	227
1327	Bands | Mini Bands	https://www.youtube.com/watch?v=yAKABuMpjkg	623	\N	\N
1170	None	https://www.youtube.com/watch?v=A8v2tShgkDY	526	\N	\N
1176	None	https://www.youtube.com/watch?v=ZnsLpLhywgk	532	\N	\N
1182	None	https://www.youtube.com/watch?v=ANVdMDaYRts	538	\N	\N
1574	Flat Bench	\N	776	\N	\N
1578	Dumbbell | Plate	\N	780	\N	\N
1081	Mini Resistance Band	https://www.youtube.com/watch?v=UAod62tMmhk	473	\N	\N
1216	Resistance Bands	https://www.youtube.com/watch?v=bfzl23IIOi8	560	\N	\N
1235	None	https://www.youtube.com/watch?v=C44fjSS7X5k	574	\N	\N
1249	None	https://www.youtube.com/watch?v=Dlazt593cuA	581	\N	\N
1291	Rings	\N	604	\N	\N
1292	None	https://www.youtube.com/watch?v=v3r_gJMI-Z0	604	\N	\N
1253	None	\N	586	\N	\N
1305	None	https://www.youtube.com/watch?v=NIJw1vKLjbs	610	\N	\N
1306	Bar | Rings	\N	610	\N	\N
1342	Bands	https://www.youtube.com/watch?v=FUndsTXxkT0	130	\N	\N
1304	Dumbbells	https://www.youtube.com/watch?v=dL9ZzqtQI5c	609	\N	\N
1353	None	https://www.youtube.com/watch?v=gmLS4RllgoQ	631	\N	\N
1354	None	https://www.youtube.com/watch?v=s888DrdU_Gw	632	\N	\N
1357	Barbell	https://www.youtube.com/watch?v=ryIFzwG3rfs	573	\N	\N
1355	None	\N	573	\N	\N
1356	Dumbbells | Kettlebell	https://www.youtube.com/watch?v=w8HTY2kx5FI	573	\N	\N
885	None	https://www.youtube.com/watch?v=dhDjKmTX8tU	337	\N	\N
884	Kettlebell | Medicine Ball | Dumbbell | Plate	https://www.youtube.com/watch?v=wrYqfSLWqdE	337	\N	\N
1127	None	https://www.youtube.com/watch?v=3STTSi_jdHk	505	\N	\N
1347	None	https://www.youtube.com/watch?v=TJbnvoFkLKI	572	\N	\N
1230	None	https://www.hybridcalisthenics.com/hanging-leg-raises	565	\N	\N
115	Barbell	https://www.youtube.com/watch?v=nEF0bv2FW94	195	\N	111
793	Plate | Medicine Ball	https://www.youtube.com/watch?v=pDTHSnoGoEc	172	\N	\N
111	Flat Bench	\N	195	\N	\N
1396	Dumbbells | Kettlebells	https://www.youtube.com/watch?v=zDjBc2tJ358	652	\N	\N
1418	High Box	https://www.youtube.com/watch?v=LDU_yVvp7pA	671	\N	\N
1469	Ankle Weights | Mini Resistance Bands	https://www.youtube.com/watch?v=Zr-PtqcpeWM	708	\N	\N
269	Barbell	\N	317	\N	\N
106	Pullup Bar | Fitness Rings	https://www.hybridcalisthenics.com/jackknife-pullups	36	\N	\N
1449	Exercise Ball	https://www.youtube.com/watch?v=XkESHgkTdFw	581	\N	\N
1459	Dumbbells	https://www.youtube.com/watch?v=MQ62r2V7Lw8	459	\N	\N
1370	None	https://www.youtube.com/watch?v=9woTKi1T4sA	635	\N	\N
1032	None	https://www.youtube.com/watch?v=jdLV7JuTCOY	436	\N	\N
910	None	https://www.youtube.com/watch?v=CZGtSaOvb50	349	\N	\N
1408	None	https://www.youtube.com/watch?v=hGBYi7vePzM	661	\N	\N
928	None	https://www.youtube.com/watch?v=jXk5dquBT6w	367	\N	\N
104	Pullup Bar | Fitness Rings	https://www.hybridcalisthenics.com/narrow-pullups	38	\N	\N
944	None	https://www.youtube.com/watch?v=5R7eWaNWO3U	380	\N	\N
232	Dumbbell | Kettlebell	\N	250	\N	\N
1146	Medicine Ball | Slam Ball	https://www.youtube.com/watch?v=zfDmFJJYIds	515	\N	\N
270	Dumbbells | Kettlebells	\N	317	\N	\N
1138	Kettlebell	https://www.youtube.com/watch?v=aXwilZfmDyo	131	Combined with Dumbbells	\N
1503	Bands	https://www.youtube.com/watch?v=WAUvlrF5xqw	615	\N	\N
1033	None	https://www.youtube.com/watch?v=SSZh8SL_cNg	435	\N	\N
1511	None	https://www.youtube.com/watch?v=F1K-rRfv7OI	734	\N	\N
1075	Resistance Band	https://www.youtube.com/watch?v=zz5XH-hFIaM	470	\N	\N
100	Pullup Bar | Fitness Rings	https://www.hybridcalisthenics.com/one-arm-pullups	42	\N	\N
253	Dumbbell	\N	81	\N	\N
987	Barbell	\N	116	\N	\N
238	Barbell	\N	250	\N	\N
237	Barbell	\N	249	\N	\N
259	Weighted Vest | Dip Belt	https://www.hybridcalisthenics.com/full-pullups	306	\N	\N
256	Dumbbell	https://www.youtube.com/watch?v=3OZ2MT_5r3Q	80	\N	\N
108	Pullup Bar | Fitness Rings | Suspension Training Bands	https://www.hybridcalisthenics.com/horizontal-pullups	34	\N	\N
254	Medicine Ball | Kettleball | Plate	https://www.youtube.com/watch?v=VDvlA5opvuk	170	\N	\N
1492	Dumbbells | Kettlebells	\N	636	\N	\N
240	Barbell	https://www.youtube.com/watch?v=EdtaJRBqwes	259	\N	\N
976	Weighted Vest	https://www.youtube.com/watch?v=k8ipHzKeAkQ	314	\N	\N
1493	Barbell	\N	636	\N	\N
249	Fitness Rings	https://www.youtube.com/watch?v=3uaxHCDiXJA	272	\N	\N
1049	None	https://www.youtube.com/watch?v=01eRDsnJWb0	445	\N	\N
1197	Pullup Bar | Fitness Rings	https://www.hybridcalisthenics.com/narrow-pullups	549	\N	\N
244	Fitness Rings	https://www.youtube.com/watch?v=QqjPHk-uErQ	261	\N	\N
1195	Pullup Bar | Fitness Rings	https://www.hybridcalisthenics.com/jackknife-pullups	550	\N	\N
1058	None	https://www.youtube.com/watch?v=7eLkwnCjV-8	456	\N	\N
886	None	https://www.youtube.com/watch?v=y4gHJ8OjxTg	334	\N	\N
1203	Pullup Bar | Fitness Rings	https://www.youtube.com/watch?v=b-ztMQpj8yc	546	\N	\N
1199	Pullup Bar | Fitness Rings	https://www.hybridcalisthenics.com/one-arm-pullups	548	\N	\N
260	Pullup Bar | Fitness Rings	https://www.hybridcalisthenics.com/full-pullups	306	\N	\N
245	Resistance Bands	https://www.youtube.com/watch?v=a9Arb1Dnf1I	267	\N	\N
1068	None	https://www.youtube.com/watch?v=SKKxhCgQ7hM&list=PLkeoBd4A272PvOD-KSdr_uELkF6kvvL8G&index=21	465	\N	\N
1084	None	https://www.youtube.com/watch?v=xID-LStu1pE	476	\N	\N
1119	None	https://www.youtube.com/watch?v=Up3gRj8-sAA	499	\N	\N
234	Kettlebell | Plate	https://www.youtube.com/watch?v=KFzKHhfb1yU	253	\N	\N
235	Barbell	https://www.youtube.com/watch?v=1clWWF8Nw4U	253	\N	\N
1147	None	https://www.youtube.com/watch?v=wvcwMMnVgRs	517	\N	\N
246	Resistance Bands	https://www.youtube.com/watch?v=WQ86i2JMJ9o	266	\N	\N
251	Barbell	https://www.youtube.com/watch?v=cZvQNvTUUu0	166	\N	\N
1177	None	https://www.youtube.com/watch?v=kM-fTtwC5eM	533	\N	\N
1183	None	https://www.youtube.com/watch?v=V8z8A2WwNnA	539	\N	\N
1231	Bands	https://www.youtube.com/watch?v=1lO0JTw9yNk	221	\N	\N
1236	Bands	https://www.youtube.com/watch?v=wB6ALHd6Onc	250	\N	\N
1130	High Box	https://www.youtube.com/watch?v=r7lSsRDvYtc	506	\N	\N
955	Dumbbell	https://www.youtube.com/watch?v=baXR98MXziA	392	\N	\N
1211	Pullup Bar | Fitness Rings	https://www.hybridcalisthenics.com/archer-pullups	552	\N	\N
103	Pullup Bar | Fitness Rings	https://www.hybridcalisthenics.com/one-hand-pullups	39	\N	\N
193	Dumbbell	https://www.youtube.com/watch?v=JGWZcp5qdwY	226	\N	\N
189	Dumbbell	https://www.youtube.com/watch?v=6SS6K3lAwZ8	219	\N	188
201	Dumbbell	https://www.youtube.com/watch?v=ttvfGg9d76c	522	\N	\N
1059	None	https://www.youtube.com/watch?v=-xy_q9vkVEY	457	\N	\N
1409	None	https://www.youtube.com/watch?v=KT3AF9Hlu7I	662	\N	\N
1419	Bands	https://www.youtube.com/watch?v=a8f-c31u2GA	672	\N	\N
1450	None	https://www.youtube.com/watch?v=ostWPCp9-So	697	\N	\N
267	Dumbbells | Kettlebells	https://www.youtube.com/watch?v=HvvqTpTongY	314	\N	\N
1451	None	https://www.youtube.com/watch?v=ostWPCp9-So	698	\N	\N
1472	None	https://www.youtube.com/watch?v=8lDhhrj-odk	710	\N	\N
1494	Rings	https://www.youtube.com/watch?v=FRiiZRhapeU	579	\N	\N
1104	None	https://www.youtube.com/watch?v=ta0OUynqEfw	490	\N	\N
977	Plates | Low Box | Stairs	\N	314	Surely people have a book or something at home	\N
282	Low Box | High Box | Flat Bench | Chair | Exercise Ball	\N	328	Can also use a chair or couch which everybody has at home	\N
969	None	https://www.youtube.com/watch?v=lQPppTK7mFc	400	\N	\N
272	Pillow | Foam Roller	\N	319	\N	\N
277	Dumbbells | Barbell	\N	324	\N	\N
1120	None	https://www.youtube.com/watch?v=OVAIQ23we-8	500	\N	\N
274	Dumbbells | Kettlebells	https://www.youtube.com/watch?v=vBA3vyOxJv0	321	\N	\N
1543	None	https://www.youtube.com/watch?v=Py_x-BP4kcg	752	\N	\N
262	Medicine Ball	https://www.youtube.com/watch?v=JIwfJPU1To4	308	\N	\N
1332	Bar | Rings	https://www.youtube.com/watch?v=I0_smdbfxcw	627	\N	\N
1512	Dumbbells | Kettlebells	https://www.youtube.com/watch?v=nLOIgukB4Ro	98	\N	\N
1140	Dumbbells | Kettlebells	https://www.youtube.com/watch?v=6TSP1TRMUzs	166	\N	\N
913	None	https://www.youtube.com/watch?v=ydqL6Tiq9yg	350	\N	\N
280	Dumbbells | Barbell | Plates	https://www.youtube.com/watch?v=YYiEdmODb1A	328	\N	\N
931	None	https://www.youtube.com/watch?v=WtjHq0HLkaM	370	\N	\N
261	Barbell	https://www.youtube.com/watch?v=0_9sJd9P8M0	307	\N	\N
230	Dumbbell | Kettlebell	https://www.youtube.com/watch?v=F-qXSJHR9ng	247	\N	\N
946	None	https://www.youtube.com/watch?v=o8gAyDUh2bs	382	\N	\N
1518	Dumbbells | Kettlebells	https://www.youtube.com/watch?v=KRHexHq1PsQ	584	\N	\N
1519	Dumbbells | Kettlebells	https://www.youtube.com/watch?v=F1K-rRfv7OI	734	\N	\N
1527	None	https://www.youtube.com/watch?v=Bf-MwacfkKA	744	\N	\N
1533	None	https://www.youtube.com/watch?v=j-w-eS2i2cE	748	\N	\N
152	Dumbbell	https://www.youtube.com/watch?v=xagEKj2yDc8	221	\N	\N
1432	Stability Ball	https://www.youtube.com/watch?v=5jDEulwWs04	577	\N	\N
1537	Dumbbells | Medicine ball | Sand Bells | Kettlebell | Plate	https://www.youtube.com/watch?v=cBgq78NY_KA	682	\N	\N
129	Kettlebell | Dumbbells	\N	113	\N	\N
233	Dumbbell | Kettlebell	\N	249	\N	\N
1550	None	https://www.youtube.com/watch?v=m1b-m6KlC0U	757	\N	\N
1554	Bands	https://www.youtube.com/watch?v=TX9XfhdueEg	422	\N	\N
1558	None	https://www.youtube.com/watch?v=VXFCeFP2Qrg	762	\N	\N
1562	None	https://www.youtube.com/watch?v=805EgEKRpMw	767	\N	\N
1566	None	https://www.youtube.com/watch?v=ASNK54226ts	771	\N	\N
1569	None	https://www.youtube.com/watch?v=3Xc0YFltRWs	774	\N	\N
1573	Dumbbells	https://www.youtube.com/watch?v=JpDDoINkrog	323	\N	\N
1397	Adjustable Bench	\N	776	\N	\N
101	Pullup Bar | Fitness Rings	https://www.youtube.com/watch?v=ziQjz1-DmX8	41	\N	\N
1036	None	https://www.youtube.com/watch?v=MucVn2mIOk4	440	\N	\N
1038	None	https://www.youtube.com/watch?v=4mYWMaXWKqs	438	\N	\N
265	Dumbbells | Kettlebells	https://www.youtube.com/watch?v=Jy0aMkLNsKo	311	\N	\N
1039	None	https://www.youtube.com/watch?v=fqY8pIsQSCM	437	\N	\N
893	Flat Bench | High Box | Chair | Fitness Rings	\N	116	Can also use a chair or couch which everybody has at home	\N
1131	None	https://www.youtube.com/watch?v=GR0qTpkLXRQ	508	\N	\N
1050	None	https://www.youtube.com/watch?v=WDMqBwXsGVQ	446	\N	\N
1086	None	https://www.youtube.com/watch?v=MfumpO_3NYI	478	\N	\N
1087	Ankle Weights	\N	478	\N	\N
1132	None	https://www.youtube.com/watch?v=GR0qTpkLXRQ	507	\N	\N
163	Dumbbell	https://www.youtube.com/watch?v=VmB1G1K7v94	196	\N	157
1150	None	https://www.youtube.com/watch?v=2Hq3ieGH-_0	516	\N	\N
1163	Flat Bench	\N	524	\N	\N
1164	Dumbbell	\N	524	\N	\N
1165	None	https://www.youtube.com/watch?v=7SgC-yJn_c0	524	\N	\N
1172	None	https://www.youtube.com/watch?v=VpuoE246W1Y	528	\N	\N
1178	None	https://www.youtube.com/watch?v=AodPPKsKNH4	534	\N	\N
1184	None	https://www.youtube.com/watch?v=hhWVyxhTfNs	540	\N	\N
147	Dumbbell	https://www.youtube.com/watch?v=AyuOhrT-9J4	182	\N	\N
1220	Resistance Bands	https://www.youtube.com/watch?v=SniJo-6t7Gk	209	\N	\N
203	Dumbbell	https://www.youtube.com/watch?v=7CHPqVxJOUE	229	\N	204
146	Dumbbell	https://www.youtube.com/watch?v=rSc1pmDEhZg	183	\N	\N
1237	None	https://www.youtube.com/watch?v=wiFNA3sqjCA	575	\N	\N
878	None	https://www.youtube.com/watch?v=Jxr9WTaeswQ	330	\N	\N
879	None	https://www.youtube.com/watch?v=xxxT7BFWArI	329	\N	\N
1399	None	https://www.youtube.com/watch?v=I5YbtdqK6g0	653	\N	\N
1410	None	https://www.youtube.com/watch?v=gqoPYLUgP48	663	\N	\N
1238	Plates | Dumbbells	https://www.youtube.com/watch?v=OGyrUo0DAhI	575	\N	\N
914	None	https://www.youtube.com/watch?v=1UU4VvklQ44	353	\N	\N
936	None	https://www.youtube.com/watch?v=saYKvqSscuY	373	\N	\N
947	None	https://www.youtube.com/watch?v=Fr5kiIygm0c	385	\N	\N
1315	None	https://www.youtube.com/watch?v=omcxYSiUg5M	616	\N	\N
1337	Anchor	https://www.youtube.com/watch?v=m0AIU1dCVkU	625	\N	\N
903	Barbell	https://www.youtube.com/watch?v=nEppV-EZzvA	343	\N	\N
961	None	https://www.youtube.com/watch?v=nDYT0zUlC2w	396	\N	\N
962	None	https://www.youtube.com/watch?v=L9bdozB8MFw	395	\N	\N
978	Weighted Vest	https://www.youtube.com/watch?v=ORT4oJ_R8Qs	311	\N	\N
971	None	https://www.youtube.com/watch?v=NytDpa2r34g	401	\N	\N
989	Dumbbells	https://www.youtube.com/watch?v=poM87byNUMw	253	\N	\N
705	None	https://www.youtube.com/watch?v=RbXfgmqorAQ	253	\N	\N
1021	Track | Field | Running	https://www.youtube.com/watch?v=mlqk1niuiZs	424	\N	\N
934	Kettlebell | Dumbbell	https://www.youtube.com/watch?v=saYKvqSscuY	373	\N	\N
1433	Bands	https://www.youtube.com/watch?v=eufYDHUtScc	577	\N	\N
963	Flat Bench | Chair	\N	396	Can also use a chair or couch which everybody has at home	\N
1051	None	https://www.youtube.com/watch?v=9jwynr7-yV0	449	\N	\N
1060	None	https://www.youtube.com/watch?v=gT4A4DyDEgw	458	\N	\N
1153	None	https://www.youtube.com/watch?v=8kr91qSn3OM	518	\N	\N
1121	None	https://www.youtube.com/watch?v=Gv0rFtj-XjI	501	\N	\N
1133	None	https://www.youtube.com/watch?v=9_jLW6VkU8A	509	\N	\N
1329	Bands	https://www.youtube.com/watch?v=Thv8O6c8QBM	624	\N	\N
1019	Track | Field | Treadmill	https://www.youtube.com/watch?v=Ly-Zh-rXeh4	426	\N	\N
1106	Sand Bells | Exercise Ball	https://www.youtube.com/watch?v=QxYhFwMd1Ks	492	\N	\N
1166	Incline Bench	\N	523	\N	\N
1167	Dumbbell	\N	523	\N	\N
1168	None	https://www.youtube.com/watch?v=Xa_3nfDlRCs	523	\N	\N
1420	Mini Band	https://www.youtube.com/watch?v=ptNcumN_Kco	742	\N	\N
1173	None	https://www.youtube.com/watch?v=BDA3DERQKFk	529	\N	\N
1179	None	https://www.youtube.com/watch?v=CtFKxJxLCCY	535	\N	\N
1185	None	https://www.youtube.com/watch?v=3nb5-Ff6PtM	541	\N	\N
1214	Resistance Bands	https://www.youtube.com/watch?v=b9a9vsQzGxk	222	\N	\N
192	Dumbbell	https://www.youtube.com/watch?v=3VcKaXpzqRo	222	\N	\N
174	Dumbbell	https://www.youtube.com/watch?v=zC3nLlEvin4	209	\N	\N
1226	Resistance Bands	https://www.youtube.com/watch?v=duP-UZsfOaQ	317	\N	\N
1232	None	https://www.youtube.com/watch?v=0wDEO6shVjc	567	\N	\N
1244	Bands	https://www.youtube.com/watch?v=EbfYPZCWkB0	196	\N	\N
1250	None	https://www.youtube.com/watch?v=EL4WX_ulKrc	582	\N	\N
1108	Sand Bells | Exercise Ball	https://www.youtube.com/watch?v=v_aH3ANtz8I	491	\N	\N
1256	Dumbbells	\N	587	\N	\N
1255	None	https://www.youtube.com/watch?v=t2BmBSmcjco	587	\N	\N
888	Dumbbell	https://www.youtube.com/watch?v=-Vyt2QdsR7E	82	\N	\N
1261	Dumbbells	https://www.youtube.com/watch?v=VHeZJHEj6ic	589	\N	\N
1262	Rings	https://www.youtube.com/watch?v=_ajo6VG_uRM	589	\N	\N
1273	None	https://www.youtube.com/watch?v=VUiFlZ2FsKA	594	\N	\N
896	None	https://www.youtube.com/watch?v=FKZinUqDFtQ	339	\N	\N
900	Barbell	https://www.youtube.com/watch?v=hg9MMvd-MY8	339	\N	899
1293	Rings	https://www.youtube.com/watch?v=i-MYh6YtBBg	586	\N	\N
1294	Barbell	https://www.youtube.com/watch?v=3C1TRMJveXo	586	\N	\N
1299	None	https://www.youtube.com/watch?v=sqDdHFC1KYk	607	\N	\N
1300	Rings | Bar	\N	607	\N	\N
1308	None	https://www.youtube.com/watch?v=0wzrgyAurT8	612	\N	\N
1248	Dumbbells	https://www.youtube.com/watch?v=2WxwO9E93wI	580	This is like a side plank with arm bar. Keep them as separate exercises.	\N
1071	Resistance Band	https://www.youtube.com/watch?v=ZXncuZKonas	467	\N	\N
998	Barbell	\N	249	Just keeping this as a Reverse Lunge	1001
1324	Bands	https://www.youtube.com/watch?v=2Hn4Ahkzk6E	622	\N	\N
1070	None	https://www.youtube.com/watch?v=IBWToThYZgo	467	Weighted exercises such as the lateral raise should not have an unweighted instruction. \n        The unweighted instruction is too easy for people who are strength training and don't have any of the exercise's equipment. \n        If the user is too injured to be able to do the recovery exercise with weights, then they should be in physical therapy.	\N
1267	None	\N	591	\N	\N
1268	Barbell	https://www.youtube.com/watch?v=LMdNTHH6G8I	591	\N	\N
1349	Dumbbells	https://www.youtube.com/watch?v=cb1YB7fZyEw	591	\N	\N
1352	Dumbbells	https://www.youtube.com/watch?v=b2R-W2efN-g	559	\N	\N
1344	Bands	https://www.youtube.com/watch?v=MDAk3N1wEfI	558	\N	\N
1334	Rings | Dip Bar	https://www.youtube.com/watch?v=kONbxg4kzkE	628	\N	\N
1400	Dumbbells	https://www.youtube.com/watch?v=q1MeZPov8eM	653	\N	\N
1411	Mini Bands	https://www.youtube.com/watch?v=GPjss8FcQx8	664	\N	\N
1117	Low Box	https://www.youtube.com/watch?v=3sGe3UiwrVY	497	\N	\N
1022	None	https://www.youtube.com/watch?v=0495rbXZMQg	428	\N	\N
1504	Barbell	https://www.youtube.com/watch?v=M93HfnAVIl8	727	\N	\N
1421	None	https://www.youtube.com/watch?v=wtiM2Q9fDZo	674	\N	\N
889	Dip Bar | Fitness Rings	https://www.hybridcalisthenics.com/full-dips	56	\N	\N
1367	None	https://www.youtube.com/watch?v=NpmS6Fx1WLo	633	\N	\N
558	None	https://www.youtube.com/watch?v=ci4rsmlOk24	307	\N	\N
1240	None	https://www.youtube.com/watch?v=4xRpGgttca8	576	\N	\N
556	None	https://www.youtube.com/watch?v=7drWD3TZFQI	319	\N	\N
979	Plates | Low Box | Stairs	\N	311	I'm sure they have a box or something to stand on	\N
1437	Bands	https://www.youtube.com/watch?v=MdL2qeiC-P4	686	\N	\N
1438	Bands	https://www.youtube.com/watch?v=NCdt2mICJuU	687	\N	\N
1041	None	https://www.youtube.com/watch?v=_BR4ZodkJ2M	441	\N	\N
1233	Bands	https://www.youtube.com/watch?v=EABCFPXpQBo	314	\N	\N
917	None	https://www.youtube.com/watch?v=_ZKzoL9KH8I	355	\N	\N
937	None	https://www.youtube.com/watch?v=FTWFM-lL5jQ	375	\N	\N
1110	Sand Bells | Exercise Ball	https://www.youtube.com/watch?v=BGuLau6Dn7s	493	\N	\N
1452	None	https://www.youtube.com/watch?v=Nlu0vWJhss8	699	\N	\N
569	None	https://www.youtube.com/watch?v=OUgsJ8-Vi0E	323	\N	\N
1246	Bands	https://www.youtube.com/watch?v=cOFwFzzLFWw	579	\N	\N
972	None	https://www.youtube.com/watch?v=Mn6RSIRCV3w	404	\N	\N
1245	None	https://www.hybridcalisthenics.com/full-pushups	579	\N	\N
553	None	https://www.youtube.com/watch?v=k8ipHzKeAkQ	314	\N	\N
559	None	https://www.youtube.com/watch?v=ORT4oJ_R8Qs	311	\N	\N
984	None	https://www.youtube.com/watch?v=XLcodk8Lbe4	408	\N	\N
985	None	https://www.youtube.com/watch?v=RUjjKrORHpI	407	\N	\N
574	None	https://www.hybridcalisthenics.com/full-squats	317	\N	\N
1473	None	https://www.youtube.com/watch?v=hEykoofS5vk	714	\N	\N
570	None	https://www.youtube.com/watch?v=VB8doGLjRD8	308	\N	\N
1061	None	https://www.youtube.com/watch?v=wklI-e2WpFQ	459	\N	\N
1090	None	https://www.youtube.com/watch?v=tkPiBbsz1Yg	480	\N	\N
1475	None	https://www.youtube.com/watch?v=sHvur2PUEvg	712	\N	\N
1122	None	https://www.youtube.com/watch?v=U4s4mEQ5VqU	502	\N	\N
1134	None	https://www.youtube.com/watch?v=PZPSz905Ovk	510	\N	\N
1141	None	https://www.youtube.com/watch?v=4xweyzS7Rno	512	\N	\N
1476	None	https://www.youtube.com/watch?v=LLd8ojz2-o4	711	\N	\N
1169	None	https://www.youtube.com/watch?v=uEc5hrgIYx4	525	\N	\N
1174	None	https://www.youtube.com/watch?v=Qz33w9-EZws	530	\N	\N
1180	None	https://www.youtube.com/watch?v=RSMWpaY_iaQ	536	\N	\N
1474	None	https://www.youtube.com/watch?v=iUNc_M2VvIU	713	\N	\N
1495	Pullup Bar | Fitness Rings	https://www.youtube.com/watch?v=Dx740NIKX94	724	\N	\N
1221	Dumbbells	https://www.youtube.com/watch?v=EoYWMB856cA	239	\N	\N
1222	Resistance Bands	https://www.youtube.com/watch?v=bftFXuQy75A	239	\N	\N
1227	None	https://www.youtube.com/watch?v=x2K8uH7dcqg	562	\N	\N
1496	Pullup Bar | Fitness Rings	https://www.youtube.com/watch?v=R8xNrImzdwI	723	\N	\N
1311	Bands | Ankle Weights	https://www.youtube.com/watch?v=Vce3tIYpzhc	614	\N	\N
1042	Ankle Weights	https://www.youtube.com/watch?v=_BR4ZodkJ2M	441	\N	\N
1520	None	https://www.youtube.com/watch?v=-SvV1cPts6s	737	\N	\N
1521	None	https://www.youtube.com/watch?v=b5O0a01lMfg	738	\N	\N
1528	Kettlebell | Dumbbell	https://www.youtube.com/watch?v=sE80dr21rA0	745	\N	\N
1251	None	https://www.youtube.com/watch?v=KRHexHq1PsQ	584	\N	\N
565	None	https://www.hybridcalisthenics.com/straight-bridges	44	\N	\N
566	None	https://www.hybridcalisthenics.com/wall-bridges	45	\N	\N
1538	None	https://www.youtube.com/watch?v=LrIE5onzj68	751	\N	\N
568	None	https://www.hybridcalisthenics.com/full-clutch-flags	59	\N	\N
1539	None	https://www.youtube.com/watch?v=dXALCgBfF20	750	\N	\N
999	Dumbbell | Kettlebell	\N	249	Just keeping this as a Reverse Lunge	1001
1312	None	https://www.youtube.com/watch?v=Vce3tIYpzhc	614	\N	\N
1319	None	https://www.youtube.com/watch?v=VDv7QEcoRGg	619	\N	\N
1325	Rings	https://www.youtube.com/watch?v=4bOWDr8hqFI	622	\N	\N
1330	None	https://www.youtube.com/watch?v=5NU3HsSvP3Y	626	\N	\N
1339	None	https://www.youtube.com/watch?v=odcPqBOlJhI	566	\N	\N
1341	None	https://www.youtube.com/watch?v=J8QhVr5Pvig	583	\N	\N
1303	None	\N	609	\N	\N
1350	Bands	https://www.youtube.com/watch?v=MVSzez2zkHM	609	\N	\N
1215	Resistance Bands	https://www.youtube.com/watch?v=Zli1UXH9ZeE	240	\N	\N
1186	None	https://www.youtube.com/watch?v=g78CxAtjkCE	543	\N	\N
1187	Mini Resistance Bands	https://www.youtube.com/watch?v=oj4D4Nj63ic	543	\N	\N
1290	Bands	https://www.youtube.com/watch?v=LvyVdBv8tZM	603	\N	\N
1301	Barbell	https://www.youtube.com/watch?v=nVlpaNUxO5E	608	\N	\N
1346	Bands	https://www.youtube.com/watch?v=K4VAFznrNLk	630	\N	\N
1295	Bands	https://www.youtube.com/watch?v=Yp2DmHk3KnY	605	\N	\N
1264	Bands	https://www.youtube.com/watch?v=uA_idJVmN6k	590	\N	\N
576	None	https://www.youtube.com/watch?v=ZbNPNuKYexM	159	\N	\N
577	None	https://www.youtube.com/watch?v=qRqe0j2v-Kw	155	\N	\N
578	None	https://www.youtube.com/watch?v=z4J188sFD4g	129	\N	\N
128	Kettlebell | Dumbbells	\N	116	\N	\N
1148	Ankle Weights | Mini Resistance Band	https://www.youtube.com/watch?v=wvcwMMnVgRs	517	\N	\N
1401	None	https://www.youtube.com/watch?v=-srl3hTBOM8	654	\N	\N
243	Fitness Rings	https://www.youtube.com/watch?v=-WArq8wMWQg	106	\N	\N
126	Flat Bench | Stairs | Chair | High Box	https://www.youtube.com/watch?v=WCFCdxzFBa4	133	\N	\N
586	None	https://www.youtube.com/watch?v=2zhFTw2epoc	142	\N	\N
1412	None	https://www.youtube.com/watch?v=FVjhSsE8AT4	665	\N	\N
1422	None	https://www.youtube.com/watch?v=azvG88MPppg	675	\N	\N
590	None	https://www.youtube.com/watch?v=Gui5TqiKjZI	169	\N	\N
1453	None	https://www.youtube.com/watch?v=wXrlbvOigPM	700	\N	\N
592	None	https://www.hybridcalisthenics.com/wall-pushups	1	\N	\N
1142	None	https://www.youtube.com/watch?v=HtHxnWmMgzM	513	\N	\N
1015	None	https://www.youtube.com/watch?v=J4j3AOVWuHE	422	\N	\N
595	None	https://www.youtube.com/watch?v=X-gv0Ygb3yI	193	\N	\N
596	None	https://www.youtube.com/watch?v=b8RNli1Bjl4	192	\N	\N
597	None	https://www.youtube.com/watch?v=lGdDcn5mavs	191	\N	\N
598	None	https://www.youtube.com/watch?v=C6At19Q9i2Q	190	\N	\N
599	None	https://www.youtube.com/watch?v=2ZB5hDEHHGE	147	\N	\N
601	None	https://www.hybridcalisthenics.com/knee-raises	12	\N	\N
1461	None	https://www.youtube.com/watch?v=R4aX4A1sW2w	704	\N	\N
1143	Dumbbells | Kettlebells	https://www.youtube.com/watch?v=HtHxnWmMgzM	513	\N	\N
1020	Track | Field	https://www.youtube.com/watch?v=Oy3RWqqlMTg	425	\N	\N
605	None	https://www.youtube.com/watch?v=z6PJMT2y8GQ	75	\N	\N
606	None	https://www.youtube.com/watch?v=lVZi-AwxLPo	76	\N	\N
1239	Plates | Dumbbells	https://www.youtube.com/watch?v=aqet70KyAbk	576	\N	\N
609	None	https://www.hybridcalisthenics.com/assisted-oneleg-squats	30	\N	\N
610	None	https://www.hybridcalisthenics.com/front-staggered-squats	28	\N	\N
1462	None	https://www.youtube.com/watch?v=4ye2_HMmNbs	703	\N	\N
1477	Dumbbells | Kettlebells	https://www.youtube.com/watch?v=3rpTMDIPh0M	715	\N	\N
615	None	https://www.youtube.com/watch?v=LgaYt4Hi6-g	151	\N	\N
616	None	https://www.youtube.com/watch?v=-Dw9Es42eLM	148	\N	\N
617	None	https://www.youtube.com/watch?v=fTDkzk5GcEY	149	\N	\N
1540	None	https://www.youtube.com/watch?v=wth8lYoyujU	749	\N	\N
622	None	https://www.youtube.com/watch?v=jCCs8m09cCk	194	\N	\N
1505	Barbell	https://www.youtube.com/watch?v=epdBIT32SS0	728	\N	\N
625	None	https://www.hybridcalisthenics.com/side-staggered-squats	27	\N	\N
626	None	https://www.hybridcalisthenics.com/incline-pushups	2	\N	\N
628	None	https://www.hybridcalisthenics.com/knee-pushups	4	\N	\N
1522	None	https://www.youtube.com/watch?v=7U4aWnHX3ck	739	\N	\N
630	None	https://www.hybridcalisthenics.com/narrow-pushups	6	\N	\N
631	None	https://www.hybridcalisthenics.com/side-staggered-pushups	7	\N	\N
632	None	https://www.hybridcalisthenics.com/archer-pushups	8	\N	\N
633	None	https://www.hybridcalisthenics.com/sliding-onearm-pushups	9	\N	\N
1529	None	https://www.youtube.com/watch?v=y3ndxjVhlko	746	\N	\N
637	None	https://www.youtube.com/watch?v=-9toG6869YY	261	\N	\N
638	None	https://www.youtube.com/watch?v=2MtAmceBB98	262	\N	\N
1534	EZ Bar | Barbell	https://www.youtube.com/watch?v=E4NQ5DfqwbU	597	\N	\N
641	None	https://www.hybridcalisthenics.com/alternating-leg-raises	14	\N	\N
642	None	https://www.hybridcalisthenics.com/full-leg-raises	15	\N	\N
643	None	https://www.hybridcalisthenics.com/tuck-plow-raises	16	\N	\N
644	None	https://www.hybridcalisthenics.com/plow-raises	17	\N	\N
645	None	https://www.hybridcalisthenics.com/hanging-knee-raises	18	\N	\N
1439	Sand Bell | Medicine Ball | Kettlebell | Plate | Dumbbells	https://www.youtube.com/watch?v=pXcG0IH2Nkg	577	\N	\N
648	None	https://www.hybridcalisthenics.com/toe-to-bars	21	\N	\N
650	None	https://www.hybridcalisthenics.com/oneleg-squats	31	\N	\N
651	None	https://www.youtube.com/watch?v=SKPab2YC8BE	125	\N	\N
652	None	https://www.hybridcalisthenics.com/assisted-squats	23	\N	\N
653	None	https://www.hybridcalisthenics.com/half-squats	24	\N	\N
1497	Dumbbells | Kettlebells	\N	445	\N	\N
1544	None	https://www.youtube.com/watch?v=IuwhGXTc2f0	753	\N	\N
1043	EZ Bar	https://www.youtube.com/watch?v=4re6CJ0XNF8	226	\N	\N
634	None	https://www.hybridcalisthenics.com/onearm-pushups	10	\N	\N
1112	Medicine Ball | Slam Ball	https://www.youtube.com/watch?v=ZlrvmNflFJw	494	\N	\N
659	None	https://www.youtube.com/watch?v=rr6eFNNDQdU	233	\N	\N
660	None	https://www.hybridcalisthenics.com/wall-pullups	33	\N	\N
121	Flat Bench | Stairs | Chair | High Box	\N	125	Can also use a chair or couch which everybody has at home	\N
1053	None	https://www.youtube.com/watch?v=84Xh1PoQvlA	451	\N	\N
1062	None	https://www.youtube.com/watch?v=K3T7mTy2ZJ4	460	\N	\N
1123	None	https://www.youtube.com/watch?v=OyDRyX8ltvc	503	\N	\N
608	None	https://www.hybridcalisthenics.com/one-leg-chair-squats	29	\N	\N
1413	None	https://www.youtube.com/watch?v=b6k1BQvcKIE	666	\N	\N
1423	None	https://www.youtube.com/watch?v=OI9GqVuhaO0	676	\N	\N
1440	Medicine Ball | Stability Ball	https://www.youtube.com/watch?v=wdhgkET8F9w	689	\N	\N
1441	None	https://www.youtube.com/watch?v=4UkmlkOA4I0	689	\N	\N
1402	Kettlebell | Dumbbells	https://www.youtube.com/watch?v=WtqAD5-Re18	655	\N	\N
1454	Barbell	https://www.youtube.com/watch?v=55o-CHIn3kI	571	\N	\N
1095	None	https://www.youtube.com/watch?v=nczH_7m1TnI	484	\N	\N
1096	Barbell	https://www.youtube.com/watch?v=XzD1_jz0si4	484	Too dangerous, no way to bail the weight	\N
1478	Bands	https://www.youtube.com/watch?v=Z61gRtApY3I	715	\N	\N
1479	None	https://www.youtube.com/watch?v=efKorH8yzn4	716	\N	\N
1003	Dumbbell | Kettlebell	https://www.youtube.com/watch?v=9ZknEYboBOQ	133	\N	126
1498	Bands	https://www.youtube.com/watch?v=Xel2zEdfyhM	725	\N	\N
677	None	https://www.hybridcalisthenics.com/narrow-squats	26	\N	\N
1506	None	https://www.youtube.com/watch?v=A7HH8DivGB0	729	\N	\N
1514	Rings	https://www.youtube.com/watch?v=PQ3Vz8fp73k	110	\N	\N
1460	Dip Bar | Fitness Rings	https://www.youtube.com/watch?v=QuAZknEOxWo	702	\N	\N
687	None	https://www.youtube.com/watch?v=9FGilxCbdz8	207	\N	\N
1368	Dumbbell	https://www.youtube.com/watch?v=uUGDRwge4F8	196	\N	\N
171	Dumbbell | Parraletes	https://www.youtube.com/watch?v=4tygIJHECng	125	\N	\N
1551	None	https://www.youtube.com/watch?v=1VYlOKUdylM	758	\N	\N
1555	None	https://www.youtube.com/watch?v=-qbPrlf1oxE	759	\N	\N
1559	None	https://www.youtube.com/watch?v=MZsbHYDve0Q	763	\N	\N
1563	None	https://www.youtube.com/watch?v=6HYNo1YQsUk	768	\N	\N
1567	None	https://www.youtube.com/watch?v=GiD1HhdbXjs	772	\N	\N
1570	None	https://www.youtube.com/watch?v=eM07lqCSuDk	775	\N	\N
1064	Exercise Ball	https://www.youtube.com/watch?v=h6bGHQR3yDU	461	\N	\N
1546	Dumbbell | Kettlebell	https://www.youtube.com/watch?v=oQxyhAu7Q5M	754	\N	1545
702	None	https://www.youtube.com/watch?v=qeJ3Si5r5y0	249	\N	\N
276	Barbell	https://www.youtube.com/watch?v=ylpfCk3i-0Y	323	\N	\N
918	None	https://www.youtube.com/watch?v=BFtt4tqD4sU	357	\N	\N
1044	Barbell	https://www.youtube.com/watch?v=91BDzkXfl3Q	226	\N	\N
1372	Dumbbells | Kettlebells	https://www.youtube.com/watch?v=IhZLB48kluc	560	\N	\N
711	None	https://www.hybridcalisthenics.com/incline-bridges	46	\N	\N
712	None	https://www.hybridcalisthenics.com/head-bridges	47	\N	\N
713	None	https://www.hybridcalisthenics.com/full-bridges	48	\N	\N
714	None	https://www.hybridcalisthenics.com/bridges	49	\N	\N
715	None	https://www.hybridcalisthenics.com/tap-bridges	50	\N	\N
716	None	https://www.hybridcalisthenics.com/wallwalking-bridges	51	\N	\N
717	None	https://www.hybridcalisthenics.com/standtostand-bridges	52	\N	\N
718	None	https://www.hybridcalisthenics.com/straight-leg-twists	53	\N	\N
719	None	https://www.hybridcalisthenics.com/bent-leg-twists	54	\N	\N
720	None	https://www.hybridcalisthenics.com/full-twists	55	\N	\N
1463	Pullup Bar | Fitness Rings	https://www.youtube.com/watch?v=pE8PJsWEV7k	707	\N	\N
722	None	https://www.hybridcalisthenics.com/full-elbow-lever	61	\N	\N
723	None	https://www.youtube.com/watch?v=PBHUfBzxczU	63	\N	\N
1136	Dumbbells | Kettlebells	https://www.youtube.com/watch?v=FQKfr1YDhEk	130	\N	\N
725	None	https://www.youtube.com/watch?v=i7zIMuHRDjM	65	\N	\N
1002	Barbell	https://www.youtube.com/watch?v=860722r7v2E	133	\N	126
258	Jump Rope	https://www.youtube.com/watch?v=82jNjDS19lg	91	\N	\N
250	Medicine Ball	https://www.youtube.com/watch?v=orPv4L77rZQ	6	\N	\N
731	None	https://www.youtube.com/watch?v=DfjpR6dzLVg	78	\N	\N
1026	Track | Field | Treadmill	https://www.youtube.com/watch?v=k2L97eKS5qk	430	\N	\N
1286	Dumbbells	https://www.youtube.com/watch?v=T0eXGAYl6xg	601	\N	\N
734	None	https://www.youtube.com/watch?v=Jvj2wV0vOYU	81	\N	\N
1115	High Box	https://www.youtube.com/watch?v=3mMAsNwQOfk	496	\N	\N
700	None	https://www.youtube.com/watch?v=L8fvypPrzzs	247	\N	\N
738	None	https://www.youtube.com/watch?v=nMp3MlTz9fA	85	\N	\N
739	None	https://www.youtube.com/watch?v=ayQoxw8sRTk	86	\N	\N
685	None	https://www.youtube.com/watch?v=0UIS7TDHMQU	205	\N	\N
741	None	https://www.youtube.com/watch?v=kLh-uczlPLg	89	\N	\N
212	Dumbbell	https://www.youtube.com/watch?v=eozdVDA78K0	521	\N	211
1114	Medicine Ball  | Slam Ball	https://www.youtube.com/watch?v=-aRVt2QfFrk	495	\N	\N
1030	Dumbbells | Kettlebells	https://www.youtube.com/watch?v=APSe8CwxIfE	431	\N	1029
1375	None	https://www.youtube.com/watch?v=DOwKwxjGvbM	442	\N	\N
940	None	https://www.youtube.com/watch?v=I-eY06IDLmM	376	\N	\N
1378	None	https://www.youtube.com/watch?v=lklYw2IJWig	639	\N	\N
1382	Kettlebell | Dumbbell	https://www.youtube.com/watch?v=Adp4EV4OaDM	643	\N	\N
1383	None	https://www.youtube.com/watch?v=Adp4EV4OaDM	643	\N	\N
1054	None	https://www.youtube.com/watch?v=i3sWGOZ0-DQ	452	\N	\N
703	None	https://www.youtube.com/watch?v=vvZHaPGOIWU	250	\N	\N
1388	None	https://www.youtube.com/watch?v=rYtV-hNCvFA	646	\N	\N
1124	None	https://www.youtube.com/watch?v=cIqzwOUilR4	504	\N	\N
902	None	https://www.youtube.com/watch?v=wkD8rjkodUI	172	\N	\N
1403	None	https://www.youtube.com/watch?v=bxO4MK8YDWE	656	\N	\N
749	None	https://www.youtube.com/watch?v=6Qz_t5X6j48	97	\N	\N
1414	None	https://www.youtube.com/watch?v=JOLHu9rI2vY	667	\N	\N
751	None	https://www.youtube.com/watch?v=B296mZDhrP4	106	\N	\N
752	None	https://www.youtube.com/watch?v=pSHjTRCQxIw	107	\N	\N
1424	None	https://www.youtube.com/watch?v=U2oimBogB4k	677	\N	\N
1425	None	https://www.youtube.com/watch?v=1o7awuDGzag	678	\N	\N
1442	None	https://www.youtube.com/watch?v=ly5DZSbXH2s	690	\N	\N
758	None	https://www.youtube.com/watch?v=krrxMqVQPCU	110	\N	\N
1464	None	https://www.youtube.com/watch?v=LvW1tOPwTBM	706	\N	\N
1465	Bands	https://www.youtube.com/watch?v=Cf1r8jdoOTk	705	\N	\N
1480	Kettlebell	https://www.youtube.com/watch?v=sAtZ4yAsQnI	717	\N	\N
1481	Dumbbell	https://www.youtube.com/watch?v=naMjFXp1MWI	717	\N	\N
1482	Dumbbell	https://www.youtube.com/watch?v=rC56fB6jPQM	718	\N	\N
1045	Dumbbell	https://www.youtube.com/watch?v=Mk5dUWaZVGk	442	\N	\N
768	None	https://www.youtube.com/watch?v=HJpcvnQrPY4	119	\N	\N
1483	Kettlebell	https://www.youtube.com/watch?v=yK-s3HEe3A0	718	\N	\N
770	None	https://www.youtube.com/watch?v=auBLPXO8Fww	93	\N	\N
1499	None	https://www.youtube.com/watch?v=Yzz7LnCY8Pc	726	\N	\N
1507	None	https://www.youtube.com/watch?v=V1YjtN8gLJs	730	\N	\N
1151	Ankle Weights | Mini Resitance Band	https://www.youtube.com/watch?v=2Hq3ieGH-_0	516	\N	\N
1098	Ankle Weights	https://www.youtube.com/watch?v=3YcYZvnAYz4	486	\N	\N
1524	None	https://www.youtube.com/watch?v=XI_WUHS2ooo	681	\N	\N
247	Fitness Rings	https://www.youtube.com/watch?v=kbPOFMH-Ivk	89	\N	\N
779	None	https://www.youtube.com/watch?v=BlCbtK9NFRs	144	\N	\N
797	None	https://www.youtube.com/watch?v=BBUEzjlwM1o	152	\N	\N
781	None	https://www.youtube.com/watch?v=R1Y_E10zfYA	146	\N	\N
784	None	https://www.youtube.com/watch?v=_NNnowkcIqU	72	\N	\N
786	None	https://www.youtube.com/watch?v=ZNAxdJ6Bt00	160	\N	\N
787	None	https://www.youtube.com/watch?v=uUEKLhpJd1Q	161	\N	\N
1455	Dumbbell | Kettlebell	https://www.youtube.com/watch?v=2GQI2mNoN2E	570	\N	\N
899	Flat Bench | Exercise Ball	https://www.youtube.com/watch?v=SEdqd1n0cvg	339	\N	\N
1435	Kettlebell | Dumbbells | Sandbells | Plates | Medicine Ball	https://www.youtube.com/watch?v=yUiZpr9ngIA	685	\N	\N
791	None	https://www.youtube.com/watch?v=ZE6loKl2tww	170	\N	\N
796	None	https://www.youtube.com/watch?v=RWk6Sz4St4E	150	\N	\N
798	None	https://www.youtube.com/watch?v=OgkpItr9DOY	184	\N	\N
799	None	https://www.youtube.com/watch?v=E4iuGtYV_KU	156	\N	\N
800	None	https://www.youtube.com/watch?v=Ev7_iSi8hS4	126	\N	\N
801	None	https://www.youtube.com/watch?v=g7nVDNHc0e0	127	\N	\N
806	None	https://www.youtube.com/watch?v=-cdph8hv0O0	98	\N	\N
807	None	https://www.youtube.com/watch?v=8922-DbpYIU	158	\N	\N
808	None	https://www.youtube.com/watch?v=Ick1_EOA5cQ	154	\N	\N
564	None	https://www.youtube.com/watch?v=kjlfpqXnyL8	321	\N	\N
1201	Pullup Bar | Fitness Rings	https://www.hybridcalisthenics.com/one-hand-pullups	547	\N	\N
1077	Resistance Band	https://www.youtube.com/watch?v=gclNWZ_CO0Y	471	\N	\N
920	None	https://www.youtube.com/watch?v=O8bgSmN_r0Y	359	\N	\N
1541	Weighted Vest | Dip Belt	\N	56	\N	889
1547	None	https://www.youtube.com/watch?v=gj-QWNeCIng	755	\N	\N
1548	Dumbbell | Kettlebell	https://www.youtube.com/watch?v=gj-QWNeCIng	755	\N	\N
1376	None	https://www.youtube.com/watch?v=LTlV-HA6Qt0	637	\N	\N
1556	None	https://www.youtube.com/watch?v=CPbp3o6jD7s	760	\N	\N
1560	None	https://www.youtube.com/watch?v=zaongQlYTto	764	\N	\N
825	None	https://www.youtube.com/watch?v=91s-u0HnRQo	265	\N	\N
1564	None	https://www.youtube.com/watch?v=UjHTOW9x3WM	769	\N	\N
833	None	https://www.youtube.com/watch?v=aOpoqD15TLQ	273	\N	\N
803	None	https://www.youtube.com/watch?v=2C-uNgKwPLE	116	\N	\N
761	None	https://www.youtube.com/watch?v=gwWv7aPcD88	113	\N	\N
1055	None	https://www.youtube.com/watch?v=gEvCKTpIh88	453	\N	\N
1097	None	https://www.youtube.com/watch?v=3YcYZvnAYz4	486	\N	\N
826	None	https://www.youtube.com/watch?v=ZZkgopVBPMg	266	\N	\N
1379	None	https://www.youtube.com/watch?v=hrw6dIlLu0Y	640	\N	\N
905	None	https://www.youtube.com/watch?v=3KKVWOATE-Q	343	\N	\N
802	None	https://www.youtube.com/watch?v=xst2FFsIa74	157	\N	\N
904	Flat Bench | High Box | Exercise Ball	\N	343	Can also use a couch, which everybody has	\N
782	None	\N	182	\N	\N
827	None	https://www.youtube.com/watch?v=dur4sgCZ70o	267	\N	\N
1384	Kettlebell | Dumbbell	https://www.youtube.com/watch?v=dB8NDBaQ_Dw	644	\N	\N
1385	None	https://www.youtube.com/watch?v=dB8NDBaQ_Dw	644	\N	\N
1389	None	https://www.youtube.com/watch?v=RR5xJ1mXEV4	647	\N	\N
1404	None	https://www.youtube.com/watch?v=giGl3EpvP68	658	\N	\N
1405	None	https://www.youtube.com/watch?v=Z64GBfDWtgI	657	\N	\N
1415	None	https://www.youtube.com/watch?v=Btd_dHxL9EQ	668	\N	\N
141	Barbell	https://www.youtube.com/watch?v=3UWi44yN-wM	314	\N	\N
840	None	https://www.youtube.com/watch?v=NOb7EW_q_yg	276	\N	\N
1029	Low Box	https://www.youtube.com/watch?v=GXH1Rpv5sDw	431	\N	\N
248	Fitness Rings	https://www.youtube.com/watch?v=Uo-1sdKf9Jw	119	\N	\N
846	None	https://www.youtube.com/watch?v=W5KVx0ZbB_4	284	\N	\N
847	None	https://www.youtube.com/watch?v=LGLIyrfTiUc	285	\N	\N
1247	None	https://www.youtube.com/watch?v=NXr4Fw8q60o	580	\N	\N
1426	Barbell	https://www.youtube.com/watch?v=j46r9lWAPxE	679	\N	\N
194	Flat Bench	\N	226	You can do this on the floor.	\N
852	None	https://www.youtube.com/watch?v=8vtA2nnxoEI	289	\N	\N
1427	Dumbbells | Kettlebells	https://www.youtube.com/watch?v=93jCohkGzJQ	679	\N	\N
854	None	https://www.youtube.com/watch?v=Vf22xvQMCmc	291	\N	\N
856	None	https://www.youtube.com/watch?v=JDcdhTuycOI	293	\N	\N
143	High Box	https://www.youtube.com/watch?v=NBY9-kTuHEk	177	\N	\N
1487	Barbell	https://www.youtube.com/watch?v=r8vi2RqW5qg	720	\N	\N
173	Medicine Ball	https://www.youtube.com/watch?v=7MY2agzydDw	205	\N	\N
860	None	https://www.youtube.com/watch?v=vtuxuqexjmI	297	\N	\N
1275	Bands	\N	595	\N	\N
863	None	https://www.youtube.com/watch?v=z4J188sFD4g	301	\N	\N
1456	Barbell	https://www.youtube.com/watch?v=mjwkcWDDjPA	220	\N	\N
867	None	https://www.youtube.com/watch?v=lD9ZDwlHmmE	283	\N	\N
190	Plate	https://www.youtube.com/watch?v=e8my9OOCXVo	220	\N	\N
1466	Bands	https://www.youtube.com/watch?v=VjswZDuZ89Y	435	\N	\N
1484	Dumbbell	https://www.youtube.com/watch?v=o4max7K84vw	719	\N	\N
1485	Kettlebell	https://www.youtube.com/watch?v=aXwilZfmDyo	719	\N	\N
1486	Barbell	https://www.youtube.com/watch?v=KjGvwQl8tis	719	\N	\N
1488	Kettlebell	https://www.youtube.com/watch?v=5Fx69TRWARc	720	\N	\N
1489	Dumbbell	https://www.youtube.com/watch?v=2YedyLmkDRE	720	\N	\N
227	Low Box | Flat Bench	https://www.youtube.com/watch?v=cvhbznhHxS8	245	\N	\N
124	Dumbbell | Kettlebell	https://www.youtube.com/watch?v=lJ3QwaXNJfw	131	\N	\N
1508	Pullup Bar | Fitness Rings	https://www.youtube.com/watch?v=sRshX8wYOOI	731	\N	\N
1500	None	https://www.youtube.com/watch?v=IAvAmciUoC4	701	\N	\N
1516	None	https://www.youtube.com/watch?v=b66GQ4-O8_8	736	\N	\N
1525	None	https://www.youtube.com/watch?v=a-KqiYR7CZc	680	\N	\N
1531	Bands	https://www.youtube.com/watch?v=hlSFgUuy25Y	195	\N	\N
1535	Stability Ball	https://www.youtube.com/watch?v=UrzUSf_W3cg	682	\N	\N
841	None	https://www.youtube.com/watch?v=tNVNSpA_Xkg	277	\N	\N
211	Flat Bench	\N	521	\N	\N
855	None	https://www.youtube.com/watch?v=UU7wrD2T1kc	292	\N	\N
157	Flat Bench	\N	196	\N	\N
1443	None	https://www.youtube.com/watch?v=tbh0qyLJRaI	691	\N	\N
1661	Plates	\N	839	\N	\N
1079	Resistance Bands	https://www.youtube.com/watch?v=TVTP8Q1T3K8	472	\N	\N
156	Barbell	https://www.youtube.com/watch?v=rT7DgCr-3pg	196	\N	157
202	Barbell	https://www.youtube.com/watch?v=sxeY7kMYhLc	221	\N	\N
191	Plate	https://www.youtube.com/watch?v=hikbChhbeLI	221	\N	\N
123	Barbell	https://www.youtube.com/watch?v=JCXUYuzwNrM	130	\N	\N
155	Flat Bench | Chair | High Box | Low Box | Exercise Ball	\N	127	Can also use a chair or couch which everybody has at home	\N
154	Flat Bench | Chair | High Box | Low Box | Exercise Ball	\N	126	Can also use a chair or couch which everybody has at home	\N
188	Flat Bench	\N	219	\N	\N
1047	None	https://www.youtube.com/watch?v=wiFNA3sqjCA	443	\N	\N
1056	None	https://www.youtube.com/watch?v=iHjaVJih6ak	454	\N	\N
204	Flat Bench	\N	229	\N	\N
1144	None	https://www.youtube.com/watch?v=Z1hBVYb3Gi0	514	\N	\N
1175	None	https://www.youtube.com/watch?v=N1XZj7xs-kI	531	\N	\N
1181	None	https://www.youtube.com/watch?v=4JuKZA2jT6Y	537	\N	\N
922	None	https://www.youtube.com/watch?v=S7OsUg7sV5M	361	\N	\N
220	Barbell	https://www.youtube.com/watch?v=didEQUuieRQ	239	\N	\N
145	Barbell	https://www.youtube.com/watch?v=aTSjww7jcTY	182	\N	\N
1223	Resistance Bands	https://www.youtube.com/watch?v=pXS-fSPWpk8	80	\N	\N
1241	None	https://www.youtube.com/watch?v=Edw8Ur8DNiU	577	\N	\N
177	Barbell	https://www.youtube.com/watch?v=LY1V6UbRHFM	80	\N	\N
1189	None	https://www.youtube.com/watch?v=pNismoYr1Fg	544	\N	\N
1190	Ankle Weights | Mini Resistance Bands	https://www.youtube.com/watch?v=pNismoYr1Fg	544	\N	\N
1234	Bands	https://www.youtube.com/watch?v=obM6SBVa-MU	131	\N	\N
1139	Barbell	https://www.youtube.com/watch?v=r4MzxtBKyNE	131	\N	\N
1252	None	https://www.youtube.com/watch?v=oyXoWU8j310	585	\N	\N
1259	Rings	https://www.youtube.com/watch?v=oGZpNnBEt6Q	82	\N	\N
1265	Bands	https://www.youtube.com/watch?v=Yi_zNoIsNcc	82	\N	\N
223	Barbell	https://www.youtube.com/watch?v=2yjwXTZQDDI	240	\N	\N
1160	Fitness Rings | Suspension Training Bands	https://www.youtube.com/watch?v=VeiB4nfSpeQ	521	\N	\N
1358	Bands	https://www.youtube.com/watch?v=yVcEkvgymt8	521	\N	\N
1162	Fitness Rings | Suspension Training Bands	https://www.youtube.com/watch?v=eCu-wLNpdkk	522	\N	\N
1373	Weighted Vest | Dip Belt	https://www.youtube.com/watch?v=b-ztMQpj8yc	546	\N	\N
225	Barbell	https://www.youtube.com/watch?v=vtPgvobdWBI	113	\N	\N
1406	None	https://www.youtube.com/watch?v=t4Zz6-aG8Iw	659	\N	\N
1361	None	https://www.youtube.com/watch?v=4i53Hkh1rdY	570	\N	\N
1362	None	https://www.youtube.com/watch?v=74cvWvL_Jv0	571	\N	\N
1364	Bands	https://www.youtube.com/watch?v=5bAV_E59xhU	166	\N	\N
264	Dumbbells | Kettlebells | Weighted Vest	https://www.youtube.com/watch?v=D7KaRcUTQeE	307	\N	\N
1279	Dumbbells	https://www.youtube.com/watch?v=FK4rHfWKEac	597	\N	\N
1102	None	https://www.youtube.com/watch?v=rDqYtzYE-n8	489	\N	\N
1348	Bands	https://www.youtube.com/watch?v=QhH783fGtfc	572	\N	\N
1365	Bands	https://www.youtube.com/watch?v=H0rlb8_G4F4	565	\N	\N
1298	Bands	https://www.youtube.com/watch?v=Ef7YyS5qoPY	606	\N	\N
1219	Dumbbells	https://www.youtube.com/watch?v=zZX5AGyg3VQ	195	\N	111
242	Fitness Rings	https://www.youtube.com/watch?v=_Iev7PLP6QY	193	\N	\N
880	Flat Bench | High Box | Fitness Rings	https://www.youtube.com/watch?v=c3ZGl4pAwZ4	334	\N	\N
1371	None	https://www.youtube.com/watch?v=m-GMCHG3YlU	183	\N	\N
612	None	https://www.youtube.com/watch?v=hlth_Of9LEc	328	\N	\N
1377	None	https://www.youtube.com/watch?v=LCLfv60R9XA	638	\N	\N
1380	None	https://www.youtube.com/watch?v=3vV1abRARmI	642	\N	\N
1381	None	https://www.youtube.com/watch?v=_Kq-2NsocyQ	641	\N	\N
1386	Kettlebell | Dumbbell	https://www.youtube.com/watch?v=LdePxGTLLUQ	645	\N	\N
1387	None	https://www.youtube.com/watch?v=LdePxGTLLUQ	645	\N	\N
1416	Dumbbell	https://www.youtube.com/watch?v=Lv77TE13slE	669	\N	\N
1428	Dumbbells | Kettlebells	https://www.youtube.com/watch?v=3rtUK_jUv4s	680	\N	\N
1391	None	https://www.youtube.com/watch?v=yxcJvVvyi1o	649	\N	\N
1429	Dumbbells | Kettlebells	https://www.youtube.com/watch?v=wjYNzITBDqg	681	\N	\N
1444	Dumbbells | Kettlebells	https://www.youtube.com/watch?v=r1Aej0sfoKY	692	\N	\N
1445	Dumbbells | Kettlebells	https://www.youtube.com/watch?v=DrcFCCtHsvE	693	\N	\N
1457	Dumbbells	https://www.youtube.com/watch?v=IB3rU0RIpAE	220	\N	\N
1094	Resistance Band	https://www.youtube.com/watch?v=jFyAjdK5SbE	484	We're just using good mornings as an unweighted warmup	\N
1467	Bands	https://www.youtube.com/watch?v=jdLV7JuTCOY	436	\N	\N
1575	Dumbbells | Kettlebell	https://www.youtube.com/watch?v=-koP10y1qZI	776	\N	1574
1490	None	https://www.youtube.com/watch?v=tVEt10lp7HI	721	\N	\N
1501	None	https://www.youtube.com/watch?v=8h0tSMxLNG4	399	\N	\N
967	Malleable Ball	https://www.youtube.com/watch?v=8h0tSMxLNG4	399	Disabled Malleable Ball	\N
1509	None	https://www.youtube.com/watch?v=YOeLWvnN6KI	732	\N	\N
1154	Ankle Weights | Mini Resistance Bands	https://www.youtube.com/watch?v=8kr91qSn3OM	518	\N	\N
990	Resistance Bands	https://www.youtube.com/watch?v=3OYSIWaJJk4	522	\N	\N
228	Barbell	https://www.youtube.com/watch?v=pR6yH5p913I	245	\N	227
1517	Dumbbells | Kettlebells	https://www.youtube.com/watch?v=CNMgU5e95hQ	733	\N	\N
1526	Bands	https://www.youtube.com/watch?v=whSXi-EXbqI	743	\N	\N
1532	None	https://www.youtube.com/watch?v=B-xS8BjJJe0	747	\N	\N
1366	Dumbbells | Kettlebells	https://www.youtube.com/watch?v=cJRVVxmytaM	603	\N	\N
1536	Bands	https://www.youtube.com/watch?v=jt7_lWitVUo	682	\N	\N
1542	Weighted Vest | Dip Belt	\N	702	\N	1460
1549	None	https://www.youtube.com/watch?v=hUFE3sZytGo	756	\N	\N
1553	Pullup Bar | Fitness Rings	https://www.hybridcalisthenics.com/advanced-horizontal-pullups	35	\N	\N
1557	None	https://www.youtube.com/watch?v=NfVX3yUKORA	761	\N	\N
1561	None	https://www.youtube.com/watch?v=Z3xK3trnpfw	766	\N	\N
1565	None	https://www.youtube.com/watch?v=ja2eab4sWlM	770	\N	\N
1568	None	https://www.youtube.com/watch?v=VrenTA2IFjI	773	\N	\N
1571	Dumbbell	https://www.youtube.com/watch?v=1u5ZDhtYC8s	129	\N	\N
1572	Barbell	https://www.youtube.com/watch?v=GNY0RKIvkH0	129	\N	\N
1576	None	https://www.youtube.com/watch?v=rI_AyQsLUNs	778	\N	\N
1577	None	https://www.youtube.com/watch?v=csErxVR7dpA	779	\N	\N
1579	None	https://www.youtube.com/watch?v=rMEPHwNhQfo	780	\N	\N
1580	Barbell	\N	780	\N	\N
1581	None	https://www.youtube.com/watch?v=1jflO_tZg_M	781	\N	\N
1582	None	https://www.youtube.com/watch?v=UxofWGGhWTI	782	\N	\N
1583	None	https://www.youtube.com/watch?v=ZW8KJdEYpbs	783	\N	\N
1584	None	https://www.youtube.com/watch?v=CWS240CGV00	784	\N	\N
1585	None	https://www.youtube.com/watch?v=kbdjnPwCCD0	785	\N	\N
1001	Low Box | Stairs | Plate	https://www.youtube.com/watch?v=gWzF68nOEaw	249	Just keeping this as a Reverse Lunge	\N
1587	High Box	https://www.youtube.com/watch?v=IUJnZTs1rKw	786	\N	\N
1588	Exercise Ball	https://www.youtube.com/watch?v=PbCgRWzQPc8	788	\N	\N
1103	Resistance Bands | Dumbbells	https://www.youtube.com/watch?v=1br9pHPutEw	489	This is a Wrist Curl	\N
1374	None	https://www.youtube.com/watch?v=1MgFup8A_0c	636	\N	\N
1398	Dumbbells | Kettlebell	https://www.youtube.com/watch?v=H75im9fAUMc	776	\N	1397
1589	None	https://www.youtube.com/watch?v=QY4gCIYbGQk	789	\N	\N
1590	None	https://www.youtube.com/watch?v=lYj6WB3Hyes	790	\N	\N
1637	None	https://www.youtube.com/watch?v=kIdXpbiuv4E	817	\N	\N
221	Dumbbell	https://www.youtube.com/watch?v=OOe_HrNnQWw	240	\N	\N
1594	None	https://www.youtube.com/watch?v=54q250IUEAc	788	\N	\N
1218	Barbell	https://www.youtube.com/watch?v=amCU-ziHITM	560	\N	\N
1513	Kettlebells	https://www.youtube.com/watch?v=_VMfDJmuw40	560	Combining this with Dumbells, you want to use two kettlebells to keep the hands shoulder-width apart. I can't find a video using kettlebells though.	\N
1595	None	https://www.youtube.com/watch?v=9i0J_I4ASow	793	\N	\N
1596	Dumbbells | Kettlebell	https://www.youtube.com/watch?v=OJQQVp73lnQ	776	\N	\N
1597	Kettlebell | Dumbbell	https://www.youtube.com/watch?v=WNKiVHo6sUU	756	\N	\N
1126	Plates	https://www.youtube.com/watch?v=VOGCA67oOEQ	498	\N	\N
1591	Kettlebell	https://www.youtube.com/watch?v=W3g6tg_EH-o	498	\N	\N
1599	Ankle Weights	https://www.youtube.com/watch?v=qsDiUSMk3vw	538	\N	\N
1600	Ankle Weights	https://www.youtube.com/watch?v=9i0J_I4ASow	793	\N	\N
1638	None	https://www.youtube.com/watch?v=kkt_f-NvlNE	818	\N	\N
1602	Resistance Band	\N	600	\N	\N
1639	None	https://www.youtube.com/watch?v=pgAd7fVWjCQ	819	\N	\N
1605	Dummbells	https://www.youtube.com/watch?v=9XVf_yGLXNk	595	\N	\N
1607	None	https://www.youtube.com/watch?v=zKZOVD30vKo	794	\N	\N
1608	None	https://www.youtube.com/watch?v=hxC3chvqnv0	795	\N	\N
1609	None	https://www.youtube.com/watch?v=i1FPheYZpPs	424	\N	\N
1610	None	https://www.youtube.com/watch?v=BEzBhpXDkLE	430	\N	\N
1640	None	https://www.youtube.com/watch?v=UqnCCmzMpdE	820	\N	\N
1612	None	https://www.youtube.com/watch?v=zw5Y3Em5_0Q	798	\N	\N
1615	Bands	https://www.youtube.com/watch?v=X5iIUqd_U7k	799	\N	\N
1611	None	https://www.youtube.com/watch?v=X5iIUqd_U7k	799	\N	\N
1616	None	https://www.youtube.com/watch?v=OjLc1b4-kZo	796	This is fast feet.	\N
1613	None	https://www.youtube.com/watch?v=OjLc1b4-kZo	797	\N	\N
1617	None	https://www.youtube.com/shorts/YlGxadOe0ek	800	\N	\N
1641	None	https://www.youtube.com/watch?v=CcvAr4JYo0U	821	\N	\N
1618	Stability Ball | Fitness Rings	https://www.youtube.com/watch?v=eFcjeQ9tuEQ	801	\N	\N
1619	None	https://www.youtube.com/watch?v=SW_C1A-rejs&t=74s	802	\N	\N
1620	None	https://www.youtube.com/watch?v=SJ1Xuz9D-ZQ	803	\N	\N
1622	None	https://www.youtube.com/watch?v=FlWTMfgB0Hk	805	\N	\N
1624	None	https://www.youtube.com/watch?v=londo9WE0yU	807	\N	\N
1625	None	https://www.youtube.com/watch?v=BEzBhpXDkLE	808	\N	\N
1621	None	https://www.youtube.com/watch?v=7iXpLxKs1sY	804	\N	\N
1627	Bands	https://www.youtube.com/watch?v=a2k082aPBSQ	575	\N	\N
1628	None	https://www.youtube.com/watch?v=4BNnqZ2gd9k	810	\N	\N
1629	None	https://www.youtube.com/watch?v=DExb7UaAlbg	811	\N	\N
1630	None	https://www.youtube.com/watch?v=SmExpR-ilaA	812	\N	\N
1631	None	https://www.youtube.com/watch?v=SgolPMO0HdE	813	\N	\N
1633	Bands	https://www.youtube.com/watch?v=5rR_bzBc1NA	814	\N	1632
1632	Pullup Bar | Fitness Rings	\N	814	\N	\N
1634	Pullup Bar | Fitness Rings	\N	815	\N	\N
1635	Bands	https://www.youtube.com/watch?v=MajmFI5KpUM	815	\N	1634
1636	None	https://www.youtube.com/watch?v=F9ur8BkHtks	816	\N	\N
1642	None	https://www.youtube.com/watch?v=UsO66ZUvzb0	822	\N	\N
1643	None	https://www.youtube.com/watch?v=c_4Y0I8vgzY	823	\N	\N
1644	None	https://www.youtube.com/watch?v=39MhCZuYdk4	824	\N	\N
1645	None	https://www.youtube.com/watch?v=RlKS_n8thAk	825	\N	\N
1646	None	https://www.youtube.com/watch?v=VUiFlZ2FsKA	826	\N	\N
1606	Plates | Medicine Ball | Slam Ball	https://www.youtube.com/watch?v=1_r-jPvEVoc	317	\N	\N
1647	None	https://www.youtube.com/watch?v=IV9w7gwhxN8	827	\N	\N
1648	None	https://www.youtube.com/watch?v=ASNK54226ts	828	\N	\N
1649	Dumbbells | Kettlebells	https://www.youtube.com/watch?v=55o-CHIn3kI	571	\N	\N
1651	None	https://www.youtube.com/shorts/1mmmPWBShSA	830	\N	\N
1652	None	https://www.youtube.com/shorts/1mmmPWBShSA	831	\N	\N
1655	None	https://www.youtube.com/watch?v=EL4WX_ulKrc	834	\N	\N
1653	None	https://www.youtube.com/watch?v=96SKsv89_bk	832	\N	\N
1650	None	https://www.youtube.com/watch?v=6RJBDHNS7RI	829	\N	\N
1654	None	https://www.youtube.com/watch?v=pVmOOluGAv8	833	\N	\N
1730	Dumbbells | Plates	https://www.youtube.com/watch?v=Mooao_wZHv4	894	\N	1729
1729	Flat Bench | Incline Bench	\N	894	\N	\N
1604	None	https://www.youtube.com/watch?v=MYBrjpGMb-w	600	Better with equipment. If the user cannot do this without equipment they should be in physical therapy.	\N
1657	Bands	https://www.youtube.com/watch?v=Xw7IDn8k-pA	836	\N	\N
1658	Bands	https://www.youtube.com/watch?v=lpAFBp4GIVI	838	\N	\N
1659	Bands	https://www.youtube.com/watch?v=gGctlSdI8tw	837	\N	\N
1660	Bands	https://www.youtube.com/watch?v=63Y149oKYrA	839	\N	1661
1662	None	https://www.youtube.com/watch?v=cZ3UBTEBd9A	840	\N	\N
1663	Bar	\N	841	\N	\N
1664	Bands	https://www.youtube.com/watch?v=qUzqwzTWLoc	841	\N	1663
1665	None	https://www.youtube.com/watch?v=84xXsLH21Cw	842	\N	\N
1666	Bands	https://www.youtube.com/watch?v=1bRd85urBqc	679	\N	\N
1592	None	https://www.youtube.com/watch?v=vWsyqTHoBQY	792	\N	\N
1667	Barbell	https://www.youtube.com/watch?v=4QoBQlZswBg	513	\N	\N
1668	Bands	https://www.youtube.com/watch?v=5_87DdGDw7g	513	\N	\N
1669	None	https://www.youtube.com/watch?v=ve2QtmRD5U4	679	\N	\N
1670	None	https://www.youtube.com/watch?v=TYzHvpqEs6s	130	\N	\N
1593	None	https://www.youtube.com/watch?v=xK2hMDPYiNw	791	\N	\N
1671	Pullup Bar | Fitness Rings	https://www.hybridcalisthenics.com/narrow-pullups	843	\N	\N
1672	Pullup Bar | Fitness Rings	https://www.hybridcalisthenics.com/narrow-pullups	844	\N	\N
1673	None	https://www.youtube.com/watch?v=5CAF3huUKG8	845	\N	\N
1074	None	https://www.youtube.com/watch?v=v5bPOsQbq7g	470	Weighted exercises such as the lateral raise should not have an unweighted instruction. \n        The unweighted instruction is too easy for people who are strength training and don't have any of the exercise's equipment. \n        If the user is too injured to be able to do the recovery exercise with weights, then they should be in physical therapy.	\N
1674	Bands	https://www.youtube.com/watch?v=gjGovy6NUqA	581	\N	\N
1675	Kettlebell	https://www.youtube.com/watch?v=EpvfySmuEGs	847	\N	\N
1676	Stability Ball	https://www.youtube.com/watch?v=YGqr6rLaBdM	625	\N	\N
1677	None	https://www.youtube.com/watch?v=4kaFiGewP08	848	\N	\N
1678	None	https://www.youtube.com/watch?v=Td06VNk15yI	849	\N	\N
1679	None	https://www.youtube.com/watch?v=LM8tAla03us	850	\N	\N
1680	None	https://www.youtube.com/watch?v=_PeTt3o1P6Q	851	\N	\N
1681	None	https://www.youtube.com/watch?v=sXz0OCjO3p4	852	\N	\N
1684	None	https://www.youtube.com/watch?v=N0gBlRy5j0k	855	\N	\N
1685	None	https://www.youtube.com/watch?v=tUdN0g2wugM	856	\N	\N
1686	None	https://www.youtube.com/watch?v=G8zNa2lR0KM	857	\N	\N
1687	None	https://www.youtube.com/watch?v=TXNgRNsqcPo	858	\N	\N
1688	None	https://www.youtube.com/watch?v=YqcJu6QuHQc	859	\N	\N
1689	None	https://www.youtube.com/watch?v=01b17_CpyIU	860	\N	\N
1690	None	https://www.youtube.com/watch?v=VrRQ2FboE50	861	\N	\N
1691	None	https://www.youtube.com/watch?v=cqZUJP9KNuc	862	\N	\N
1692	None	https://www.youtube.com/watch?v=8K0ghCn8O_E	863	\N	\N
1693	None	https://www.youtube.com/watch?v=wIJzVgTTVew	864	\N	\N
1694	None	https://www.youtube.com/watch?v=_MzGWgX3DOw	865	\N	\N
1695	None	https://www.youtube.com/watch?v=_MzGWgX3DOw	866	\N	\N
1696	None	https://www.youtube.com/watch?v=0Bx_r81zl2k	867	\N	\N
1697	None	https://www.youtube.com/watch?v=6P263Jp5sXk	868	\N	\N
1698	None	https://www.youtube.com/watch?v=NfLuZsGOtas	869	\N	\N
1699	None	https://www.youtube.com/watch?v=ncQ0wd4QGTg	870	\N	\N
1700	None	https://www.youtube.com/watch?v=INtjr2jjtmU	871	\N	\N
1701	None	https://www.youtube.com/watch?v=NzvlDwSteZc	872	\N	\N
1682	None	https://www.youtube.com/watch?v=I3nzkQTLWkE	853	\N	\N
1702	None	https://www.youtube.com/watch?v=0LamiLdn1V0	873	\N	\N
1703	None	https://www.youtube.com/watch?v=l5nMszaaJ28	874	\N	\N
1683	None	https://www.youtube.com/watch?v=PGAntbDQ6Xg	854	\N	\N
1225	Fitness Rings | TRX	https://www.youtube.com/watch?v=6AOo5BtcqO4	80	\N	\N
1706	None	https://www.youtube.com/watch?v=uFcyCj2-Cdk	876	\N	\N
1707	None	https://www.youtube.com/watch?v=BLafvgOeELQ	877	\N	\N
1708	None	https://www.youtube.com/watch?v=j423eDJ5mQg	878	\N	\N
1709	None	https://www.youtube.com/watch?v=iPlNl2wY3ro	879	\N	\N
1710	None	https://www.youtube.com/watch?v=HwAkRrqbXo8	880	\N	\N
1711	None	https://www.youtube.com/watch?v=Gf4zDlIXxBg	881	\N	\N
1712	None	https://www.youtube.com/watch?v=DKW4P6RkJps	882	\N	\N
1713	None	https://www.youtube.com/watch?v=QRIKGOUJILs	883	\N	\N
1714	None	https://www.youtube.com/watch?v=NYhH8Gr35cI	884	\N	\N
1715	None	https://www.youtube.com/watch?v=rlAjIXb-8BM	885	\N	\N
1716	None	https://www.youtube.com/watch?v=6dUCEwQLixU	886	\N	\N
1717	None	https://www.youtube.com/watch?v=2L6OLqqw3SI	887	\N	\N
1718	None	https://www.youtube.com/watch?v=Fadu_1dGVbE	473	\N	\N
1719	Bands	https://www.youtube.com/watch?v=ak-LQboTk24	889	\N	\N
1720	Bands	https://www.youtube.com/watch?v=9bdOZ-1usoM	888	\N	\N
1721	None	https://www.youtube.com/watch?v=3d2S7a3D9YY	891	\N	\N
1722	Bands	https://www.youtube.com/watch?v=9bdOZ-1usoM	311	Moved to Ankle Planter Flexion	\N
1723	Dumbbells	https://www.youtube.com/watch?v=xHu_b5PgHKM	259	\N	\N
1724	Dumbbells	https://www.youtube.com/watch?v=b65s5BtdOEc	605	\N	\N
1614	Low Box | Medicine Ball | Slam Ball	https://www.youtube.com/watch?v=TvppoqEGlD8	796	\N	\N
1705	Bands	https://www.youtube.com/watch?v=xJiyXM5EW8c	875	\N	1704
1316	Dumbbells	https://www.youtube.com/watch?v=UIKCQ8rpwg8	616	This instruction isn't exactly a copenhagen plank.	\N
1725	None	https://www.youtube.com/watch?v=_VXhLwE_FJI	892	\N	\N
1726	Bands	https://www.youtube.com/watch?v=I3b8FyV9vZQ	597	\N	\N
1704	Anchor	\N	875	Found a video explaining how to do this at home.	\N
1727	None	https://www.youtube.com/watch?v=6z7Fl98jGAQ	875	\N	\N
1728	None	https://www.youtube.com/watch?v=xJiyXM5EW8c	444	\N	\N
1336	Anchor	https://www.youtube.com/watch?v=ygdv2gZiT6Y	444	Found a video that explains how to do this at home.	\N
848	None	https://www.youtube.com/watch?v=sTHqKEj6YwE	286	\N	\N
1731	Dumbbells | Plates	https://www.youtube.com/watch?v=cIoUZOnypS8	893	\N	\N
1733	Flat Bench | Incline Bench	https://www.youtube.com/watch?v=3d9_W--eUcI	895	\N	\N
1732	Mini Bands	https://www.youtube.com/watch?v=3d9_W--eUcI	895	\N	1733
1734	Stability Ball	https://www.youtube.com/watch?v=Uk7bQVw4ggY	895	\N	\N
1340	Flat Bench	https://www.youtube.com/watch?v=81riMKjNBuA	625	\N	\N
1735	Incline Bench	https://www.youtube.com/watch?v=TL3oQn7YsJg	625	\N	\N
133	Kettlebell	https://www.youtube.com/watch?v=Buz6gaVzVZs	138	\N	\N
1736	Bands	https://www.youtube.com/watch?v=-yf6BI9d4Us	896	\N	\N
1737	None	https://www.youtube.com/watch?v=9svtEV4vkp0	897	\N	\N
1738	Bands	https://www.youtube.com/watch?v=rzgR6DKkc2w	113	\N	\N
1739	None	https://www.youtube.com/watch?v=1MgFup8A_0c	898	\N	\N
1740	Dumbbells | Kettlebells	\N	898	\N	\N
1741	Barbell	\N	898	\N	\N
1742	None	https://www.youtube.com/watch?v=LFv4Gp_QDAg	899	\N	\N
1743	Bands	https://www.youtube.com/watch?v=F9I16nVwo4o	900	\N	\N
1744	Dumbbells	https://www.youtube.com/watch?v=4qMoh3-3EpY	901	\N	\N
1545	Low Box | Flat Bench	https://www.youtube.com/watch?v=oQxyhAu7Q5M	754	\N	\N
1745	None	https://www.youtube.com/watch?v=w8_8VCwTFV4	902	\N	\N
1746	None	https://www.youtube.com/watch?v=9SXQKvdXm9g	903	\N	\N
1747	None	https://www.youtube.com/watch?v=dVDMUuWtX00	904	\N	\N
1748	None	https://www.youtube.com/watch?v=7C8uoq98x2A	905	\N	\N
1749	None	https://www.youtube.com/watch?v=YMLytmxNcZs	906	\N	\N
1750	None	https://www.youtube.com/watch?v=4_OFxSHtzUo	907	\N	\N
1751	None	https://www.youtube.com/watch?v=yc7Nn-iu3C8	908	\N	\N
1752	None	https://www.youtube.com/watch?v=K8ESIJoqSUA	909	\N	\N
1753	None	https://www.youtube.com/watch?v=9ffu6kLp5Eo	910	\N	\N
\.


--
-- Data for Name: instruction_equipment; Type: TABLE DATA; Schema: public; Owner: doadmin
--

COPY public.instruction_equipment ("InstructionsId", "EquipmentId") FROM stdin;
1393	2
1394	5
1394	1
1402	5
1418	18
100	9
100	8
101	9
101	8
103	9
103	8
104	9
104	8
1426	2
106	9
106	8
108	9
108	8
1435	5
1437	6
1438	6
111	20
1433	6
1402	1
114	9
114	8
115	2
1449	7
1456	2
1459	1
1463	9
1463	8
121	11
121	18
121	20
121	19
1467	6
1281	1
123	2
124	1
1494	9
126	11
126	18
126	20
126	19
1502	5
1502	1
1332	9
128	5
1504	2
129	5
1512	5
1512	1
1513	5
1518	5
1518	1
1519	5
1519	1
1531	6
1534	31
133	5
1535	7
128	1
171	14
1548	5
1548	1
1553	9
1553	8
1554	6
1574	20
1578	17
1578	1
1580	2
141	2
1591	5
143	18
1372	5
145	2
146	1
147	1
1103	1
1606	3
1606	17
152	1
1614	3
1627	6
1634	9
1634	8
154	21
154	18
154	20
154	7
154	11
155	21
155	18
155	20
155	7
155	11
156	2
157	20
1635	6
1657	6
1661	17
1666	6
1114	4
163	1
1112	4
171	1
173	3
174	1
177	2
188	20
189	1
190	17
191	17
192	1
193	1
194	20
201	1
202	2
203	1
204	20
211	20
212	1
220	2
221	1
223	2
225	2
226	1
227	21
228	2
230	5
230	1
232	5
232	1
233	5
233	1
234	17
234	5
235	2
237	2
238	2
240	2
242	9
243	9
244	9
245	6
246	6
247	9
248	9
249	9
250	3
251	2
253	1
254	5
254	17
254	3
1395	6
256	1
1400	1
1411	26
1419	6
258	13
259	16
259	15
260	9
260	8
261	2
1427	5
262	3
264	1
264	5
264	15
265	1
265	5
1427	1
267	1
267	5
1432	7
269	2
270	1
1439	5
1444	5
272	23
272	24
1444	1
274	5
274	1
1445	5
1445	1
1454	2
276	2
1457	1
277	2
277	1
1140	5
1465	6
1469	26
1469	22
1471	26
1471	22
1480	5
1481	1
1482	1
282	21
282	20
282	18
282	11
282	7
1483	5
1484	1
1485	5
1486	2
1487	2
1488	5
1489	1
1496	9
280	17
280	2
280	1
793	3
793	17
1496	8
1495	9
1495	8
1327	26
124	5
1439	17
1439	1
1505	2
1435	1
1435	3
1435	4
1435	17
884	5
884	17
884	3
884	1
888	1
889	10
889	9
1514	9
1528	5
1528	1
1526	6
1534	2
1536	6
1541	16
1541	15
893	20
893	18
893	11
893	9
899	7
899	20
1543	33
1397	12
1571	1
1572	2
1575	5
900	2
904	7
904	20
904	18
903	2
934	1
934	5
1575	1
1398	5
1587	18
1596	5
1596	1
955	1
963	20
963	11
967	25
1599	22
976	15
977	21
977	17
977	19
978	15
979	17
979	21
979	19
1600	22
1602	6
1614	21
1618	7
1632	9
1632	8
1649	5
1649	1
986	1
987	2
989	1
1658	6
1663	8
990	6
999	5
998	2
999	1
1001	21
1001	19
1001	17
1002	2
1003	1
1003	5
1667	2
1671	9
1671	8
1674	6
1021	29
1021	28
1020	29
1020	28
1019	29
1019	28
1019	30
1021	30
1026	30
1026	29
1026	28
1030	1
1029	21
1042	22
1043	31
1044	2
1045	1
1064	7
1071	6
1075	6
1077	6
1079	6
1081	26
1087	22
1094	6
1096	2
1098	22
1103	6
1106	3
1106	4
1108	3
1108	4
1110	4
1110	3
1112	3
1114	3
1115	18
1117	21
1126	17
1128	1
1128	17
1130	18
1136	1
1138	5
1139	2
1140	1
1143	1
1146	3
1148	22
1151	22
1154	22
1160	27
1162	27
1160	9
1162	9
1164	1
1163	20
1166	12
1167	1
1187	26
1190	26
1190	22
1398	1
1197	9
1199	9
1199	8
1201	9
1201	8
1203	9
1203	8
1211	9
1211	8
1197	8
1195	9
1195	8
1396	5
1214	6
1215	6
1216	6
1218	2
1219	1
1220	6
1222	6
1221	1
1223	6
1225	9
1226	6
1396	1
1231	6
1233	6
1234	6
1236	6
1238	17
1238	1
1239	17
1239	1
1244	6
1246	6
1248	1
1256	1
1417	18
1259	9
1262	9
1261	1
1264	6
1265	6
1420	26
1268	2
1272	1
1275	6
1279	1
1281	2
1286	1
1428	5
1290	6
1291	9
1293	9
1294	2
1295	6
1298	6
1300	8
1300	9
1301	2
1304	1
1306	9
1306	8
1311	6
1428	1
1314	2
1316	1
1321	6
1324	6
1325	9
1327	6
1329	6
1332	8
1334	9
1336	32
1337	32
226	5
1340	20
1342	6
1344	6
1346	6
1348	6
1349	1
1334	10
1350	6
1352	1
1356	5
1356	1
1357	2
1358	6
1364	6
1365	6
1154	26
1148	26
1151	26
1366	1
1368	1
880	20
880	18
880	9
1143	5
1136	5
1372	1
1243	8
1030	5
1373	15
1373	16
1382	5
1382	1
1384	5
1384	1
1386	5
1386	1
1429	5
1429	1
1440	7
1440	3
1446	5
1446	1
1447	5
1447	1
1448	5
1448	1
1455	1
1458	25
1460	10
1460	9
1466	6
1478	6
1477	5
1477	1
1493	2
1492	5
1492	1
1497	5
1497	1
1498	6
1503	6
1439	3
1439	4
1508	8
1508	9
1311	22
1517	5
1517	1
1455	5
1366	5
1537	5
1537	1
1537	17
1537	4
1537	3
1542	16
1542	15
1545	21
1546	5
1546	1
108	27
1573	1
1588	7
1597	5
1597	1
1605	1
1615	6
1618	9
1633	6
1659	6
1660	6
1664	6
1668	6
1672	9
1672	8
1675	5
1676	7
1705	6
1704	32
1225	27
1719	6
1720	6
1722	6
1723	1
1724	1
1614	4
1726	6
1729	20
1729	12
1730	17
1730	1
1731	17
1731	1
1733	20
1733	12
1732	26
1734	7
1735	12
1606	4
1736	6
1146	4
227	20
1738	6
129	1
270	5
1741	2
1740	5
1740	1
1743	6
1744	1
1545	20
\.


--
-- Data for Name: instruction_location; Type: TABLE DATA; Schema: public; Owner: doadmin
--

COPY public.instruction_location ("Location", "InstructionId", "Link") FROM stdin;
1	128	https://www.youtube.com/watch?v=BQFAYMlhQms
2	128	https://www.youtube.com/watch?v=9QAnqXGsyyo
3	987	https://www.youtube.com/watch?v=dE00f1zYnis
2	987	https://www.youtube.com/watch?v=3YduT91V898
1	232	https://www.youtube.com/watch?v=CeKu0fh1kk8
2	232	https://www.youtube.com/watch?v=Mog2evZymVE
3	238	https://www.youtube.com/watch?v=r1jukGZPnZI
2	238	https://www.youtube.com/watch?v=t2aTPR9gjkg
3	998	https://www.youtube.com/watch?v=BhTQjfTXSW0
2	998	https://www.youtube.com/watch?v=MnloAvfiN80
3	237	https://www.youtube.com/watch?v=n8q1hQMw4xE&t=92s
2	237	https://www.youtube.com/watch?v=Vlgh0ImT5oU
1	233	https://www.youtube.com/watch?v=jfQCcFm7SyA
2	233	https://www.youtube.com/watch?v=2d0r0PqpXtY
1	999	https://www.youtube.com/watch?v=S8UKm6oHGis
2	999	https://www.youtube.com/watch?v=VIMbpSJ-cQY
1	1497	https://www.youtube.com/watch?v=1v9rrOULVT8
4	269	https://www.youtube.com/watch?v=pn8mqlG0nkE
3	269	https://www.youtube.com/watch?v=ultWZbUMPL8
2	269	https://www.youtube.com/watch?v=uYumuL_G_V0
1	1492	https://www.youtube.com/watch?v=cVYnf2CFO9M
2	1492	https://www.youtube.com/watch?v=a9NpF5eVjgY
3	1493	https://www.youtube.com/watch?v=msvF1e9w2aQ
3	1580	https://www.youtube.com/watch?v=rMEPHwNhQfo
2	1578	https://www.youtube.com/watch?v=Pk17wYyx0h8
1	270	https://www.youtube.com/watch?v=kYsve71SYQ0
2	270	https://www.youtube.com/watch?v=MJao9o7ROs0
7	1602	https://www.youtube.com/watch?v=Y5mx9js7BlA
7	1281	https://www.youtube.com/watch?v=qMtmHwaCmYI
8	1281	https://www.youtube.com/watch?v=FW7URAaC-vE
8	1602	https://www.youtube.com/watch?v=V_hB6gVx154
10	1275	https://www.youtube.com/watch?v=5udUcINEMS4
9	1275	https://www.youtube.com/watch?v=w8AgmGRfcEA
5	129	https://www.youtube.com/watch?v=6DMXBtF_Spg
1	129	https://www.youtube.com/watch?v=HLDhxSqMQyE
2	129	https://www.youtube.com/watch?v=MqmaVyaAFRI
5	270	https://www.youtube.com/watch?v=MeIiIdhvXT4
5	1492	https://www.youtube.com/watch?v=vVAOT8MdmPs
3	1741	https://www.youtube.com/watch?v=msvF1e9w2aQ
1	1740	https://www.youtube.com/watch?v=cVYnf2CFO9M
2	1740	https://www.youtube.com/watch?v=a9NpF5eVjgY
5	1740	https://www.youtube.com/watch?v=vVAOT8MdmPs
\.


--
-- Data for Name: intensity; Type: TABLE DATA; Schema: public; Owner: doadmin
--

COPY public.intensity ("Id", "Proficiency_MinSecs", "Proficiency_MinReps", "Proficiency_MaxReps", "Proficiency_Sets", "IntensityLevel", "VariationId", "DisabledReason", "Proficiency_MaxSecs") FROM stdin;
2078	\N	15	20	1	3	502	\N	\N
2088	\N	15	20	1	3	504	\N	\N
103	\N	12	15	1	0	52	\N	\N
106	\N	12	15	1	0	48	\N	\N
2622	\N	12	15	2	0	651	\N	\N
4130	\N	12	15	3	2	472	\N	\N
33	\N	12	15	1	0	49	\N	\N
2623	\N	8	12	3	1	651	\N	\N
2624	\N	6	8	4	2	651	\N	\N
105	\N	12	15	1	0	50	\N	\N
3516	\N	12	15	2	0	811	\N	\N
104	\N	12	15	1	0	51	\N	\N
4131	\N	8	12	3	1	472	\N	\N
4132	\N	6	8	3	0	472	\N	\N
4133	\N	15	20	3	3	472	\N	\N
3517	\N	8	12	3	1	811	\N	\N
127	\N	12	15	2	0	220	\N	\N
4195	30	\N	\N	1	5	867	\N	30
4196	30	\N	\N	2	4	867	\N	30
4197	30	\N	\N	1	6	867	\N	30
125	\N	12	15	2	0	209	\N	\N
3260	1	10	10	1	5	751	\N	1
4243	30	\N	\N	\N	5	878	\N	60
4244	30	\N	\N	\N	6	878	\N	60
94	\N	12	15	2	0	45	\N	\N
120	\N	12	15	2	0	170	\N	\N
2713	3	3	5	1	5	660	\N	3
15	\N	12	15	2	0	306	\N	\N
3160	3	3	5	1	6	660	\N	3
2766	\N	6	8	4	2	682	\N	\N
2767	\N	8	12	3	1	682	\N	\N
4323	\N	12	15	2	0	894	\N	\N
2768	\N	12	15	2	0	682	\N	\N
4324	\N	8	12	3	1	894	\N	\N
4325	\N	6	8	4	2	894	\N	\N
4326	\N	15	20	1	3	894	\N	\N
4137	\N	12	15	2	0	471	\N	\N
4135	\N	6	8	4	2	471	\N	\N
23	\N	12	15	2	0	240	\N	\N
4134	\N	15	20	1	3	471	\N	\N
4352	\N	12	15	2	0	898	\N	\N
4353	\N	8	12	3	1	898	\N	\N
4354	\N	6	8	4	2	898	\N	\N
4355	\N	10	10	1	5	898	\N	\N
4356	\N	15	20	1	3	898	\N	\N
2769	\N	10	10	1	5	682	\N	\N
4357	\N	10	10	1	6	898	\N	\N
3518	\N	6	8	4	2	811	\N	\N
3519	\N	15	20	1	3	811	\N	\N
2045	\N	12	15	2	0	495	\N	\N
22	\N	12	15	2	0	239	\N	\N
54	\N	12	15	2	0	205	\N	\N
2960	\N	12	15	2	0	725	\N	\N
2961	\N	8	12	3	1	725	\N	\N
2046	\N	8	12	3	1	495	\N	\N
2962	\N	6	8	4	2	725	\N	\N
152	\N	8	12	2	0	307	\N	\N
18	\N	12	15	2	0	4	\N	\N
2047	\N	6	8	4	2	495	\N	\N
3238	\N	12	15	2	0	743	\N	\N
21	\N	12	15	2	0	14	\N	\N
3239	\N	8	12	3	1	743	\N	\N
3240	\N	6	8	4	2	743	\N	\N
1955	\N	8	12	1	5	476	\N	\N
4136	\N	8	12	3	1	471	\N	\N
1956	\N	8	12	3	4	476	\N	\N
167	\N	12	15	1	0	47	\N	\N
2671	\N	15	20	1	3	550	\N	\N
2784	\N	12	15	1	5	685	\N	\N
279	\N	12	15	2	0	21	\N	\N
283	\N	12	15	2	0	18	\N	\N
1851	\N	10	10	1	5	443	\N	\N
284	\N	12	15	2	0	17	\N	\N
289	\N	12	15	2	0	16	\N	\N
2718	30	\N	\N	1	5	665	\N	30
2214	30	\N	\N	2	5	531	\N	30
67	3	12	15	2	0	26	\N	3
1993	1500	\N	\N	1	5	425	Don't show as a warmup	1500
36	30	\N	\N	1	0	61	\N	30
81	60	\N	\N	2	0	63	\N	60
11	1	12	15	2	0	250	\N	1
168	\N	12	15	2	0	308	\N	\N
302	\N	12	15	2	0	233	\N	\N
288	\N	12	15	2	0	15	\N	\N
222	\N	12	15	2	0	12	\N	\N
1689	15	\N	\N	1	5	346	\N	30
179	\N	12	15	2	0	131	\N	\N
213	15	\N	\N	4	0	346	\N	30
265	\N	10	10	3	0	353	\N	\N
2781	\N	6	8	4	2	685	\N	\N
2782	\N	8	12	3	1	685	\N	\N
2783	\N	12	15	2	0	685	\N	\N
2786	\N	6	8	4	2	686	\N	\N
2787	\N	8	12	3	1	686	\N	\N
277	\N	12	15	2	0	8	\N	\N
298	\N	12	15	2	0	35	\N	\N
3570	1	12	15	2	0	823	\N	1
297	\N	12	15	2	0	36	\N	\N
3571	1	8	12	3	1	823	\N	1
299	\N	12	15	2	0	33	\N	\N
2215	\N	12	15	2	0	532	\N	\N
2216	\N	8	12	3	1	532	\N	\N
3573	1	6	8	4	2	823	\N	1
3572	1	15	20	1	3	823	\N	1
303	\N	12	15	2	0	34	\N	\N
4201	60	\N	\N	4	2	869	\N	60
4202	60	\N	\N	3	1	869	\N	60
4203	60	\N	\N	2	0	869	\N	60
4204	90	\N	\N	3	3	869	\N	90
4205	60	\N	\N	1	5	869	\N	60
169	\N	12	15	2	0	46	\N	\N
278	\N	12	15	2	0	7	\N	\N
4206	60	\N	\N	1	6	869	\N	60
4199	30	\N	\N	\N	4	868	\N	60
4198	30	\N	\N	\N	5	868	\N	60
290	\N	12	15	2	0	10	\N	\N
276	\N	12	15	2	0	9	\N	\N
4200	30	\N	\N	\N	6	868	\N	60
287	\N	12	15	2	0	6	\N	\N
285	\N	12	15	2	0	2	\N	\N
4245	3	10	10	\N	5	879	\N	3
4246	10	6	6	\N	6	879	\N	10
205	\N	12	15	2	0	276	\N	\N
1958	\N	10	10	1	5	478	\N	\N
206	\N	12	15	2	0	277	\N	\N
1957	\N	20	20	1	4	478	\N	\N
291	\N	12	15	2	0	219	\N	\N
4327	1	15	20	3	3	714	\N	4
2218	\N	15	20	1	3	532	\N	\N
2894	1	12	15	2	0	714	\N	2
1930	\N	8	8	3	4	464	\N	\N
2895	1	8	12	3	1	714	\N	3
418	\N	8	12	2	1	49	\N	\N
2896	1	6	8	4	2	714	\N	4
237	1	12	15	2	0	113	\N	1
2964	\N	10	10	1	5	647	\N	\N
1931	\N	8	8	1	5	464	\N	\N
933	\N	6	8	4	2	172	\N	\N
921	1	6	8	4	2	249	\N	1
4358	\N	12	15	2	0	899	\N	\N
4359	\N	8	12	3	1	899	\N	\N
4360	\N	6	8	4	2	899	\N	\N
920	\N	6	8	4	2	247	\N	\N
4361	\N	10	10	1	5	899	\N	\N
4362	\N	15	20	1	3	899	\N	\N
4363	\N	10	10	1	6	899	\N	\N
324	\N	12	15	4	0	183	\N	\N
2789	\N	12	15	1	5	686	\N	\N
899	\N	6	8	4	2	195	\N	\N
2219	\N	12	15	1	5	532	\N	\N
859	\N	6	8	4	2	196	\N	\N
855	\N	6	8	4	2	166	\N	\N
2217	\N	6	8	4	2	532	\N	\N
842	\N	6	8	4	2	245	\N	\N
2788	\N	12	15	2	0	686	\N	\N
841	\N	6	8	4	2	81	\N	\N
329	\N	12	15	2	0	39	\N	\N
398	\N	8	12	3	1	133	\N	\N
2703	\N	15	20	1	3	559	\N	\N
400	\N	8	12	3	1	306	\N	\N
328	\N	12	15	2	0	38	\N	\N
331	\N	12	15	2	0	41	\N	\N
3243	30	\N	\N	1	5	737	\N	30
215	30	\N	\N	2	0	324	\N	30
3244	30	\N	\N	1	6	738	\N	30
2101	30	\N	\N	3	1	506	\N	30
260	3	12	15	2	0	30	\N	3
261	3	12	15	2	0	29	\N	3
262	3	12	15	2	0	28	\N	3
3245	30	\N	\N	1	5	738	\N	30
2258	24	\N	\N	1	3	540	\N	24
1687	1	10	10	1	5	390	\N	1
2239	3	6	8	1	5	536	\N	3
196	1	12	15	2	0	317	\N	1
1938	\N	12	15	1	5	467	\N	\N
949	\N	6	8	4	2	131	\N	\N
408	\N	8	12	3	1	240	\N	\N
2724	\N	15	20	1	3	668	\N	\N
598	20	\N	\N	3	1	346	\N	40
597	1	8	12	3	1	129	\N	1
982	1	6	8	4	2	129	\N	1
406	\N	8	12	3	1	14	\N	\N
4213	30	\N	\N	1	5	871	\N	30
4214	30	\N	\N	2	4	871	\N	30
4215	30	\N	\N	1	6	871	\N	30
439	\N	8	12	3	1	205	\N	\N
4216	30	\N	\N	\N	5	872	\N	60
4217	30	\N	\N	\N	4	872	\N	60
4218	30	\N	\N	\N	6	872	\N	60
4247	30	\N	\N	\N	5	880	\N	60
4248	30	\N	\N	\N	6	880	\N	60
4249	30	\N	\N	\N	0	881	\N	60
4250	30	\N	\N	\N	1	881	\N	60
4251	30	\N	\N	\N	2	881	\N	60
4252	30	\N	\N	\N	3	881	\N	60
4253	30	\N	\N	\N	5	881	\N	60
4254	30	\N	\N	\N	6	881	\N	60
4255	30	\N	\N	\N	5	882	\N	60
4256	30	\N	\N	\N	6	882	\N	60
489	\N	8	12	2	1	51	\N	\N
4257	30	\N	\N	\N	5	883	\N	60
4258	30	\N	\N	\N	6	883	\N	60
554	\N	8	12	3	1	46	\N	\N
488	\N	8	12	2	1	52	\N	\N
479	\N	8	12	3	1	45	\N	\N
3524	\N	12	15	2	0	813	\N	\N
3525	\N	8	12	3	1	813	\N	\N
4212	30	\N	\N	\N	6	870	\N	60
552	\N	8	12	2	1	47	\N	\N
4211	30	\N	\N	\N	5	870	\N	60
4208	30	\N	\N	\N	1	870	\N	60
4207	30	\N	\N	\N	2	870	\N	60
4210	30	\N	\N	\N	3	870	\N	60
2063	\N	10	10	1	5	499	\N	\N
491	\N	8	12	2	1	48	\N	\N
4328	\N	15	20	3	3	473	\N	\N
4329	\N	6	8	4	2	473	\N	\N
490	\N	8	12	2	1	50	\N	\N
4330	\N	8	12	3	1	473	\N	\N
4331	\N	12	15	2	0	473	\N	\N
4332	\N	10	10	3	4	581	\N	\N
1840	\N	12	15	1	5	400	\N	\N
4364	\N	6	8	4	2	900	\N	\N
4365	\N	8	12	3	1	900	\N	\N
4366	\N	12	15	2	0	900	\N	\N
4367	\N	15	20	1	3	900	\N	\N
564	\N	8	12	3	1	131	\N	\N
607	\N	8	12	3	1	12	\N	\N
470	\N	8	12	3	1	166	\N	\N
3526	\N	6	8	4	2	813	\N	\N
791	\N	6	8	4	2	14	\N	\N
3527	\N	15	20	1	3	813	\N	\N
487	\N	8	12	3	1	42	\N	\N
505	\N	8	12	3	1	170	\N	\N
553	\N	8	12	3	1	308	\N	\N
2007	\N	12	15	2	0	486	\N	\N
2008	\N	8	12	3	1	486	\N	\N
2009	\N	6	8	4	2	486	\N	\N
3348	\N	12	15	2	0	776	\N	\N
3349	\N	8	12	3	1	776	\N	\N
3350	\N	6	8	4	2	776	\N	\N
555	\N	8	12	3	1	1	\N	\N
3522	3	6	8	4	2	812	\N	3
1677	30	\N	\N	\N	5	404	\N	60
359	30	\N	\N	2	0	301	\N	30
1880	30	\N	\N	3	1	452	\N	30
1881	30	\N	\N	4	2	452	\N	30
431	30	\N	\N	3	1	97	\N	30
1979	\N	15	20	1	3	484	\N	\N
1539	\N	15	20	1	3	226	\N	\N
3351	\N	15	20	1	3	776	\N	\N
664	\N	8	12	3	1	21	\N	\N
668	\N	8	12	3	1	18	\N	\N
669	\N	8	12	3	1	17	\N	\N
674	\N	8	12	3	1	16	\N	\N
4138	30	\N	\N	\N	5	848	\N	60
673	\N	8	12	3	1	15	\N	\N
4139	30	\N	\N	\N	4	848	\N	60
1552	\N	15	20	2	4	12	\N	\N
1554	\N	15	20	2	4	15	\N	\N
650	\N	4	4	3	1	353	\N	\N
4140	30	\N	\N	\N	6	848	\N	60
4219	30	\N	\N	\N	6	575	\N	60
3352	\N	12	15	2	0	777	\N	\N
2069	\N	15	20	2	4	500	\N	\N
3353	\N	8	12	3	1	777	\N	\N
2068	\N	10	10	1	5	500	\N	\N
621	\N	8	12	3	1	373	\N	\N
4259	30	\N	\N	\N	4	884	\N	60
4260	30	\N	\N	\N	5	884	\N	60
620	\N	8	12	3	1	392	\N	\N
4261	30	\N	\N	\N	6	884	\N	60
4220	\N	10	10	1	5	575	\N	\N
1964	\N	10	10	3	4	480	\N	\N
3354	\N	6	8	4	2	777	\N	\N
2027	\N	15	20	3	4	490	\N	\N
1963	\N	10	10	1	5	480	\N	\N
4333	\N	12	15	2	0	895	\N	\N
2028	\N	12	15	1	5	490	\N	\N
4334	\N	8	12	3	1	895	\N	\N
4335	\N	6	8	4	2	895	\N	\N
4336	\N	15	20	1	3	895	\N	\N
1753	\N	12	15	2	0	431	\N	\N
1695	\N	12	15	1	5	392	\N	\N
1754	\N	8	12	3	1	431	\N	\N
1755	\N	6	8	4	2	431	\N	\N
1712	1	10	10	1	5	399	\N	1
727	1	8	12	3	1	399	\N	1
1757	\N	10	10	3	4	431	\N	\N
622	1	8	12	3	1	113	\N	1
3355	\N	15	20	1	3	777	\N	\N
4368	30	\N	\N	2	0	901	\N	30
4369	30	\N	\N	3	1	901	\N	30
4370	30	\N	\N	4	2	901	\N	30
709	\N	8	12	3	1	183	\N	\N
4371	30	\N	\N	3	3	901	\N	30
4372	30	\N	\N	1	5	901	\N	30
4373	30	\N	\N	1	6	901	\N	30
683	\N	8	12	3	1	35	\N	\N
682	\N	8	12	3	1	36	\N	\N
684	\N	8	12	3	1	33	\N	\N
688	\N	8	12	3	1	34	\N	\N
713	\N	8	12	3	1	38	\N	\N
714	\N	8	12	3	1	39	\N	\N
3528	\N	12	15	2	0	814	\N	\N
685	\N	8	12	3	1	125	\N	\N
663	\N	8	12	3	1	7	\N	\N
672	\N	8	12	3	1	6	\N	\N
687	\N	8	12	3	1	233	\N	\N
670	\N	8	12	3	1	2	\N	\N
716	\N	8	12	3	1	41	\N	\N
676	\N	8	12	3	1	219	\N	\N
3529	\N	8	12	3	1	814	\N	\N
3530	\N	6	8	4	2	814	\N	\N
3531	\N	15	20	1	3	814	\N	\N
2136	\N	12	15	2	0	513	\N	\N
2137	\N	8	12	3	1	513	\N	\N
2138	\N	6	8	4	2	513	\N	\N
872	\N	6	8	4	2	42	\N	\N
890	\N	6	8	4	2	170	\N	\N
876	\N	6	8	3	2	48	\N	\N
2328	\N	12	15	2	0	565	\N	\N
2326	\N	6	8	4	2	565	\N	\N
824	\N	6	8	4	2	205	\N	\N
803	\N	6	8	3	2	49	\N	\N
2327	\N	8	12	3	1	565	\N	\N
875	\N	6	8	3	2	50	\N	\N
585	3	8	12	3	1	390	\N	3
3627	3	10	10	1	6	834	\N	3
518	3	8	12	3	1	182	\N	3
3364	6	15	20	1	3	780	\N	6
581	1	8	12	3	1	317	\N	1
3423	60	\N	\N	2	0	794	\N	60
634	3	8	12	3	1	337	\N	3
1748	30	\N	\N	2	5	93	\N	30
3424	60	\N	\N	3	1	794	\N	60
3425	60	\N	\N	4	2	794	\N	60
628	60	\N	\N	3	1	76	\N	60
874	\N	6	8	3	2	51	\N	\N
873	\N	6	8	3	2	52	\N	\N
2074	\N	10	10	1	5	501	\N	\N
785	\N	6	8	4	2	306	\N	\N
983	30	\N	\N	2	2	346	\N	60
4141	30	\N	\N	\N	5	849	\N	60
4142	30	\N	\N	\N	4	849	\N	60
4143	30	\N	\N	\N	6	849	\N	60
1672	30	\N	\N	\N	5	53	\N	60
1720	30	\N	\N	\N	5	286	\N	60
3098	30	\N	\N	\N	6	286	\N	60
4262	\N	15	20	3	3	478	\N	\N
4263	\N	6	8	4	2	478	\N	\N
864	\N	6	8	4	2	45	\N	\N
895	\N	6	8	4	2	209	\N	\N
4264	\N	8	12	3	1	478	\N	\N
4265	\N	12	15	2	0	478	\N	\N
879	30	\N	\N	2	2	160	\N	60
792	\N	6	8	4	2	239	\N	\N
1379	\N	15	20	1	3	18	\N	\N
897	\N	6	8	4	2	220	\N	\N
3373	3	10	10	\N	5	781	\N	60
3255	20	\N	\N	3	1	748	\N	40
3256	30	\N	\N	2	2	748	\N	60
3258	12	\N	\N	5	3	748	\N	24
818	30	\N	\N	2	2	107	\N	60
1007	1	6	8	4	2	113	\N	1
1352	1	15	20	1	3	113	\N	1
151	1	12	15	2	0	249	\N	1
4374	\N	10	10	3	0	902	\N	\N
4375	\N	4	4	3	1	902	\N	\N
4376	\N	10	10	3	2	902	\N	\N
4377	\N	15	20	1	3	902	\N	\N
4378	\N	10	10	1	5	902	\N	\N
4379	\N	10	10	1	6	902	\N	\N
1386	\N	15	20	1	3	219	\N	\N
1381	\N	15	20	1	3	2	\N	\N
1742	\N	15	20	2	4	392	\N	\N
3532	\N	12	15	2	0	815	\N	\N
3533	\N	8	12	3	1	815	\N	\N
793	\N	6	8	4	2	240	\N	\N
3534	\N	6	8	4	2	815	\N	\N
3535	\N	15	20	1	3	815	\N	\N
1053	\N	6	8	4	2	18	\N	\N
1049	\N	6	8	4	2	21	\N	\N
2179	\N	12	15	2	0	524	\N	\N
937	\N	6	8	3	2	47	\N	\N
939	\N	6	8	4	2	46	\N	\N
1067	\N	6	8	4	2	36	\N	\N
1047	\N	6	8	4	2	8	\N	\N
72	\N	12	15	2	0	245	\N	\N
2180	\N	8	12	3	1	524	\N	\N
70	\N	12	15	2	0	82	\N	\N
13	\N	12	15	2	0	133	\N	\N
1068	\N	6	8	4	2	35	\N	\N
1046	\N	6	8	4	2	9	\N	\N
922	\N	12	12	2	2	307	\N	\N
992	\N	6	8	4	2	12	\N	\N
2757	\N	15	20	1	3	679	\N	\N
1665	30	\N	\N	\N	5	86	\N	60
1668	30	\N	\N	\N	5	401	\N	60
1370	1	12	15	1	3	75	\N	1
1893	30	\N	\N	2	0	455	\N	30
1896	30	\N	\N	4	2	455	\N	30
2044	60	\N	\N	3	3	494	\N	60
901	1	6	8	4	2	321	\N	1
817	60	\N	\N	2	2	106	\N	60
806	30	\N	\N	1	2	61	\N	30
2120	30	\N	\N	2	0	510	\N	30
782	1	6	8	5	2	314	\N	1
878	60	\N	\N	2	2	127	\N	60
1057	\N	6	8	4	2	6	\N	\N
1035	\N	10	10	3	2	353	\N	\N
2181	\N	6	8	4	2	524	\N	\N
1705	15	\N	\N	1	5	428	\N	30
2182	\N	12	15	2	0	523	\N	\N
975	\N	6	8	4	2	276	\N	\N
976	\N	6	8	4	2	277	\N	\N
2183	\N	8	12	3	1	523	\N	\N
2686	\N	15	20	1	3	548	\N	\N
1846	\N	15	20	1	3	442	\N	\N
1249	\N	15	20	1	3	48	\N	\N
2685	\N	15	20	1	3	547	\N	\N
2688	\N	15	20	1	3	622	\N	\N
2729	\N	15	20	1	3	669	\N	\N
2659	\N	15	20	1	3	647	\N	\N
2660	\N	15	20	1	3	624	\N	\N
1048	\N	6	8	4	2	7	\N	\N
2915	\N	15	20	1	3	715	\N	\N
1060	\N	6	8	4	2	10	\N	\N
2664	\N	15	20	1	3	601	\N	\N
1061	\N	6	8	4	2	219	\N	\N
940	\N	6	8	4	2	1	\N	\N
1055	\N	6	8	4	2	2	\N	\N
4144	30	\N	\N	\N	5	850	\N	30
4145	30	\N	\N	\N	4	850	\N	30
4146	30	\N	\N	\N	6	850	\N	30
3206	30	\N	\N	\N	6	732	\N	60
57	\N	12	15	2	0	80	\N	\N
2878	\N	15	20	1	3	705	\N	\N
2725	\N	12	15	1	5	668	\N	\N
1099	\N	6	8	4	2	39	\N	\N
4266	30	\N	\N	4	0	847	\N	30
4267	40	\N	\N	3	1	847	\N	40
2184	\N	6	8	4	2	523	\N	\N
71	\N	12	15	2	0	81	\N	\N
4268	60	\N	\N	2	2	847	\N	60
1069	\N	6	8	4	2	33	\N	\N
4269	24	\N	\N	5	3	847	\N	24
4270	30	\N	\N	4	0	885	\N	30
4271	40	\N	\N	3	1	885	\N	40
4272	60	\N	\N	2	2	885	\N	60
1937	\N	15	20	3	4	467	\N	\N
4273	24	\N	\N	5	3	885	\N	24
1181	1	15	20	1	3	343	\N	1
3377	30	\N	\N	\N	5	783	\N	60
1101	\N	6	8	4	2	41	\N	\N
840	\N	6	8	4	2	82	\N	\N
4337	\N	6	8	4	2	896	\N	\N
4338	\N	8	12	3	1	896	\N	\N
4339	\N	12	15	2	0	896	\N	\N
1073	\N	6	8	4	2	34	\N	\N
835	\N	6	8	4	2	130	\N	\N
4340	\N	15	20	1	3	896	\N	\N
2721	\N	12	15	2	0	668	\N	\N
1561	\N	10	10	3	4	245	\N	\N
2722	\N	8	12	3	1	668	\N	\N
2723	\N	6	8	4	2	668	\N	\N
1112	1	6	8	4	2	399	\N	1
827	\N	6	8	4	2	80	\N	\N
102	\N	12	15	2	0	42	\N	\N
1562	\N	10	10	3	4	133	\N	\N
1098	\N	6	8	4	2	38	\N	\N
537	\N	6	8	2	1	307	\N	\N
512	\N	8	12	3	1	220	\N	\N
2281	\N	6	8	4	2	548	\N	\N
2282	\N	8	12	3	1	548	\N	\N
407	\N	8	12	3	1	239	\N	\N
510	\N	8	12	3	1	209	\N	\N
1094	\N	6	8	2	2	183	\N	\N
2283	\N	12	15	2	0	548	\N	\N
2330	\N	8	12	3	1	567	\N	\N
2284	\N	12	15	2	0	547	\N	\N
783	\N	6	8	4	2	133	\N	\N
3237	\N	15	20	1	3	742	\N	\N
2285	\N	8	12	3	1	547	\N	\N
2329	\N	6	8	4	2	567	\N	\N
3282	\N	15	20	1	3	755	\N	\N
2158	\N	15	20	1	3	518	\N	\N
2874	\N	8	12	1	3	706	\N	\N
1308	\N	15	20	1	3	1	\N	\N
1325	\N	15	20	1	3	10	\N	\N
1307	\N	15	20	1	3	46	\N	\N
2744	\N	15	20	1	3	672	\N	\N
2048	\N	15	20	1	3	495	\N	\N
1486	\N	15	20	1	3	82	\N	\N
1197	60	\N	\N	3	3	61	\N	60
929	1	6	8	4	2	169	\N	1
1030	3	6	8	4	2	30	\N	3
1015	1	6	8	4	2	75	\N	1
971	30	\N	\N	2	2	193	\N	30
2761	1	15	20	1	3	680	\N	1
1031	3	6	8	4	2	29	\N	3
972	30	\N	\N	2	2	192	\N	30
1045	30	\N	\N	2	2	151	\N	30
2765	1	15	20	1	3	681	\N	1
1764	15	\N	\N	4	0	438	\N	15
918	60	\N	\N	2	2	95	\N	60
239	1	12	15	2	0	116	\N	1
137	20	\N	\N	2	0	138	\N	20
3216	5	15	20	1	3	734	\N	5
970	4	6	8	4	2	390	\N	4
961	\N	6	8	4	2	222	\N	\N
2286	\N	6	8	4	2	547	\N	\N
1072	\N	6	8	4	2	233	\N	\N
661	\N	8	12	3	1	9	\N	\N
1070	\N	6	8	4	2	125	\N	\N
1976	\N	12	15	2	0	484	\N	\N
1977	\N	8	12	3	1	484	\N	\N
1978	\N	6	8	4	2	484	\N	\N
2075	\N	12	15	2	0	502	\N	\N
2076	\N	8	12	3	1	502	\N	\N
2077	\N	6	8	4	2	502	\N	\N
1947	\N	8	12	3	4	472	\N	\N
4221	30	\N	\N	\N	4	873	\N	60
1054	\N	6	8	4	2	17	\N	\N
1948	\N	8	12	1	5	472	\N	\N
1059	\N	6	8	4	2	16	\N	\N
1058	\N	6	8	4	2	15	\N	\N
4222	30	\N	\N	\N	5	873	\N	60
1853	\N	8	12	3	1	444	\N	\N
1703	\N	10	10	1	5	353	\N	\N
4223	30	\N	\N	\N	6	873	\N	60
235	\N	12	15	2	0	392	\N	\N
2149	\N	12	15	1	5	515	\N	\N
4148	30	\N	\N	1	4	851	\N	30
4147	30	\N	\N	1	5	851	\N	30
3227	\N	12	15	2	4	739	\N	\N
4149	30	\N	\N	1	6	851	\N	30
4274	30	\N	\N	4	0	886	\N	30
2726	\N	12	15	2	0	669	\N	\N
4275	40	\N	\N	3	1	886	\N	40
2727	\N	8	12	3	1	669	\N	\N
2728	\N	6	8	4	2	669	\N	\N
1905	\N	12	15	1	5	457	\N	\N
4276	60	\N	\N	2	2	886	\N	60
4277	24	\N	\N	5	3	886	\N	24
702	20	\N	\N	3	1	330	\N	40
1473	\N	15	20	1	3	133	\N	\N
1478	\N	15	20	1	3	80	\N	\N
2010	\N	15	20	1	3	486	\N	\N
2645	\N	15	20	1	3	566	\N	\N
2646	\N	15	20	1	3	572	\N	\N
1756	\N	15	20	1	3	431	\N	\N
2923	\N	12	15	2	0	718	\N	\N
2749	\N	15	20	1	3	674	\N	\N
2924	\N	8	12	3	1	718	\N	\N
2925	\N	6	8	4	2	718	\N	\N
2884	\N	15	20	1	3	708	\N	\N
2888	\N	15	20	1	3	709	\N	\N
308	\N	12	15	2	0	229	\N	\N
163	\N	12	15	2	0	172	\N	\N
150	\N	12	15	2	0	247	\N	\N
1791	\N	12	15	2	0	435	\N	\N
1795	\N	12	15	2	0	436	\N	\N
129	\N	12	15	2	0	195	\N	\N
89	\N	12	15	2	0	196	\N	\N
85	\N	12	15	2	0	166	\N	\N
1794	\N	8	12	3	1	436	\N	\N
2927	\N	12	15	2	0	717	\N	\N
1793	\N	6	8	4	2	436	\N	\N
3277	\N	15	20	1	3	754	\N	\N
2928	\N	8	12	3	1	717	\N	\N
2929	\N	6	8	4	2	717	\N	\N
2139	\N	15	20	1	3	513	\N	\N
1852	\N	12	15	2	0	444	\N	\N
1854	\N	6	8	4	2	444	\N	\N
236	\N	12	15	2	0	373	\N	\N
191	\N	12	15	2	0	222	\N	\N
1790	\N	8	12	3	1	435	\N	\N
457	\N	8	12	3	1	245	\N	\N
1789	\N	6	8	4	2	435	\N	\N
65	\N	12	15	2	0	130	\N	\N
1006	\N	6	8	4	2	373	\N	\N
1005	\N	6	8	4	2	392	\N	\N
456	\N	8	12	3	1	81	\N	\N
1078	\N	6	8	4	2	229	\N	\N
1042	\N	6	8	4	2	226	\N	\N
1040	\N	6	8	4	2	221	\N	\N
442	\N	8	12	3	1	80	\N	\N
474	\N	8	12	3	1	196	\N	\N
455	\N	8	12	3	1	82	\N	\N
450	\N	8	12	3	1	130	\N	\N
1845	\N	6	8	4	2	442	\N	\N
1844	\N	8	12	3	1	442	\N	\N
1843	\N	12	15	2	0	442	\N	\N
2170	\N	12	15	2	0	521	\N	\N
2171	\N	8	12	3	1	521	\N	\N
2172	\N	6	8	4	2	521	\N	\N
2931	\N	12	15	2	0	720	\N	\N
1857	\N	12	15	3	4	444	\N	\N
590	\N	8	12	3	1	276	\N	\N
2932	\N	8	12	3	1	720	\N	\N
270	\N	12	15	2	0	221	\N	\N
272	\N	12	15	2	0	226	\N	\N
2079	30	\N	\N	2	5	502	\N	30
2185	30	\N	\N	\N	5	525	\N	60
781	3	6	8	4	2	250	\N	3
2634	3	12	15	2	0	654	\N	3
2635	4	8	12	3	1	654	\N	4
2637	2	12	15	1	5	654	\N	2
2636	5	6	8	4	2	654	\N	5
2639	\N	15	20	1	3	603	\N	\N
1909	\N	10	10	1	5	458	\N	\N
693	\N	8	12	3	1	229	\N	\N
657	\N	8	12	3	1	226	\N	\N
655	\N	8	12	3	1	221	\N	\N
2148	\N	15	20	1	3	515	\N	\N
576	\N	8	12	3	1	222	\N	\N
2933	\N	6	8	4	2	720	\N	\N
548	\N	8	12	3	1	172	\N	\N
535	\N	8	12	3	1	247	\N	\N
514	\N	8	12	3	1	195	\N	\N
3406	30	\N	\N	\N	4	789	\N	60
2501	\N	6	8	4	2	622	\N	\N
662	\N	8	12	3	1	8	\N	\N
3407	30	\N	\N	\N	5	789	\N	60
2935	\N	12	15	2	0	719	\N	\N
4150	30	\N	\N	\N	4	852	\N	60
4151	30	\N	\N	\N	5	852	\N	60
4152	30	\N	\N	\N	6	852	\N	60
4224	30	\N	\N	\N	4	874	\N	60
4225	30	\N	\N	\N	5	874	\N	60
2936	\N	8	12	3	1	719	\N	\N
2937	\N	6	8	4	2	719	\N	\N
4226	30	\N	\N	\N	6	874	\N	60
4278	30	\N	\N	4	0	887	\N	30
1908	\N	8	12	3	1	458	\N	\N
1910	\N	6	8	4	2	458	\N	\N
1911	\N	12	15	2	0	458	\N	\N
938	\N	6	8	4	2	308	\N	\N
2029	\N	12	15	2	0	492	\N	\N
2030	\N	8	12	3	1	492	\N	\N
2031	\N	6	8	4	2	492	\N	\N
1276	\N	15	20	1	3	4	\N	\N
591	\N	8	12	3	1	277	\N	\N
4279	40	\N	\N	3	1	887	\N	40
4280	60	\N	\N	2	2	887	\N	60
4281	24	\N	\N	5	3	887	\N	24
2970	\N	10	10	1	5	581	\N	\N
2331	\N	12	15	2	0	567	\N	\N
2428	\N	6	8	4	2	600	\N	\N
2429	\N	8	12	3	1	600	\N	\N
2430	\N	12	15	2	0	600	\N	\N
863	30	\N	\N	2	2	158	\N	60
2145	\N	12	15	2	0	515	\N	\N
2146	\N	8	12	3	1	515	\N	\N
2147	\N	6	8	4	2	515	\N	\N
2431	\N	12	15	2	0	599	\N	\N
536	1	8	12	3	1	249	\N	1
2432	\N	8	12	3	1	599	\N	\N
2433	\N	6	8	4	2	599	\N	\N
2434	\N	6	8	4	2	579	\N	\N
2435	\N	8	12	3	1	579	\N	\N
2174	\N	12	15	2	0	522	\N	\N
2175	\N	8	12	3	1	522	\N	\N
2436	\N	12	15	2	0	579	\N	\N
2176	\N	6	8	4	2	522	\N	\N
2392	1	6	8	4	2	614	\N	1
2393	1	8	12	3	1	614	\N	1
2394	1	12	15	2	0	614	\N	1
2495	\N	6	8	4	2	605	\N	\N
2496	\N	8	12	3	1	605	\N	\N
2497	\N	12	15	2	0	605	\N	\N
2498	\N	6	8	4	2	559	\N	\N
2499	\N	8	12	3	1	559	\N	\N
2500	\N	12	15	2	0	559	\N	\N
2502	\N	8	12	3	1	622	\N	\N
2503	\N	12	15	2	0	622	\N	\N
2504	\N	12	15	2	0	581	\N	\N
2505	\N	8	12	3	1	581	\N	\N
2506	\N	6	8	4	2	581	\N	\N
2507	\N	12	15	2	0	609	\N	\N
2508	\N	8	12	3	1	609	\N	\N
2509	\N	6	8	4	2	609	\N	\N
2510	\N	12	15	2	0	589	\N	\N
2511	\N	8	12	3	1	589	\N	\N
2512	\N	6	8	4	2	589	\N	\N
2528	\N	12	15	2	0	566	\N	\N
2529	\N	8	12	3	1	566	\N	\N
1484	\N	15	20	1	3	130	\N	\N
1487	\N	15	20	1	3	81	\N	\N
1488	\N	15	20	1	3	245	\N	\N
2040	\N	15	20	1	3	493	\N	\N
2647	\N	15	20	1	3	565	\N	\N
1369	\N	15	20	1	3	8	\N	\N
1982	\N	15	20	2	4	484	\N	\N
2293	\N	6	8	4	2	549	\N	\N
2294	\N	8	12	3	1	549	\N	\N
2295	\N	12	15	2	0	549	\N	\N
2296	\N	6	8	4	2	550	\N	\N
2297	\N	8	12	3	1	550	\N	\N
2298	\N	12	15	2	0	550	\N	\N
2302	\N	6	8	4	2	552	\N	\N
2303	\N	8	12	3	1	552	\N	\N
2304	\N	12	15	2	0	552	\N	\N
2332	\N	6	8	4	2	615	\N	\N
2333	\N	8	12	3	1	615	\N	\N
2334	\N	12	15	2	0	615	\N	\N
2335	\N	6	8	4	2	575	\N	\N
2336	\N	8	12	3	1	575	\N	\N
2037	\N	12	15	2	0	493	\N	\N
2337	\N	12	15	2	0	575	\N	\N
2338	\N	6	8	4	2	577	\N	\N
2339	\N	8	12	3	1	577	\N	\N
2340	\N	12	15	2	0	577	\N	\N
2085	\N	12	15	2	0	504	\N	\N
2398	\N	6	8	4	2	572	\N	\N
2733	30	\N	\N	4	2	670	\N	30
3017	30	\N	\N	\N	6	404	\N	60
3199	30	\N	\N	\N	5	731	\N	60
2493	40	\N	\N	3	1	586	\N	40
1288	60	\N	\N	3	3	177	\N	60
1019	4	6	8	4	2	337	\N	4
2864	40	\N	\N	3	1	703	\N	40
3020	30	\N	\N	2	6	533	\N	30
2399	\N	8	12	3	1	572	\N	\N
2400	\N	12	15	2	0	572	\N	\N
2437	\N	6	8	4	2	610	\N	\N
2438	\N	8	12	3	1	610	\N	\N
2439	\N	12	15	2	0	610	\N	\N
2513	\N	12	15	2	0	626	\N	\N
2086	\N	8	12	3	1	504	\N	\N
2514	\N	8	12	3	1	626	\N	\N
2515	\N	6	8	4	2	626	\N	\N
2087	\N	6	8	4	2	504	\N	\N
2530	\N	6	8	4	2	566	\N	\N
2534	\N	6	8	4	2	630	\N	\N
2535	\N	8	12	3	1	630	\N	\N
2536	\N	12	15	2	0	630	\N	\N
3092	15	\N	\N	1	6	428	\N	30
300	\N	12	15	2	0	125	\N	\N
4153	30	\N	\N	\N	4	853	\N	60
4154	30	\N	\N	\N	5	853	\N	60
4155	30	\N	\N	\N	6	853	\N	60
4227	\N	20	20	1	6	742	\N	\N
2867	\N	12	15	2	0	707	\N	\N
2868	\N	8	12	3	1	707	\N	\N
2869	\N	6	8	4	2	707	\N	\N
4228	\N	20	20	1	5	742	\N	\N
4229	\N	15	20	1	4	742	\N	\N
4282	\N	12	15	2	0	888	\N	\N
2038	\N	8	12	3	1	493	\N	\N
2039	\N	6	8	4	2	493	\N	\N
4283	\N	8	12	3	1	888	\N	\N
4284	\N	6	8	4	2	888	\N	\N
2089	\N	10	10	1	5	504	\N	\N
2177	\N	15	20	1	3	522	\N	\N
1414	\N	15	20	1	3	233	\N	\N
1413	\N	15	20	1	3	125	\N	\N
1190	\N	15	20	1	3	240	\N	\N
1189	\N	15	20	1	3	14	\N	\N
1215	\N	15	20	1	3	205	\N	\N
1906	\N	6	8	4	2	457	\N	\N
4285	\N	15	20	1	3	888	\N	\N
1526	\N	15	20	1	3	41	\N	\N
4286	\N	12	15	1	5	888	\N	\N
1395	\N	15	20	1	3	277	\N	\N
4287	\N	12	15	1	6	888	\N	\N
4288	\N	12	15	2	0	889	\N	\N
4289	\N	8	12	3	1	889	\N	\N
4290	\N	6	8	4	2	889	\N	\N
4291	\N	15	20	1	3	889	\N	\N
4292	\N	12	15	1	5	889	\N	\N
4293	\N	12	15	1	6	889	\N	\N
1281	1	15	20	1	3	44	\N	1
1903	\N	12	15	2	0	457	\N	\N
1904	\N	8	12	3	1	457	\N	\N
2871	\N	12	15	2	0	706	\N	\N
2872	\N	8	12	3	1	706	\N	\N
2873	\N	6	8	4	2	706	\N	\N
2531	\N	12	15	2	0	625	\N	\N
2532	\N	8	12	3	1	625	\N	\N
2533	\N	6	8	4	2	625	\N	\N
2875	\N	12	15	2	0	705	\N	\N
2876	\N	8	12	3	1	705	\N	\N
2877	\N	6	8	4	2	705	\N	\N
2344	\N	6	8	4	2	601	\N	\N
2345	\N	8	12	3	1	601	\N	\N
2346	\N	12	15	2	0	601	\N	\N
2401	\N	6	8	4	2	574	\N	\N
2402	\N	8	12	3	1	574	\N	\N
2403	\N	12	15	2	0	574	\N	\N
2404	\N	12	15	2	0	573	\N	\N
2405	\N	8	12	3	1	573	\N	\N
2406	\N	6	8	4	2	573	\N	\N
2440	\N	6	8	4	2	624	\N	\N
2441	\N	8	12	3	1	624	\N	\N
2442	\N	12	15	2	0	624	\N	\N
2443	\N	12	15	2	0	623	\N	\N
2444	\N	8	12	3	1	623	\N	\N
2445	\N	6	8	4	2	623	\N	\N
2741	\N	12	15	2	0	672	\N	\N
2742	\N	8	12	3	1	672	\N	\N
2743	\N	6	8	4	2	672	\N	\N
170	\N	12	15	2	0	1	\N	\N
3338	60	\N	\N	2	2	774	\N	60
2736	30	\N	\N	2	0	671	\N	30
2737	30	\N	\N	3	1	671	\N	30
2554	45	\N	\N	2	0	635	\N	45
2555	45	\N	\N	3	1	635	\N	45
172	30	\N	\N	4	0	265	\N	30
2738	30	\N	\N	4	2	671	\N	30
2556	45	\N	\N	4	2	635	\N	45
942	60	\N	\N	2	2	265	\N	60
4156	30	\N	\N	\N	4	855	\N	60
4157	30	\N	\N	\N	5	855	\N	60
4158	30	\N	\N	\N	6	855	\N	60
4159	30	\N	\N	\N	4	854	\N	60
4160	30	\N	\N	\N	5	854	\N	60
4161	30	\N	\N	\N	6	854	\N	60
3118	30	\N	\N	\N	6	631	\N	60
3329	30	\N	\N	\N	5	772	\N	60
3330	30	\N	\N	\N	6	772	\N	60
4300	30	\N	\N	1	5	891	\N	30
4301	30	\N	\N	1	6	891	\N	30
2879	\N	10	10	1	5	706	\N	\N
2561	\N	10	10	1	5	636	\N	\N
4341	10	3	3	1	6	897	\N	10
4342	1	10	10	1	5	897	\N	1
4343	1	10	10	3	4	744	\N	1
4344	1	10	10	3	4	897	\N	1
1945	\N	10	10	3	4	471	\N	\N
1946	\N	10	10	1	5	471	\N	\N
2314	\N	6	8	4	2	560	\N	\N
2315	\N	8	12	3	1	560	\N	\N
2316	\N	12	15	2	0	560	\N	\N
2410	\N	6	8	4	2	603	\N	\N
2411	\N	8	12	3	1	603	\N	\N
2412	\N	12	15	2	0	603	\N	\N
2413	\N	12	15	2	0	604	\N	\N
2414	\N	8	12	3	1	604	\N	\N
2415	\N	6	8	4	2	604	\N	\N
2449	\N	6	8	4	2	558	\N	\N
2450	\N	8	12	3	1	558	\N	\N
2451	\N	12	15	2	0	558	\N	\N
2582	\N	20	20	1	5	641	\N	\N
2578	\N	15	15	1	5	642	\N	\N
1944	\N	12	15	1	5	470	\N	\N
2558	\N	12	15	2	0	636	\N	\N
2559	\N	8	12	3	1	636	\N	\N
2643	\N	15	20	1	3	651	\N	\N
2560	\N	6	8	4	2	636	\N	\N
1943	\N	15	20	3	4	470	\N	\N
2609	\N	12	15	1	5	247	\N	\N
2585	\N	6	8	4	2	643	\N	\N
2880	\N	12	15	1	5	484	\N	\N
2161	\N	12	15	2	0	518	\N	\N
2587	\N	12	15	2	0	644	\N	\N
2159	\N	6	8	4	2	518	\N	\N
2588	\N	8	12	3	1	644	\N	\N
2160	\N	8	12	3	1	518	\N	\N
2589	\N	6	8	4	2	644	\N	\N
2591	\N	12	15	2	0	645	\N	\N
2592	\N	8	12	3	1	645	\N	\N
2593	\N	6	8	4	2	645	\N	\N
3400	\N	12	15	2	0	788	\N	\N
2600	\N	6	8	4	2	467	\N	\N
2601	\N	8	12	3	1	467	\N	\N
2602	\N	12	15	2	0	467	\N	\N
2603	\N	12	15	2	0	470	\N	\N
2604	\N	8	12	3	1	470	\N	\N
2605	\N	6	8	4	2	470	\N	\N
2606	\N	12	15	2	0	647	\N	\N
2607	\N	8	12	3	1	647	\N	\N
2608	\N	6	8	4	2	647	\N	\N
2946	\N	12	15	2	0	722	\N	\N
2947	\N	8	12	3	1	722	\N	\N
2948	\N	6	8	4	2	722	\N	\N
3401	\N	8	12	3	1	788	\N	\N
3402	\N	6	8	4	2	788	\N	\N
3404	\N	20	20	1	5	788	\N	\N
3405	\N	20	20	1	6	788	\N	\N
3403	\N	15	20	1	3	788	\N	\N
2545	\N	10	10	1	5	577	\N	\N
2043	30	\N	\N	4	2	494	\N	30
3105	30	\N	\N	\N	6	525	\N	60
3332	30	\N	\N	1	6	773	\N	30
3340	30	\N	\N	1	5	774	\N	30
3341	30	\N	\N	1	6	774	\N	30
3346	30	\N	\N	1	5	775	\N	30
3347	30	\N	\N	1	6	775	\N	30
3284	1	8	12	3	1	756	\N	1
3285	1	12	15	2	0	756	\N	1
1920	30	\N	\N	1	5	460	\N	30
3342	30	\N	\N	2	0	775	\N	30
3343	30	\N	\N	3	1	775	\N	30
1796	12	\N	\N	5	3	428	\N	24
4162	30	\N	\N	1	5	856	\N	30
4163	30	\N	\N	2	4	856	\N	30
4164	30	\N	\N	1	6	856	\N	30
3410	10	3	6	1	6	790	\N	10
3009	\N	10	10	1	6	478	\N	\N
2949	\N	10	10	1	5	722	\N	\N
3278	\N	15	20	2	4	754	\N	\N
3298	30	\N	\N	\N	5	766	\N	60
3299	30	\N	\N	\N	4	766	\N	60
3300	30	\N	\N	\N	6	766	\N	60
1412	\N	15	20	1	3	33	\N	\N
3463	\N	12	15	2	0	801	\N	\N
3295	30	\N	\N	\N	5	767	\N	60
3296	30	\N	\N	\N	4	767	\N	60
3297	30	\N	\N	\N	6	767	\N	60
3464	\N	8	12	3	1	801	\N	\N
3465	\N	6	8	4	2	801	\N	\N
4302	30	\N	\N	1	4	891	\N	30
3466	\N	15	20	1	3	801	\N	\N
4303	30	\N	\N	1	3	891	\N	30
4304	30	\N	\N	1	2	891	\N	30
3550	\N	12	15	2	0	819	\N	\N
3551	\N	8	12	3	1	819	\N	\N
3552	\N	6	8	4	2	819	\N	\N
3553	\N	15	20	1	3	819	\N	\N
4305	30	\N	\N	1	1	891	\N	30
4306	30	\N	\N	1	0	891	\N	30
2987	\N	10	10	1	6	473	\N	\N
2416	\N	6	8	4	2	620	\N	\N
2417	\N	8	12	3	1	620	\N	\N
2418	\N	12	15	2	0	620	\N	\N
3108	\N	10	10	1	6	581	\N	\N
2746	\N	12	15	1	0	674	\N	\N
2747	\N	8	12	2	1	674	\N	\N
2748	\N	6	8	3	2	674	\N	\N
357	1	12	15	2	0	400	\N	1
742	1	8	12	3	1	400	\N	1
1127	1	6	8	4	2	400	\N	1
1839	1	10	10	3	4	400	\N	1
2062	\N	10	10	3	4	499	\N	\N
2881	\N	12	15	2	0	708	\N	\N
2885	\N	12	15	2	0	709	\N	\N
2886	\N	8	12	3	1	709	\N	\N
2887	\N	6	8	4	2	709	\N	\N
2882	\N	8	12	3	1	708	\N	\N
2883	\N	6	8	4	2	708	\N	\N
3274	\N	12	15	2	0	754	\N	\N
3275	\N	8	12	3	1	754	\N	\N
3276	\N	6	8	4	2	754	\N	\N
2173	\N	15	20	1	3	521	\N	\N
2750	\N	3	5	1	5	675	\N	\N
1280	\N	15	20	1	3	45	\N	\N
1912	\N	15	20	1	3	458	\N	\N
2032	\N	15	20	1	3	492	\N	\N
3003	\N	10	10	1	6	647	\N	\N
2983	\N	10	10	1	6	682	\N	\N
1284	\N	15	20	1	3	50	\N	\N
1285	\N	15	20	1	3	170	\N	\N
1287	\N	15	20	1	3	51	\N	\N
2991	\N	8	12	1	6	476	\N	\N
2997	\N	12	15	1	6	685	\N	\N
3000	\N	6	8	1	6	666	\N	\N
3002	\N	8	8	1	6	464	\N	\N
3006	\N	12	15	1	6	686	\N	\N
2201	30	\N	\N	4	2	529	\N	30
3252	30	\N	\N	\N	5	747	\N	60
3253	30	\N	\N	\N	6	747	\N	60
2202	30	\N	\N	3	1	529	\N	30
2203	30	\N	\N	2	0	529	\N	30
3290	60	\N	\N	1	6	758	\N	60
3291	60	\N	\N	1	5	758	\N	60
2269	30	\N	\N	1	5	543	\N	30
2204	30	\N	\N	2	5	529	\N	30
3211	30	\N	\N	1	5	733	\N	30
3012	\N	12	15	1	6	532	\N	\N
3111	\N	10	10	1	6	458	\N	\N
3113	\N	12	15	1	6	515	\N	\N
3062	15	\N	\N	1	6	346	\N	30
4165	30	\N	\N	1	5	857	\N	30
4166	30	\N	\N	2	4	857	\N	30
4167	30	\N	\N	1	6	857	\N	30
4230	12	\N	\N	5	3	866	\N	24
4231	30	\N	\N	2	2	866	\N	60
4232	20	\N	\N	3	1	866	\N	40
3119	\N	12	15	1	6	504	\N	\N
2950	\N	12	15	2	0	724	\N	\N
2951	\N	8	12	3	1	724	\N	\N
2952	\N	6	8	4	2	724	\N	\N
4233	15	\N	\N	4	0	866	\N	30
2954	\N	12	15	2	0	723	\N	\N
2955	\N	8	12	3	1	723	\N	\N
2956	\N	6	8	4	2	723	\N	\N
3029	\N	10	10	1	6	500	\N	\N
4307	30	\N	\N	\N	0	870	\N	60
3028	\N	10	10	1	6	480	\N	\N
4345	1	10	10	3	4	399	\N	1
3024	\N	12	15	1	6	400	\N	\N
3055	\N	12	15	1	6	668	\N	\N
3125	\N	12	15	1	6	457	\N	\N
1907	\N	25	25	1	3	457	\N	\N
1493	\N	15	20	1	3	166	\N	\N
1494	\N	15	20	1	3	196	\N	\N
1498	\N	15	20	1	3	195	\N	\N
1506	\N	15	20	1	3	247	\N	\N
3039	\N	10	10	1	6	501	\N	\N
3471	\N	6	8	4	2	803	\N	\N
3472	\N	8	12	3	1	803	\N	\N
3473	\N	12	15	2	0	803	\N	\N
3474	\N	15	20	1	3	803	\N	\N
2958	\N	12	15	1	5	674	\N	\N
3061	\N	10	10	1	6	443	\N	\N
3067	\N	12	15	1	6	467	\N	\N
3072	\N	10	10	1	6	353	\N	\N
3047	30	\N	\N	\N	6	86	\N	60
3050	30	\N	\N	\N	6	401	\N	60
3001	60	\N	\N	2	6	424	\N	60
3467	1	12	15	2	0	802	\N	1
3468	1	8	12	3	1	802	\N	1
3010	30	\N	\N	2	6	452	\N	30
3011	30	\N	\N	2	6	453	\N	30
3013	30	\N	\N	2	6	451	\N	30
3110	30	\N	\N	2	6	670	\N	30
2347	30	\N	\N	4	2	608	\N	30
2348	30	\N	\N	3	1	608	\N	30
2349	30	\N	\N	2	0	608	\N	30
3078	\N	12	15	1	6	490	\N	\N
3084	\N	12	15	1	6	392	\N	\N
4171	30	\N	\N	1	5	859	\N	30
4172	30	\N	\N	2	4	859	\N	30
4173	30	\N	\N	1	6	859	\N	30
3153	\N	8	12	1	6	472	\N	\N
3148	\N	12	15	1	6	470	\N	\N
3149	\N	12	15	1	6	247	\N	\N
4168	30	\N	\N	\N	5	858	\N	60
3151	\N	12	15	1	6	484	\N	\N
4169	30	\N	\N	\N	4	858	\N	60
4170	30	\N	\N	\N	6	858	\N	60
4234	\N	12	15	2	0	875	\N	\N
3144	\N	10	10	1	6	577	\N	\N
4235	\N	8	12	3	1	875	\N	\N
1512	\N	15	20	1	3	222	\N	\N
4236	\N	6	8	4	2	875	\N	\N
4237	\N	15	20	1	3	875	\N	\N
4238	\N	12	15	3	4	875	\N	\N
3158	\N	12	15	1	6	722	\N	\N
3141	\N	10	10	1	6	706	\N	\N
3161	\N	3	5	1	6	675	\N	\N
4308	\N	15	20	3	3	480	\N	\N
4309	\N	6	8	4	2	480	\N	\N
4310	\N	8	12	3	1	480	\N	\N
4311	\N	12	15	2	0	480	\N	\N
3140	\N	10	10	1	6	636	\N	\N
3135	\N	10	10	1	6	471	\N	\N
3085	1	10	10	1	6	399	\N	1
4346	20	\N	\N	3	4	107	\N	40
3146	\N	20	20	1	6	641	\N	\N
3143	\N	15	15	1	6	642	\N	\N
2320	\N	6	8	4	2	562	\N	\N
2321	\N	8	12	3	1	562	\N	\N
2322	\N	12	15	2	0	562	\N	\N
2356	\N	6	8	4	2	591	\N	\N
2357	\N	8	12	3	1	591	\N	\N
2358	\N	12	15	2	0	591	\N	\N
2365	\N	6	8	4	2	595	\N	\N
2366	\N	8	12	3	1	595	\N	\N
2367	\N	12	15	2	0	595	\N	\N
2371	\N	6	8	4	2	587	\N	\N
2372	\N	8	12	3	1	587	\N	\N
2373	\N	12	15	2	0	587	\N	\N
2374	\N	6	8	4	2	593	\N	\N
2375	\N	8	12	3	1	593	\N	\N
2376	\N	12	15	2	0	593	\N	\N
2455	\N	6	8	4	2	597	\N	\N
2456	\N	8	12	3	1	597	\N	\N
2457	\N	12	15	2	0	597	\N	\N
2458	\N	6	8	4	2	590	\N	\N
2459	\N	8	12	3	1	590	\N	\N
2460	\N	12	15	2	0	590	\N	\N
2280	\N	12	15	1	5	544	\N	\N
3172	\N	12	15	1	6	674	\N	\N
403	\N	8	12	3	1	4	\N	\N
788	\N	6	8	4	2	4	\N	\N
1170	\N	15	20	1	3	131	\N	\N
3475	\N	6	8	4	2	804	\N	\N
3180	\N	12	15	1	6	544	\N	\N
3074	30	\N	\N	1	6	329	\N	30
3568	30	\N	\N	2	5	822	\N	30
3077	30	\N	\N	1	6	330	\N	30
3569	30	\N	\N	2	6	822	\N	30
3081	60	\N	\N	2	6	422	\N	60
3082	30	\N	\N	1	6	510	\N	30
2275	1	12	15	2	0	544	\N	1
2278	1	15	20	1	3	544	\N	1
1311	24	\N	\N	5	3	190	\N	24
1373	12	\N	\N	5	3	148	\N	12
2847	30	\N	\N	2	2	699	\N	30
3086	30	\N	\N	1	6	514	\N	30
2846	20	\N	\N	3	1	699	\N	20
3139	60	\N	\N	2	6	585	\N	60
2845	15	\N	\N	4	0	699	\N	15
3152	20	\N	\N	1	6	449	\N	20
675	\N	8	12	3	1	10	\N	\N
3476	\N	8	12	3	1	804	\N	\N
2583	\N	12	15	2	0	643	\N	\N
3477	\N	12	15	2	0	804	\N	\N
2584	\N	8	12	3	1	643	\N	\N
3478	\N	15	20	1	3	804	\N	\N
2912	\N	6	8	4	2	715	\N	\N
2913	\N	8	12	3	1	715	\N	\N
2914	\N	12	15	2	0	715	\N	\N
2754	\N	12	15	2	0	679	\N	\N
2755	\N	8	12	3	1	679	\N	\N
4178	30	\N	\N	\N	4	861	\N	60
2756	\N	6	8	4	2	679	\N	\N
4177	30	\N	\N	\N	5	861	\N	60
4179	30	\N	\N	\N	6	861	\N	60
3624	30	\N	\N	\N	5	833	\N	60
2853	\N	12	15	1	5	337	\N	\N
3625	30	\N	\N	\N	6	833	\N	60
4175	30	\N	\N	\N	4	860	\N	60
4174	30	\N	\N	\N	5	860	\N	60
4176	30	\N	\N	\N	6	860	\N	60
3186	\N	12	15	1	6	337	\N	\N
2617	1	10	10	1	5	649	\N	1
3184	1	10	10	1	6	649	\N	1
4312	30	\N	\N	1	4	619	\N	30
4313	30	\N	\N	1	3	619	\N	30
4314	30	\N	\N	1	2	619	\N	30
4315	30	\N	\N	1	1	619	\N	30
4316	30	\N	\N	1	0	619	\N	30
2665	\N	15	20	1	3	552	\N	\N
2770	\N	15	20	1	3	682	\N	\N
2963	\N	15	20	1	3	725	\N	\N
3241	\N	15	20	1	3	743	\N	\N
2785	\N	15	20	1	3	685	\N	\N
2684	\N	15	20	1	3	470	\N	\N
2790	\N	15	20	1	3	686	\N	\N
3479	\N	6	8	4	2	805	\N	\N
3480	\N	8	12	3	1	805	\N	\N
3481	\N	12	15	2	0	805	\N	\N
3482	\N	15	20	1	3	805	\N	\N
1951	\N	10	10	1	5	473	\N	\N
1952	\N	10	10	3	4	473	\N	\N
4347	30	\N	\N	\N	4	375	\N	60
3234	\N	12	15	2	0	742	\N	\N
3235	\N	8	12	3	1	742	\N	\N
3236	\N	6	8	4	2	742	\N	\N
2717	\N	10	10	1	5	664	\N	\N
3185	\N	10	10	1	6	664	\N	\N
3279	\N	12	15	2	0	755	\N	\N
3280	\N	8	12	3	1	755	\N	\N
3281	\N	6	8	4	2	755	\N	\N
3668	\N	6	8	4	2	843	\N	\N
3669	\N	8	12	3	1	843	\N	\N
3670	\N	12	15	2	0	843	\N	\N
3671	\N	15	20	1	3	843	\N	\N
3672	\N	12	15	2	0	844	\N	\N
3673	\N	8	12	3	1	844	\N	\N
3674	\N	6	8	4	2	844	\N	\N
3675	\N	15	20	1	3	844	\N	\N
2719	\N	6	8	1	5	666	\N	\N
1509	\N	15	20	1	3	172	\N	\N
1393	\N	15	20	1	3	35	\N	\N
2586	\N	15	20	1	3	643	\N	\N
2590	\N	15	20	1	3	644	\N	\N
2594	\N	15	20	1	3	645	\N	\N
2478	60	\N	\N	2	0	612	\N	60
2479	30	\N	\N	2	2	580	\N	30
2481	15	\N	\N	4	0	580	\N	15
3130	2	10	10	1	6	721	\N	2
2092	30	\N	\N	4	2	498	\N	30
1194	\N	15	20	1	3	49	\N	\N
2663	\N	15	20	1	3	560	\N	\N
1855	\N	15	20	1	3	444	\N	\N
1788	\N	15	20	1	3	435	\N	\N
1334	12	\N	\N	5	3	346	\N	24
4180	30	\N	\N	1	5	862	\N	30
4181	30	\N	\N	2	4	862	\N	30
4182	30	\N	\N	1	6	862	\N	30
4239	3	10	10	1	5	876	\N	3
4240	3	10	10	1	6	876	\N	3
4241	3	10	10	1	5	877	\N	3
4242	3	10	10	1	6	877	\N	3
4317	300	\N	\N	\N	6	892	\N	300
4318	300	\N	\N	\N	5	892	\N	300
1423	12	\N	\N	5	3	330	\N	24
3508	\N	10	10	3	4	620	\N	\N
3507	\N	10	10	1	5	620	\N	\N
3506	\N	10	10	1	6	620	\N	\N
4348	1	10	10	3	4	825	\N	1
4349	1	10	10	3	4	824	\N	1
1507	1	15	20	1	3	249	\N	1
1792	\N	15	20	1	3	436	\N	\N
2691	\N	15	20	1	3	609	\N	\N
2692	\N	15	20	1	3	615	\N	\N
2694	\N	15	20	1	3	636	\N	\N
2667	\N	15	20	1	3	549	\N	\N
2674	\N	15	20	1	3	595	\N	\N
2668	\N	15	20	1	3	575	\N	\N
2670	\N	15	20	1	3	581	\N	\N
2676	\N	15	20	1	3	597	\N	\N
2677	\N	15	20	1	3	562	\N	\N
2679	\N	15	20	1	3	558	\N	\N
2681	\N	15	20	1	3	577	\N	\N
2682	\N	15	20	1	3	623	\N	\N
2953	\N	15	20	1	3	724	\N	\N
2957	\N	15	20	1	3	723	\N	\N
1187	\N	8	12	1	3	306	\N	\N
1185	\N	15	20	1	3	220	\N	\N
1306	\N	15	20	1	3	308	\N	\N
1222	\N	15	20	1	3	42	\N	\N
1225	\N	15	20	1	3	239	\N	\N
1229	\N	15	20	1	3	209	\N	\N
1305	\N	15	20	1	3	47	\N	\N
1392	\N	15	20	1	3	36	\N	\N
1516	\N	15	20	1	3	34	\N	\N
1384	\N	15	20	1	3	15	\N	\N
1371	\N	15	20	1	3	9	\N	\N
1383	\N	15	20	1	3	6	\N	\N
1537	\N	15	20	1	3	221	\N	\N
1531	\N	15	20	1	3	373	\N	\N
1354	\N	15	20	1	3	307	\N	\N
1530	\N	15	20	1	3	392	\N	\N
1540	\N	15	20	1	3	229	\N	\N
3509	\N	10	10	1	6	801	\N	\N
3510	\N	10	10	1	5	801	\N	\N
3511	\N	15	20	1	4	801	\N	\N
2678	5	15	20	1	3	584	\N	5
1220	90	\N	\N	3	3	63	\N	90
2093	30	\N	\N	3	3	498	\N	30
1205	30	\N	\N	\N	4	86	\N	60
4183	30	\N	\N	1	5	863	\N	30
4184	30	\N	\N	2	4	863	\N	30
4185	30	\N	\N	1	6	863	\N	30
3264	1	10	10	1	5	749	\N	1
3265	1	10	10	1	6	749	\N	1
3193	3	10	10	\N	5	730	\N	3
2004	1	6	8	4	2	476	\N	5
4350	\N	10	10	3	4	705	\N	\N
2697	\N	15	20	1	3	620	\N	\N
2698	\N	15	20	1	3	579	\N	\N
2699	\N	15	20	1	3	625	\N	\N
2701	\N	15	20	1	3	605	\N	\N
2689	\N	15	20	1	3	567	\N	\N
2926	\N	15	20	1	3	718	\N	\N
2930	\N	15	20	1	3	717	\N	\N
2934	\N	15	20	1	3	720	\N	\N
2938	\N	15	20	1	3	719	\N	\N
2650	1	15	20	1	3	614	\N	1
2870	\N	8	12	1	3	707	\N	\N
2939	\N	15	20	1	3	599	\N	\N
2940	\N	15	20	1	3	600	\N	\N
1230	\N	15	20	1	3	52	\N	\N
1372	\N	15	20	1	3	353	\N	\N
1399	\N	15	20	1	3	12	\N	\N
1375	\N	15	20	1	3	7	\N	\N
1394	\N	15	20	1	3	276	\N	\N
1525	\N	15	20	1	3	38	\N	\N
1380	\N	15	20	1	3	17	\N	\N
1385	\N	15	20	1	3	16	\N	\N
1522	\N	15	20	1	3	39	\N	\N
1376	\N	15	20	1	3	21	\N	\N
2651	\N	15	20	1	3	467	\N	\N
2654	\N	15	20	1	3	630	\N	\N
2655	\N	15	20	1	3	626	\N	\N
2656	\N	15	20	1	3	590	\N	\N
1523	\N	15	20	1	3	183	\N	\N
2178	30	\N	\N	\N	4	512	\N	60
14	30	\N	\N	\N	0	319	\N	60
96	30	\N	\N	\N	0	367	\N	60
1465	30	\N	\N	\N	3	293	\N	60
1467	30	\N	\N	\N	3	297	\N	60
1460	30	\N	\N	\N	3	285	\N	60
2135	30	\N	\N	\N	4	503	\N	60
3292	30	\N	\N	\N	5	759	\N	60
1690	30	\N	\N	\N	5	406	\N	60
1691	30	\N	\N	\N	5	370	\N	60
254	30	\N	\N	\N	0	375	\N	60
295	30	\N	\N	\N	0	355	\N	60
307	30	\N	\N	\N	0	379	\N	60
322	30	\N	\N	\N	0	380	\N	60
354	30	\N	\N	\N	0	385	\N	60
2720	30	\N	\N	\N	5	667	\N	60
363	30	\N	\N	\N	0	284	\N	60
364	30	\N	\N	\N	0	285	\N	60
368	30	\N	\N	\N	0	289	\N	60
371	30	\N	\N	\N	0	293	\N	60
375	30	\N	\N	\N	0	297	\N	60
399	30	\N	\N	\N	1	319	\N	60
352	30	\N	\N	\N	0	361	\N	60
481	30	\N	\N	\N	1	367	\N	60
1673	30	\N	\N	\N	5	144	\N	60
1675	30	\N	\N	\N	5	72	\N	60
1674	30	\N	\N	\N	5	146	\N	60
1711	30	\N	\N	\N	5	382	\N	60
2026	30	\N	\N	\N	3	489	\N	60
737	30	\N	\N	\N	1	361	\N	60
639	30	\N	\N	\N	1	375	\N	60
692	30	\N	\N	\N	1	379	\N	60
739	30	\N	\N	\N	1	385	\N	60
707	30	\N	\N	\N	1	380	\N	60
1699	30	\N	\N	\N	5	350	\N	60
1706	30	\N	\N	\N	5	379	\N	60
1459	30	\N	\N	\N	3	284	\N	60
1418	30	\N	\N	\N	3	379	\N	60
748	30	\N	\N	\N	1	284	\N	60
749	30	\N	\N	\N	1	285	\N	60
756	30	\N	\N	\N	1	293	\N	60
1715	30	\N	\N	\N	5	361	\N	60
760	30	\N	\N	\N	1	297	\N	60
753	30	\N	\N	\N	1	289	\N	60
680	30	\N	\N	\N	1	355	\N	60
1245	30	\N	\N	\N	3	367	\N	60
784	30	\N	\N	\N	2	319	\N	60
866	30	\N	\N	\N	2	367	\N	60
1556	30	\N	\N	\N	4	382	\N	60
1558	30	\N	\N	\N	4	380	\N	60
3356	30	15	20	\N	4	778	\N	60
3357	30	12	15	\N	5	778	\N	60
3358	30	\N	\N	\N	6	778	\N	60
1704	30	\N	\N	\N	5	355	\N	60
3221	30	\N	\N	\N	5	736	\N	60
3222	30	\N	\N	\N	6	736	\N	60
1709	30	\N	\N	\N	5	357	\N	60
1676	30	\N	\N	\N	5	367	\N	60
1660	30	\N	\N	\N	5	365	\N	60
3375	30	3	3	\N	5	782	\N	60
1661	30	\N	\N	\N	5	319	\N	60
3210	60	\N	\N	3	3	733	\N	60
2036	60	\N	\N	3	3	491	\N	60
1264	60	\N	\N	3	3	98	\N	60
3198	30	\N	\N	\N	4	731	\N	60
2243	60	\N	\N	3	3	537	\N	60
1659	30	\N	\N	\N	5	363	\N	60
1664	30	\N	\N	\N	5	85	\N	60
1024	30	\N	\N	\N	2	375	\N	60
1065	30	\N	\N	\N	2	355	\N	60
3359	30	\N	\N	\N	5	779	\N	60
3360	30	\N	\N	\N	6	779	\N	60
3376	30	\N	\N	\N	6	782	\N	60
1692	30	\N	\N	\N	5	349	\N	60
1077	30	\N	\N	\N	2	379	\N	60
1092	30	\N	\N	\N	2	380	\N	60
1122	30	\N	\N	\N	2	361	\N	60
1124	30	\N	\N	\N	2	385	\N	60
1133	30	\N	\N	\N	2	284	\N	60
1134	30	\N	\N	\N	2	285	\N	60
1710	30	\N	\N	\N	5	380	\N	60
1141	30	\N	\N	\N	2	293	\N	60
1719	30	\N	\N	\N	5	285	\N	60
1145	30	\N	\N	\N	2	297	\N	60
1138	30	\N	\N	\N	2	289	\N	60
1714	30	\N	\N	\N	5	359	\N	60
1716	30	\N	\N	\N	5	385	\N	60
1718	30	\N	\N	\N	5	284	\N	60
1721	30	\N	\N	\N	5	289	\N	60
1724	30	\N	\N	\N	5	293	\N	60
1725	30	\N	\N	\N	5	297	\N	60
1702	30	\N	\N	\N	5	376	\N	60
1701	30	\N	\N	\N	5	375	\N	60
2023	30	\N	\N	\N	0	489	\N	60
2024	30	\N	\N	\N	1	489	\N	60
2025	30	\N	\N	\N	2	489	\N	60
3293	30	\N	\N	\N	4	759	\N	60
3294	30	\N	\N	\N	6	759	\N	60
2084	30	\N	\N	\N	5	503	\N	60
3015	30	\N	\N	\N	6	144	\N	60
3016	30	\N	\N	\N	6	72	\N	60
2810	30	\N	\N	\N	5	690	\N	60
3091	30	\N	\N	\N	6	285	\N	60
3094	30	\N	\N	\N	6	359	\N	60
3250	30	6	8	\N	5	746	\N	60
3251	30	3	5	\N	6	746	\N	60
3272	30	\N	\N	\N	5	753	\N	60
3273	30	\N	\N	\N	6	753	\N	60
2709	30	\N	\N	\N	5	656	\N	60
3287	30	15	20	\N	4	757	\N	60
3288	30	12	15	\N	5	757	\N	60
3289	30	\N	\N	\N	6	757	\N	60
3095	30	\N	\N	\N	6	385	\N	60
2710	30	\N	\N	\N	5	658	\N	60
2550	30	\N	\N	\N	5	633	\N	60
2599	30	\N	\N	\N	5	646	\N	60
2711	30	\N	\N	\N	5	657	\N	60
3096	30	\N	\N	\N	6	284	\N	60
3097	30	\N	\N	\N	6	289	\N	60
3099	30	\N	\N	\N	6	293	\N	60
3100	30	\N	\N	\N	6	297	\N	60
3101	30	\N	\N	\N	6	376	\N	60
3102	30	\N	\N	\N	6	375	\N	60
3408	30	\N	\N	\N	6	789	\N	60
3313	30	\N	\N	\N	5	761	\N	60
2712	30	\N	\N	\N	5	659	\N	60
3308	30	\N	\N	\N	4	762	\N	60
3310	30	\N	\N	\N	5	762	\N	60
3312	30	\N	\N	\N	6	762	\N	60
3314	30	\N	\N	\N	4	761	\N	60
3315	30	\N	\N	\N	6	761	\N	60
3316	30	\N	\N	\N	5	760	\N	60
3317	30	\N	\N	\N	4	760	\N	60
3318	30	\N	\N	\N	6	760	\N	60
3333	30	\N	\N	\N	5	763	\N	60
3334	30	\N	\N	\N	4	763	\N	60
3335	30	\N	\N	\N	6	763	\N	60
3112	30	\N	\N	\N	6	503	\N	60
2989	30	\N	\N	\N	6	512	\N	60
3004	30	\N	\N	\N	6	667	\N	60
3109	30	\N	\N	\N	6	690	\N	60
2751	30	\N	\N	\N	5	676	\N	60
3027	30	\N	\N	\N	6	146	\N	60
3045	30	\N	\N	\N	6	367	\N	60
3046	30	\N	\N	\N	6	365	\N	60
3048	30	\N	\N	\N	6	319	\N	60
3049	30	\N	\N	\N	6	363	\N	60
3051	30	\N	\N	\N	6	85	\N	60
3053	30	\N	\N	\N	6	349	\N	60
2752	30	\N	\N	\N	5	677	\N	60
2753	30	\N	\N	\N	5	678	\N	60
3065	30	\N	\N	\N	6	406	\N	60
3066	30	\N	\N	\N	6	370	\N	60
3073	30	\N	\N	\N	6	382	\N	60
3080	30	\N	\N	\N	6	350	\N	60
3083	30	\N	\N	\N	6	379	\N	60
3087	30	\N	\N	\N	6	361	\N	60
3088	30	\N	\N	\N	6	355	\N	60
3089	30	\N	\N	\N	6	357	\N	60
3090	30	\N	\N	\N	6	380	\N	60
3145	30	\N	\N	\N	6	633	\N	60
3147	30	\N	\N	\N	6	646	\N	60
3150	30	\N	\N	\N	6	657	\N	60
3157	30	\N	\N	\N	6	659	\N	60
3164	30	\N	\N	\N	6	676	\N	60
2904	30	\N	\N	\N	0	713	\N	60
2905	30	\N	\N	\N	1	713	\N	60
2906	30	\N	\N	\N	2	713	\N	60
2908	30	\N	\N	\N	0	712	\N	60
2909	30	\N	\N	\N	1	712	\N	60
2910	30	\N	\N	\N	2	712	\N	60
2546	30	\N	\N	\N	5	489	\N	60
2716	30	\N	\N	\N	5	663	\N	60
3133	30	\N	\N	\N	6	656	\N	60
3169	30	\N	\N	\N	6	677	\N	60
3170	30	\N	\N	\N	6	678	\N	60
3177	30	\N	\N	\N	6	489	\N	60
3179	30	\N	\N	\N	6	663	\N	60
2916	30	\N	\N	\N	5	712	\N	60
2917	30	\N	\N	\N	5	713	\N	60
3137	30	\N	\N	\N	6	658	\N	60
3187	30	\N	\N	\N	6	712	\N	60
3188	30	\N	\N	\N	6	713	\N	60
2134	30	\N	\N	\N	5	512	\N	60
1360	30	\N	\N	\N	3	375	\N	60
1449	30	\N	\N	\N	3	361	\N	60
1186	30	\N	\N	\N	3	319	\N	60
1451	30	\N	\N	\N	3	385	\N	60
1464	30	\N	\N	\N	3	289	\N	60
1726	3	10	10	\N	5	283	\N	3
3070	10	6	6	\N	6	283	\N	10
3194	10	3	3	\N	6	730	\N	10
1427	30	\N	\N	\N	3	380	\N	60
2907	30	\N	\N	\N	3	713	\N	60
2911	30	\N	\N	\N	3	712	\N	60
1390	30	\N	\N	\N	3	355	\N	60
4186	30	\N	\N	1	5	864	\N	30
212	1	12	15	2	0	129	\N	1
4187	30	\N	\N	2	4	864	\N	30
3598	60	\N	\N	2	2	829	\N	60
3200	30	\N	\N	\N	6	731	\N	60
4188	30	\N	\N	1	6	864	\N	30
5	1	12	15	2	0	343	\N	1
1252	12	\N	\N	5	3	160	\N	24
46	30	\N	\N	2	0	97	\N	30
2229	30	\N	\N	2	5	534	\N	30
66	3	12	15	2	0	27	\N	3
26	30	\N	\N	2	0	207	\N	30
123	30	\N	\N	2	0	98	\N	30
153	15	\N	\N	4	0	152	\N	15
47	30	\N	\N	4	0	106	\N	30
2	15	\N	\N	4	0	261	\N	15
78	60	\N	\N	3	0	91	\N	60
130	15	\N	\N	4	0	184	\N	15
112	15	\N	\N	4	0	65	\N	15
1995	1500	\N	\N	3	2	448	\N	1500
2212	30	\N	\N	4	2	531	\N	30
1996	1500	\N	\N	2	1	448	\N	1500
1997	1500	\N	\N	1	0	448	\N	1500
2211	30	\N	\N	3	1	531	\N	30
2210	30	\N	\N	2	0	531	\N	30
100	30	\N	\N	1	0	59	\N	30
3283	1	6	8	4	2	756	\N	1
1	15	\N	\N	4	0	262	\N	15
148	30	\N	\N	4	0	95	\N	30
1422	6	15	20	1	3	24	\N	6
108	30	\N	\N	4	0	127	\N	30
131	1	12	15	2	0	321	\N	1
97	1	12	15	3	0	311	\N	1
1898	30	\N	\N	2	0	456	\N	30
1900	30	\N	\N	3	1	456	\N	30
3608	30	\N	\N	2	0	831	\N	30
1818	1500	\N	\N	3	2	426	\N	1500
1819	1500	\N	\N	2	1	426	\N	1500
1820	1500	\N	\N	1	0	426	\N	1500
1901	30	\N	\N	4	2	456	\N	30
55	30	\N	\N	2	0	89	\N	30
1289	90	\N	\N	3	3	78	\N	90
1824	1500	\N	\N	3	2	425	\N	1500
1825	1500	\N	\N	2	1	425	\N	1500
1826	1500	\N	\N	1	0	425	\N	1500
3609	30	\N	\N	3	1	831	\N	30
145	30	\N	\N	4	0	150	\N	30
154	30	\N	\N	4	0	157	\N	30
101	30	\N	\N	4	0	126	\N	30
1989	1500	\N	\N	3	2	447	\N	1500
1990	1500	\N	\N	2	1	447	\N	1500
1991	1500	\N	\N	1	0	447	\N	1500
91	30	\N	\N	4	0	154	\N	30
174	30	\N	\N	4	0	273	\N	30
3610	30	\N	\N	4	2	831	\N	30
3611	30	\N	\N	1	3	831	\N	30
138	30	\N	\N	2	0	177	\N	30
3612	30	\N	\N	1	5	831	\N	30
3613	30	\N	\N	1	6	831	\N	30
3614	30	\N	\N	2	0	832	\N	30
3615	30	\N	\N	3	1	832	\N	30
3616	30	\N	\N	4	2	832	\N	30
3617	30	\N	\N	1	3	832	\N	30
3618	30	\N	\N	1	5	832	\N	30
3619	30	\N	\N	1	6	832	\N	30
133	2	12	15	2	0	182	\N	2
697	3	8	12	3	1	31	\N	3
1082	4	6	8	4	2	31	\N	4
12	1	12	15	3	0	314	\N	1
766	2	8	12	3	1	334	\N	2
1151	3	6	8	4	2	334	\N	3
156	60	\N	\N	2	0	78	\N	60
2053	30	\N	\N	2	5	496	\N	30
2100	30	\N	\N	2	0	506	\N	30
225	1	12	15	2	0	56	\N	1
259	1	12	15	2	0	259	\N	1
243	60	\N	\N	2	0	76	\N	60
223	30	\N	\N	4	0	407	\N	30
3242	30	\N	\N	1	6	737	\N	30
267	30	\N	\N	2	0	395	\N	30
2253	24	\N	\N	5	3	539	\N	24
162	30	\N	\N	4	0	147	\N	30
1301	24	\N	\N	5	3	147	\N	24
3339	24	\N	\N	5	3	774	\N	24
1251	24	\N	\N	5	3	127	\N	24
155	30	\N	\N	4	0	156	\N	30
203	30	\N	\N	4	0	272	\N	30
2102	30	\N	\N	4	2	506	\N	30
1295	24	\N	\N	5	3	157	\N	24
249	2	12	15	2	0	337	\N	2
266	30	\N	\N	4	0	149	\N	30
181	30	\N	\N	2	0	142	\N	30
160	1	12	15	2	0	323	\N	1
171	30	\N	\N	4	0	155	\N	30
173	30	\N	\N	4	0	190	\N	30
159	1	12	16	2	0	169	\N	1
1833	1	6	8	4	2	441	\N	1
1248	24	\N	\N	5	3	126	\N	24
1875	30	\N	\N	3	1	451	\N	30
1873	30	\N	\N	2	0	451	\N	30
1876	30	\N	\N	4	2	451	\N	30
1765	20	\N	\N	3	1	438	\N	20
1831	1	12	15	2	0	441	\N	1
273	15	\N	\N	4	0	148	\N	15
200	2	12	15	2	0	390	\N	2
2054	30	\N	\N	2	0	497	\N	30
3599	24	\N	\N	5	3	829	\N	24
3605	24	\N	\N	5	3	830	\N	24
1274	1	15	20	2	3	314	\N	1
1799	15	\N	\N	4	0	428	\N	30
1798	20	\N	\N	3	1	428	\N	40
1797	30	\N	\N	2	2	428	\N	60
304	1	12	15	2	0	339	\N	1
109	15	\N	\N	4	0	160	\N	30
220	15	\N	\N	4	0	408	\N	30
293	15	\N	\N	4	0	396	\N	30
255	1	12	15	2	0	328	\N	3
111	15	\N	\N	4	0	161	\N	30
1254	12	\N	\N	5	3	161	\N	24
48	15	\N	\N	4	0	107	\N	30
95	1	12	15	2	0	44	\N	1
93	15	\N	\N	4	0	158	\N	30
2629	30	\N	\N	2	0	653	\N	30
2630	30	\N	\N	3	1	653	\N	30
2631	30	\N	\N	4	2	653	\N	30
2632	30	\N	\N	3	3	653	\N	30
1735	60	\N	\N	2	5	424	\N	60
1878	30	\N	\N	2	0	452	\N	30
397	1	8	12	4	1	314	\N	1
2675	1	8	10	1	3	578	\N	1
2058	30	\N	\N	1	5	497	\N	30
1879	30	\N	\N	2	5	452	\N	30
1884	30	\N	\N	2	5	453	\N	30
452	3	8	12	3	1	26	\N	3
2791	1	6	8	4	2	687	\N	1
318	30	\N	\N	2	0	329	\N	30
313	3	12	15	2	0	24	\N	3
451	3	8	12	3	1	27	\N	3
3520	3	12	15	2	0	812	\N	3
1874	30	\N	\N	2	5	451	\N	30
2109	30	\N	\N	2	5	508	\N	30
432	40	\N	\N	3	1	106	\N	40
387	20	\N	\N	3	1	261	\N	20
421	30	\N	\N	1	1	61	\N	30
402	3	8	12	3	1	253	\N	3
2055	30	\N	\N	3	1	497	\N	30
2056	30	\N	\N	4	2	497	\N	30
3521	3	8	12	3	1	812	\N	3
386	20	\N	\N	3	1	262	\N	20
440	30	\N	\N	3	1	89	\N	30
347	30	\N	\N	2	0	119	\N	30
3523	6	15	20	1	3	812	\N	6
224	15	\N	\N	4	0	267	\N	15
2921	60	\N	\N	3	3	716	\N	60
2968	60	\N	\N	3	3	726	\N	60
411	45	\N	\N	2	1	207	\N	45
396	2	8	12	3	1	250	\N	2
2112	30	\N	\N	4	2	507	\N	30
2019	24	\N	\N	5	3	487	\N	24
2111	30	\N	\N	3	1	507	\N	30
2110	30	\N	\N	2	0	507	\N	30
2105	30	\N	\N	2	0	508	\N	30
2106	30	\N	\N	3	1	508	\N	30
2107	30	\N	\N	4	2	508	\N	30
381	1	12	15	2	0	334	\N	1
2018	24	\N	\N	5	3	488	\N	24
1766	30	\N	\N	2	2	438	\N	30
175	15	\N	\N	4	0	159	\N	15
158	15	\N	\N	4	0	191	\N	15
292	15	\N	\N	4	0	194	\N	15
201	15	\N	\N	4	0	193	\N	15
312	2	12	15	2	0	31	\N	2
3191	15	\N	\N	4	2	729	\N	15
202	15	\N	\N	4	0	192	\N	15
275	15	\N	\N	4	0	151	\N	15
907	20	\N	\N	4	2	138	\N	20
340	15	\N	\N	4	0	110	\N	15
314	1	12	15	2	0	23	\N	1
2792	1	8	12	3	1	687	\N	1
2793	1	12	15	2	0	687	\N	1
2794	1	12	15	1	5	687	\N	1
1775	60	\N	\N	3	3	440	\N	60
463	60	\N	\N	3	1	91	\N	60
466	60	\N	\N	3	1	63	\N	60
1723	3	10	10	1	5	292	\N	3
2220	45	\N	\N	3	3	533	\N	45
1932	10	8	8	3	4	465	\N	10
2221	30	\N	\N	4	2	533	\N	30
610	2	8	12	3	1	56	\N	2
485	30	\N	\N	1	1	59	\N	30
2222	30	\N	\N	3	1	533	\N	30
1933	10	8	8	1	5	465	\N	10
541	60	\N	\N	3	1	78	\N	60
2224	30	\N	\N	2	5	533	\N	30
508	30	\N	\N	3	1	98	\N	30
557	40	\N	\N	3	1	265	\N	40
1680	60	\N	\N	2	5	78	\N	60
1678	30	\N	\N	1	5	95	\N	30
1679	30	\N	\N	1	5	98	\N	30
482	1	8	12	4	1	311	\N	1
3361	3	12	15	2	0	780	\N	3
545	1	8	12	3	1	323	\N	1
2114	30	\N	\N	2	5	507	\N	30
533	40	\N	\N	3	1	95	\N	40
2223	30	\N	\N	2	0	533	\N	30
608	40	\N	\N	3	1	407	\N	40
538	20	\N	\N	3	1	152	\N	20
547	40	\N	\N	3	1	147	\N	40
493	40	\N	\N	3	1	127	\N	40
530	40	\N	\N	3	1	150	\N	40
539	40	\N	\N	3	1	157	\N	40
1708	30	\N	\N	1	5	329	\N	30
609	20	\N	\N	3	1	267	\N	20
560	20	\N	\N	3	1	159	\N	20
600	30	\N	\N	2	1	324	\N	30
516	1	8	12	3	1	321	\N	1
3362	4	8	12	3	1	780	\N	4
486	40	\N	\N	3	1	126	\N	40
476	40	\N	\N	3	1	154	\N	40
556	40	\N	\N	3	1	155	\N	40
515	20	\N	\N	3	1	184	\N	20
520	30	\N	\N	3	1	93	\N	30
3363	5	6	8	4	2	780	\N	5
558	40	\N	\N	3	1	190	\N	40
559	40	14	14	3	1	273	\N	40
543	20	\N	\N	3	1	191	\N	20
586	20	\N	\N	3	1	193	\N	20
587	20	\N	\N	3	1	192	\N	20
497	20	\N	\N	3	1	65	\N	20
1883	30	\N	\N	2	0	453	\N	30
1885	30	\N	\N	3	1	453	\N	30
3417	30	\N	\N	2	0	793	\N	30
3418	30	\N	\N	3	1	793	\N	30
3419	30	\N	\N	4	2	793	\N	30
523	30	\N	\N	3	1	177	\N	30
1312	24	15	20	1	3	273	\N	24
3420	60	\N	\N	3	3	793	\N	60
494	20	\N	\N	3	1	160	\N	40
1341	12	\N	\N	5	3	408	\N	24
605	20	\N	\N	3	1	408	\N	40
1025	1	6	8	4	2	328	\N	5
2006	1	12	15	2	0	476	\N	3
2005	1	8	12	3	1	476	\N	4
496	20	\N	\N	3	1	161	\N	40
478	20	\N	\N	3	1	158	\N	40
317	15	\N	\N	4	0	330	\N	30
480	1	8	12	3	1	44	\N	1
433	20	\N	\N	3	1	107	\N	40
3421	30	\N	\N	2	5	793	\N	30
1886	30	\N	\N	4	2	453	\N	30
3626	3	10	10	1	5	834	\N	3
3422	30	\N	\N	2	6	793	\N	30
544	1	8	12	3	1	169	\N	1
1850	10	15	20	1	3	443	\N	10
644	1	8	12	3	1	259	\N	1
652	30	\N	\N	2	1	395	\N	30
3426	90	\N	\N	3	3	794	\N	90
624	1	8	12	3	1	116	\N	1
2119	60	\N	\N	1	5	509	\N	60
1889	30	\N	\N	2	5	454	\N	30
1741	30	\N	\N	2	5	177	\N	30
3427	60	\N	\N	2	5	794	\N	60
2021	40	\N	\N	3	1	487	\N	40
1707	30	\N	\N	1	5	330	\N	30
744	30	\N	\N	3	1	301	\N	30
1697	60	\N	\N	2	5	422	\N	60
2124	30	\N	\N	1	5	510	\N	30
703	30	\N	\N	3	1	329	\N	30
1890	30	\N	\N	3	1	454	\N	30
3428	60	\N	\N	2	6	794	\N	60
2144	30	\N	\N	1	5	514	\N	30
3225	30	\N	\N	2	4	737	\N	30
3226	30	\N	\N	2	4	738	\N	30
698	3	8	12	3	1	24	\N	3
647	3	8	12	3	1	28	\N	3
2115	60	\N	\N	2	0	509	\N	60
2116	60	\N	\N	3	1	509	\N	60
2117	60	\N	\N	4	2	509	\N	60
2225	30	\N	\N	2	0	534	\N	30
2022	30	\N	\N	4	0	487	\N	30
2015	30	\N	\N	4	0	488	\N	30
2016	40	\N	\N	3	1	488	\N	40
3365	12	\N	\N	5	3	771	\N	12
1888	30	\N	\N	2	0	454	\N	30
1891	30	\N	\N	4	2	454	\N	30
2020	60	\N	\N	2	2	487	\N	60
2017	60	\N	\N	2	2	488	\N	60
2226	30	\N	\N	3	1	534	\N	30
658	20	\N	\N	3	1	148	\N	20
2227	30	\N	\N	4	2	534	\N	30
3366	30	\N	\N	2	2	771	\N	30
677	20	\N	\N	3	1	194	\N	20
660	20	\N	\N	3	1	151	\N	20
725	20	\N	\N	3	1	110	\N	20
613	20	\N	\N	3	1	266	\N	20
2380	1	6	8	5	2	571	\N	1
3367	20	\N	\N	3	1	771	\N	20
3368	15	\N	\N	4	0	771	\N	15
699	1	8	12	3	1	23	\N	1
3369	15	\N	\N	4	0	770	\N	15
3370	20	\N	\N	3	1	770	\N	20
3371	30	\N	\N	2	2	770	\N	30
3372	12	\N	\N	5	3	770	\N	12
630	1	8	12	3	1	75	\N	1
1322	1	12	15	1	3	169	\N	1
2382	1	12	15	3	0	571	\N	1
1895	30	\N	\N	3	1	455	\N	30
837	3	6	8	4	2	26	\N	3
882	30	\N	\N	2	2	65	\N	30
1894	30	\N	\N	2	5	455	\N	30
893	30	\N	\N	4	2	98	\N	30
2381	1	8	12	4	1	571	\N	1
1897	60	\N	\N	3	3	455	\N	60
836	3	6	8	4	2	27	\N	3
825	30	\N	\N	4	2	89	\N	30
867	1	6	8	5	2	311	\N	1
1368	60	\N	\N	3	3	395	\N	60
905	30	\N	\N	4	2	93	\N	30
851	60	\N	\N	4	2	63	\N	60
2234	30	\N	\N	1	5	535	\N	30
2121	30	\N	\N	3	1	510	\N	30
1299	1	15	20	1	3	323	\N	1
1365	6	15	20	1	3	28	\N	6
848	60	\N	\N	3	2	91	\N	60
924	60	\N	\N	2	2	157	\N	60
870	30	\N	\N	1	2	59	\N	30
871	60	\N	\N	2	2	126	\N	60
3632	1	6	8	4	2	836	\N	1
1364	1	15	20	1	3	259	\N	1
771	30	\N	\N	2	2	262	\N	30
3633	1	8	12	3	1	836	\N	1
998	30	\N	\N	2	2	266	\N	30
1925	24	\N	\N	5	3	461	\N	24
3429	15	\N	\N	4	0	795	\N	15
3430	20	\N	\N	3	1	795	\N	20
3247	1	10	10	1	5	744	\N	1
772	30	\N	\N	2	2	261	\N	30
994	30	\N	\N	2	2	267	\N	30
900	30	\N	\N	2	2	184	\N	30
228	15	\N	\N	4	0	266	\N	15
903	4	6	8	4	2	182	\N	4
3431	30	\N	\N	2	2	795	\N	30
2232	30	\N	\N	4	2	535	\N	30
2231	30	\N	\N	3	1	535	\N	30
2230	30	\N	\N	2	0	535	\N	30
816	30	\N	\N	4	2	97	\N	30
3246	10	3	3	1	6	744	\N	10
3432	12	\N	\N	5	3	795	\N	12
2638	6	15	20	1	3	654	\N	6
796	60	\N	\N	2	2	207	\N	60
2233	30	\N	\N	3	3	535	\N	30
3634	1	12	15	2	0	836	\N	1
3635	1	15	20	1	3	836	\N	1
926	60	\N	\N	4	2	78	\N	60
1669	60	\N	\N	2	5	91	\N	60
1013	60	\N	\N	4	2	76	\N	60
995	3	6	8	4	2	56	\N	3
1029	1	6	8	4	2	259	\N	1
966	1	6	8	4	2	317	\N	1
930	1	6	8	4	2	323	\N	1
1899	30	\N	\N	2	5	456	\N	30
923	30	\N	\N	2	2	152	\N	30
17	3	12	15	2	0	253	\N	3
985	30	\N	\N	2	2	324	\N	30
993	60	\N	\N	2	2	407	\N	60
678	20	\N	\N	3	1	396	\N	40
1662	30	\N	\N	\N	5	54	\N	60
1663	30	\N	\N	\N	5	55	\N	60
3374	30	\N	\N	\N	6	781	\N	60
1388	12	\N	\N	5	3	396	\N	24
640	1	8	12	3	1	328	\N	4
2003	1	15	20	1	3	476	\N	6
881	30	\N	\N	2	2	161	\N	60
865	1	6	8	4	2	44	\N	1
1671	1	10	10	1	5	44	\N	1
932	60	\N	\N	2	2	147	\N	60
925	60	\N	\N	2	2	156	\N	60
1036	60	\N	\N	2	2	149	\N	60
941	60	\N	\N	2	2	155	\N	60
928	30	\N	\N	2	2	191	\N	30
944	60	8	8	2	2	273	\N	60
1767	12	\N	\N	5	3	438	\N	12
1178	12	\N	\N	5	3	261	\N	12
1177	12	\N	\N	5	3	262	\N	12
1043	30	\N	\N	2	2	148	\N	30
1062	30	\N	\N	2	2	194	\N	30
1770	30	\N	\N	2	2	437	\N	30
1032	3	6	8	4	2	28	\N	3
1247	60	\N	\N	3	3	59	\N	60
1037	30	\N	\N	2	2	395	\N	30
1207	60	\N	\N	3	3	97	\N	60
1084	1	6	8	4	2	23	\N	1
2704	300	\N	\N	1	5	426	\N	300
1772	30	\N	\N	2	0	440	\N	30
2854	30	\N	\N	1	5	701	\N	30
1773	30	\N	\N	3	1	440	\N	30
2922	30	\N	\N	1	5	716	\N	30
2969	30	\N	\N	1	5	726	\N	30
1774	30	\N	\N	4	2	440	\N	30
3270	60	\N	\N	2	5	752	\N	60
2287	1	12	15	2	0	546	\N	1
1847	5	20	20	2	0	443	\N	5
1088	30	\N	\N	4	2	329	\N	30
1117	30	\N	\N	4	2	119	\N	30
645	3	8	12	3	1	30	\N	3
2235	3	12	15	2	0	536	\N	3
245	1	12	15	2	0	75	\N	1
1083	3	6	8	4	2	24	\N	3
2238	3	15	20	1	3	536	\N	3
646	3	8	12	3	1	29	\N	3
787	3	6	8	4	2	253	\N	3
2918	30	\N	\N	2	0	716	\N	30
2965	30	\N	\N	2	0	726	\N	30
2919	30	\N	\N	3	1	716	\N	30
2920	30	\N	\N	4	2	716	\N	30
2966	30	\N	\N	3	1	726	\N	30
2967	30	\N	\N	4	2	726	\N	30
3190	15	\N	\N	3	1	729	\N	15
3189	15	\N	\N	2	0	729	\N	15
2236	3	8	12	3	1	536	\N	3
2237	3	6	8	4	2	536	\N	3
1110	30	\N	\N	2	2	110	\N	30
1848	5	20	20	2	1	443	\N	5
2857	3	6	8	4	2	702	\N	3
1849	5	20	20	2	2	443	\N	5
1129	30	\N	\N	4	2	301	\N	30
2189	5	15	20	1	3	526	\N	5
3286	1	15	20	1	3	756	\N	1
1670	60	\N	\N	2	5	63	\N	60
2625	30	\N	\N	2	0	652	\N	30
1804	60	\N	\N	2	4	424	\N	60
2626	30	\N	\N	3	1	652	\N	30
2288	1	8	12	3	1	546	\N	1
2862	24	\N	\N	5	3	704	\N	24
2487	30	\N	\N	1	5	619	\N	30
3248	1	6	8	1	5	745	\N	1
3249	6	3	5	1	6	745	\N	6
3271	60	\N	\N	2	6	752	\N	60
2627	30	\N	\N	4	2	652	\N	30
3322	30	\N	\N	1	5	769	\N	30
2248	60	\N	\N	3	3	538	\N	60
3323	30	\N	\N	2	4	769	\N	30
3324	30	\N	\N	1	6	769	\N	30
2122	30	\N	\N	4	2	510	\N	30
1983	30	\N	\N	1	5	395	\N	30
1769	20	\N	\N	3	1	437	\N	20
1768	15	\N	\N	4	0	437	\N	15
1722	3	10	10	1	5	291	\N	3
1871	20	\N	\N	1	5	449	\N	20
1987	1500	\N	\N	1	5	426	Don't show as a warmup	1500
2099	30	\N	\N	1	5	505	\N	30
1474	6	15	20	1	3	253	\N	6
3014	30	\N	\N	2	6	508	\N	30
2734	60	\N	\N	3	3	670	\N	60
2640	60	\N	\N	3	3	628	\N	60
1805	60	\N	\N	2	5	430	\N	60
1472	4	15	20	1	3	250	\N	4
2142	30	\N	\N	4	2	514	\N	30
2141	30	\N	\N	3	1	514	\N	30
2140	30	\N	\N	2	0	514	\N	30
2289	1	6	8	4	2	546	\N	1
2855	1	12	15	2	0	702	\N	1
2856	2	8	12	3	1	702	\N	2
3266	60	\N	\N	2	0	752	\N	60
3267	60	\N	\N	3	1	752	\N	60
3268	60	\N	\N	4	2	752	\N	60
1278	90	\N	\N	3	3	207	\N	90
1667	30	\N	\N	2	5	207	\N	30
2249	30	\N	\N	2	5	538	\N	30
1267	1	15	20	1	3	321	\N	1
2245	30	\N	\N	2	0	538	\N	30
2246	30	\N	\N	3	1	538	\N	30
2247	30	\N	\N	4	2	538	\N	30
2731	30	\N	\N	2	0	670	\N	30
2732	30	\N	\N	3	1	670	\N	30
2735	30	\N	\N	2	5	670	\N	30
3018	10	8	8	1	6	465	\N	10
2383	1	12	15	3	0	570	\N	1
2385	1	6	8	5	2	570	\N	1
522	20	\N	\N	3	1	138	\N	20
3021	60	\N	\N	2	6	78	\N	60
2860	40	\N	\N	3	1	704	\N	40
2494	30	\N	\N	4	0	586	\N	30
2863	30	\N	\N	4	0	703	\N	30
2859	30	\N	\N	4	0	704	\N	30
2492	60	\N	\N	2	2	586	\N	60
2865	60	\N	\N	2	2	703	\N	60
1572	45	\N	\N	2	0	422	\N	45
1571	45	\N	\N	3	1	422	\N	45
1570	45	\N	\N	4	2	422	\N	45
2861	60	\N	\N	2	2	704	\N	60
1286	12	\N	\N	5	3	65	\N	12
990	30	\N	\N	2	2	408	\N	60
1063	30	\N	\N	2	2	396	\N	60
3378	30	\N	\N	\N	6	783	\N	60
1087	30	\N	\N	2	2	330	\N	60
1834	1	15	20	1	3	441	\N	1
1290	24	\N	\N	5	3	95	\N	24
2488	30	\N	\N	4	2	585	\N	30
2489	30	\N	\N	3	1	585	\N	30
2490	30	\N	\N	2	0	585	\N	30
1271	5	15	20	1	3	182	\N	5
2557	60	\N	\N	2	5	635	\N	60
2190	1	10	10	1	5	526	\N	1
2254	30	\N	\N	1	5	539	\N	30
3536	1	12	15	2	0	816	\N	1
3537	2	8	12	3	1	816	\N	2
3538	3	6	8	4	2	816	\N	3
1009	1	6	8	4	2	116	\N	1
1696	60	\N	\N	2	5	76	\N	60
3223	30	\N	\N	1	6	265	\N	30
1913	1	12	15	2	0	459	\N	1
1914	1	8	12	3	1	459	\N	1
2740	30	\N	\N	2	5	671	\N	30
3539	4	15	20	1	3	816	\N	4
3385	1	15	20	3	4	785	\N	1
1455	60	\N	\N	3	3	301	\N	60
3386	3	10	10	1	5	785	\N	3
3224	30	\N	\N	1	5	265	\N	30
2566	3	10	10	1	5	638	\N	3
2482	3	10	10	1	5	583	\N	3
3387	3	10	10	1	6	785	\N	3
1915	1	6	8	4	2	459	\N	1
3336	30	\N	\N	4	0	774	\N	30
3337	40	\N	\N	3	1	774	\N	40
2252	60	\N	\N	2	2	539	\N	60
2250	30	\N	\N	4	0	539	\N	30
2251	40	\N	\N	3	1	539	\N	40
1832	1	8	12	3	1	441	\N	1
2384	1	8	12	4	1	570	\N	1
1520	5	15	20	1	3	31	\N	5
1533	1	15	20	1	3	116	\N	1
3636	1	6	8	4	2	839	\N	1
2707	30	\N	\N	4	2	655	\N	30
2814	1	10	10	1	5	691	\N	1
3637	1	8	12	3	1	839	\N	1
3638	1	12	15	2	0	839	\N	1
3639	1	15	20	1	3	839	\N	1
3640	1	6	8	4	2	838	\N	1
3641	1	8	12	3	1	838	\N	1
3642	1	12	15	2	0	838	\N	1
3643	1	15	20	1	3	838	\N	1
3644	1	6	8	4	2	837	\N	1
3645	1	8	12	3	1	837	\N	1
3646	1	12	15	2	0	837	\N	1
3647	1	15	20	1	3	837	\N	1
3439	30	\N	\N	1	0	797	\N	30
2123	60	\N	\N	3	3	510	\N	60
3388	30	\N	\N	2	0	786	\N	30
2255	30	\N	\N	4	0	540	\N	30
2341	1	6	8	4	2	606	\N	1
2342	1	8	12	3	1	606	\N	1
1865	30	\N	\N	2	0	446	\N	30
2151	30	\N	\N	2	2	517	\N	30
1864	30	\N	\N	3	1	446	\N	30
1863	30	\N	\N	4	2	446	\N	30
2155	30	\N	\N	2	2	516	\N	30
2816	30	\N	\N	1	5	440	\N	30
2152	20	\N	\N	3	1	517	\N	20
2156	20	\N	\N	3	1	516	\N	20
2153	15	\N	\N	4	0	517	\N	15
2157	15	\N	\N	4	0	516	\N	15
2343	1	12	15	2	0	606	\N	1
3389	30	\N	\N	3	1	786	\N	30
2944	2	10	10	1	5	721	\N	2
1345	2	15	20	1	3	56	\N	2
3433	30	\N	\N	1	0	796	\N	30
3390	30	\N	\N	4	2	786	\N	30
3391	60	\N	\N	3	3	786	\N	60
1866	30	\N	\N	2	5	446	\N	30
2971	30	\N	\N	4	2	727	\N	30
3392	30	\N	\N	2	5	786	\N	30
2972	30	\N	\N	3	1	727	\N	30
2973	30	\N	\N	2	0	727	\N	30
3393	30	\N	\N	2	6	786	\N	30
2519	24	\N	\N	5	5	627	\N	24
3331	30	\N	\N	1	5	773	\N	30
2041	30	\N	\N	2	0	494	\N	30
2042	30	\N	\N	3	1	494	\N	30
3344	30	\N	\N	4	2	775	\N	30
2516	30	\N	\N	4	0	627	\N	30
3434	30	\N	\N	2	1	796	\N	30
2517	40	\N	\N	3	1	627	\N	40
2518	60	\N	\N	2	2	627	\N	60
3435	30	\N	\N	3	2	796	\N	30
3436	30	\N	\N	4	3	796	\N	30
3440	30	\N	\N	2	1	797	\N	30
3441	30	\N	\N	3	2	797	\N	30
3442	30	\N	\N	4	3	797	\N	30
3444	30	\N	\N	1	6	797	\N	30
3445	30	\N	\N	1	0	798	\N	30
3446	30	\N	\N	2	1	798	\N	30
3447	30	\N	\N	3	2	798	\N	30
3448	30	\N	\N	4	3	798	\N	30
3443	30	\N	\N	2	5	797	\N	30
3449	60	\N	\N	2	5	798	\N	60
3540	60	\N	\N	4	2	817	\N	60
3541	60	\N	\N	3	1	817	\N	60
3542	60	\N	\N	2	0	817	\N	60
3543	90	\N	\N	3	3	817	\N	90
3544	60	\N	\N	1	5	817	\N	60
3545	60	\N	\N	1	6	817	\N	60
3437	60	\N	\N	2	5	796	\N	60
3438	60	\N	\N	2	6	796	\N	60
3450	60	\N	\N	2	6	798	\N	60
2256	40	\N	\N	3	1	540	\N	40
2257	60	\N	\N	2	2	540	\N	60
3652	30	\N	\N	1	6	840	\N	30
3457	30	\N	\N	1	0	800	\N	30
2491	60	\N	\N	2	5	585	\N	60
3653	30	\N	\N	1	5	840	\N	30
1410	1	15	20	1	3	328	\N	6
2540	30	\N	\N	\N	5	631	\N	60
3205	30	\N	\N	\N	5	732	\N	60
2544	30	\N	\N	\N	5	632	\N	60
1209	12	\N	\N	5	3	107	\N	24
689	1	8	12	3	1	339	\N	1
1074	1	6	8	4	2	339	\N	1
1441	1	15	20	1	3	399	\N	1
342	1	12	15	2	0	399	\N	1
2446	30	\N	\N	4	2	607	\N	30
2447	30	\N	\N	3	1	607	\N	30
2448	30	\N	\N	2	0	607	\N	30
2196	5	3	5	2	0	528	\N	5
2197	5	3	5	3	1	528	\N	5
3458	30	\N	\N	2	1	800	\N	30
2198	5	3	5	4	2	528	\N	5
3459	30	\N	\N	3	2	800	\N	30
1924	60	\N	\N	2	2	461	\N	60
1343	24	\N	\N	5	3	407	\N	24
2199	10	3	5	1	3	528	\N	10
2570	2	6	8	1	5	639	\N	2
1922	30	\N	\N	4	0	461	\N	30
3460	30	\N	\N	4	3	800	\N	30
2817	30	\N	\N	2	0	692	\N	30
2818	30	\N	\N	3	1	692	\N	30
2819	30	\N	\N	4	2	692	\N	30
2821	30	\N	\N	2	0	693	\N	30
2822	30	\N	\N	3	1	693	\N	30
2823	30	\N	\N	4	2	693	\N	30
732	30	\N	\N	3	1	119	\N	30
1923	40	\N	\N	3	1	461	\N	40
3462	30	\N	\N	1	6	800	\N	30
3461	30	\N	\N	2	5	800	\N	30
3546	1	12	15	2	0	818	\N	1
3547	1	8	12	3	1	818	\N	1
3548	1	6	8	4	2	818	\N	1
3549	1	15	20	1	3	818	\N	1
2276	1	8	12	3	1	544	\N	1
3104	30	\N	\N	2	6	502	\N	30
1868	20	\N	\N	3	2	449	\N	20
1869	20	\N	\N	3	1	449	\N	20
1870	20	\N	\N	3	0	449	\N	20
908	30	\N	\N	4	2	177	\N	30
2049	30	\N	\N	2	0	496	\N	30
2050	30	\N	\N	3	1	496	\N	30
2051	30	\N	\N	4	2	496	\N	30
3212	30	\N	\N	1	6	733	\N	30
3304	30	\N	\N	1	5	764	\N	30
3305	30	\N	\N	2	4	764	\N	30
3306	30	\N	\N	1	6	764	\N	30
3325	30	\N	\N	1	5	770	\N	30
3326	30	\N	\N	1	6	770	\N	30
3106	30	\N	\N	2	6	207	\N	30
2265	30	\N	\N	2	0	543	\N	30
3107	30	\N	\N	2	6	538	\N	30
3654	1	3	4	4	2	841	\N	1
3655	1	4	6	3	1	841	\N	1
3656	1	6	8	2	0	841	\N	1
3657	1	8	10	1	3	841	\N	1
2266	30	\N	\N	3	1	543	\N	30
2267	30	\N	\N	4	2	543	\N	30
2825	30	\N	\N	2	0	694	\N	30
2826	30	\N	\N	3	1	694	\N	30
2827	30	\N	\N	4	2	694	\N	30
2829	30	\N	\N	2	0	695	\N	30
2830	30	\N	\N	3	1	695	\N	30
2831	30	\N	\N	4	2	695	\N	30
2833	30	\N	\N	2	0	696	\N	30
2834	30	\N	\N	3	1	696	\N	30
2835	30	\N	\N	4	2	696	\N	30
2975	30	\N	\N	4	2	728	\N	30
2976	30	\N	\N	3	1	728	\N	30
2977	30	\N	\N	2	0	728	\N	30
3207	30	\N	\N	2	0	733	\N	30
3208	30	\N	\N	3	1	733	\N	30
3209	30	\N	\N	4	2	733	\N	30
2035	30	\N	\N	4	2	491	\N	30
2352	2	12	15	2	0	584	\N	2
2034	30	\N	\N	3	1	491	\N	30
2351	3	8	12	3	1	584	\N	3
2033	30	\N	\N	2	0	491	\N	30
2350	4	6	8	4	2	584	\N	4
3469	1	6	8	4	2	802	\N	1
3470	1	15	20	1	3	802	\N	1
2979	2	10	10	1	6	169	\N	2
3554	1	12	15	2	0	820	\N	1
3555	1	8	12	3	1	820	\N	1
3556	1	6	8	4	2	820	\N	1
3557	1	15	20	1	3	820	\N	1
1279	6	15	20	1	3	26	\N	6
2893	60	\N	\N	2	5	710	\N	60
2980	30	\N	\N	1	6	665	\N	30
2981	30	\N	\N	2	6	531	\N	30
2982	1500	\N	\N	1	6	425	Don't show as a warmup	1500
2984	1500	\N	\N	1	6	448	Don't show as a warmup	1500
2985	30	\N	\N	2	6	119	\N	30
1569	90	\N	\N	2	3	422	\N	90
2988	1500	\N	\N	1	6	447	Don't show as a warmup	1500
3123	1	10	10	1	6	691	\N	1
2995	30	\N	\N	2	6	496	\N	30
3005	1	12	15	1	6	687	\N	1
3648	30	\N	\N	4	0	840	\N	30
2998	30	\N	\N	1	6	506	\N	30
2999	30	\N	\N	2	6	89	\N	30
2205	60	\N	\N	2	0	530	\N	60
2206	60	\N	\N	3	1	530	\N	60
2207	60	\N	\N	4	2	530	\N	60
3008	30	\N	\N	1	6	497	\N	30
3651	24	\N	\N	5	3	840	\N	24
3122	3	10	10	1	6	638	\N	3
3650	60	\N	\N	2	2	840	\N	60
3649	40	\N	\N	3	1	840	\N	40
3409	3	10	10	1	5	790	\N	3
1282	1	15	20	2	3	311	\N	1
3114	30	\N	\N	1	6	619	\N	30
3115	60	\N	\N	2	6	635	\N	60
3117	30	\N	\N	1	6	539	\N	30
2890	45	\N	\N	4	2	710	\N	45
2891	45	\N	\N	3	1	710	\N	45
2892	45	\N	\N	2	0	710	\N	45
3120	60	\N	\N	2	6	76	\N	60
3658	30	\N	\N	2	0	842	\N	30
3659	30	\N	\N	3	1	842	\N	30
2903	1	15	20	2	4	711	\N	1
3456	1	10	10	1	6	799	\N	1
3060	1	10	10	1	6	390	\N	1
3660	30	\N	\N	4	2	842	\N	30
3455	1	10	10	1	5	799	\N	1
3661	60	\N	\N	3	3	842	\N	60
3558	30	\N	\N	2	0	821	\N	30
2244	30	\N	\N	1	5	537	\N	30
3022	30	\N	\N	1	6	95	\N	30
3023	30	\N	\N	1	6	98	\N	30
390	1	8	12	3	1	343	\N	1
1415	1	15	20	1	3	339	\N	1
775	1	6	8	4	2	343	\N	1
3025	30	\N	\N	2	6	507	\N	30
3559	30	\N	\N	3	1	821	\N	30
2264	30	\N	\N	1	5	541	\N	30
3026	30	\N	\N	1	6	499	\N	30
3032	60	\N	\N	1	6	509	\N	60
3033	30	\N	\N	2	6	454	\N	30
1500	30	\N	\N	3	3	138	\N	30
3560	30	\N	\N	4	2	821	\N	30
3034	30	\N	\N	2	6	177	\N	30
3561	60	\N	\N	3	3	821	\N	60
2837	30	\N	\N	4	0	698	\N	30
3562	30	\N	\N	2	5	821	\N	30
3035	30	\N	\N	2	6	534	\N	30
3036	30	\N	\N	2	6	455	\N	30
2841	30	\N	\N	4	0	697	\N	30
3563	30	\N	\N	2	6	821	\N	30
3040	60	\N	\N	2	6	91	\N	60
2838	40	\N	\N	3	1	698	\N	40
2842	40	\N	\N	3	1	697	\N	40
3044	30	\N	\N	2	6	456	\N	30
2839	60	\N	\N	2	2	698	\N	60
2843	60	\N	\N	2	2	697	\N	60
3054	300	\N	\N	1	6	426	\N	300
3126	60	\N	\N	2	6	430	\N	60
2902	1	10	10	1	5	711	\N	1
3411	30	\N	\N	2	4	791	\N	30
3056	30	\N	\N	1	6	701	\N	30
3058	30	\N	\N	1	6	716	\N	30
3059	30	\N	\N	1	6	726	\N	30
3031	30	\N	\N	2	6	93	\N	30
3037	30	\N	\N	1	6	535	\N	30
3412	30	\N	\N	1	5	791	\N	30
3413	30	\N	\N	1	6	791	\N	30
3414	30	\N	\N	2	4	792	\N	30
3662	30	\N	\N	1	5	842	\N	30
3415	30	\N	\N	1	5	792	\N	30
3057	30	\N	\N	1	6	689	\N	30
3124	30	\N	\N	2	6	671	\N	30
3416	30	\N	\N	1	6	792	\N	30
3127	30	\N	\N	1	6	440	\N	30
3663	30	\N	\N	1	6	842	\N	30
3451	1	12	15	2	0	799	\N	1
3452	1	8	12	3	1	799	\N	1
3453	1	6	8	4	2	799	\N	1
3454	1	15	20	1	3	799	\N	1
3030	3	10	10	1	6	75	\N	3
2240	30	\N	\N	2	0	537	\N	30
2714	1	10	10	1	5	661	\N	1
2241	30	\N	\N	3	1	537	\N	30
2242	30	\N	\N	4	2	537	\N	30
2260	30	\N	\N	2	0	541	\N	30
2261	30	\N	\N	3	1	541	\N	30
2262	30	\N	\N	4	2	541	\N	30
3116	1	10	10	1	6	526	\N	1
2715	1	6	8	1	5	662	\N	1
1273	24	\N	\N	5	3	150	\N	24
2208	90	\N	\N	3	3	530	\N	90
1296	24	\N	\N	5	3	156	\N	24
1309	24	\N	\N	5	3	155	\N	24
3564	30	\N	\N	2	0	822	\N	30
3063	3	6	8	1	6	536	\N	3
3565	30	\N	\N	3	1	822	\N	30
1324	30	\N	\N	3	3	142	\N	30
3566	30	\N	\N	4	2	822	\N	30
3068	2	12	15	1	6	654	\N	2
3069	60	\N	\N	2	6	63	\N	60
3567	60	\N	\N	3	3	822	\N	60
3163	1	10	10	1	6	711	\N	1
3121	3	10	10	1	6	583	\N	3
3075	10	3	3	1	6	292	\N	10
3071	10	3	3	1	6	291	\N	10
3154	1500	\N	\N	1	6	426	Don't show as a warmup	1500
3155	30	\N	\N	1	6	505	\N	30
3159	30	\N	\N	2	6	529	\N	30
3162	60	\N	\N	2	6	710	\N	60
3165	30	\N	\N	1	6	537	\N	30
3166	30	\N	\N	1	6	541	\N	30
3167	1	10	10	1	6	661	\N	1
3664	24	\N	\N	5	3	773	\N	24
3665	60	\N	\N	2	2	773	\N	60
3666	40	\N	\N	3	1	773	\N	40
3667	30	\N	\N	4	0	773	\N	30
2377	1	6	8	4	2	594	\N	1
2851	60	\N	\N	2	2	700	\N	60
2209	60	\N	\N	2	5	530	\N	60
2527	30	\N	\N	1	5	628	\N	30
2849	30	\N	\N	4	0	700	\N	30
1682	30	\N	\N	1	5	142	\N	30
2574	2	10	10	1	5	640	\N	2
2483	3	10	10	1	5	582	\N	3
2850	40	\N	\N	3	1	700	\N	40
540	40	\N	\N	3	1	156	\N	40
588	40	\N	\N	3	1	272	\N	40
651	40	\N	\N	3	1	149	\N	40
915	60	\N	\N	2	2	150	\N	60
861	60	\N	\N	2	2	154	\N	60
2094	30	\N	\N	1	5	498	\N	30
973	60	\N	\N	2	2	272	\N	60
2959	60	\N	\N	1	5	612	\N	60
3129	30	\N	\N	1	6	627	\N	30
2462	20	\N	\N	3	1	616	\N	20
3131	30	\N	\N	2	6	446	\N	30
2524	30	\N	\N	2	0	628	\N	30
2525	30	\N	\N	3	1	628	\N	30
2526	30	\N	\N	4	2	628	\N	30
3134	30	\N	\N	1	6	460	\N	30
566	30	\N	\N	3	1	142	\N	30
951	30	\N	\N	4	2	142	\N	30
3174	30	\N	\N	1	6	628	\N	30
3175	30	\N	\N	1	6	142	\N	30
2461	30	\N	\N	2	2	616	\N	30
3052	30	\N	\N	\N	6	53	\N	60
3041	30	\N	\N	\N	6	54	\N	60
3042	30	\N	\N	\N	6	55	\N	60
3132	30	\N	\N	\N	6	632	\N	60
2562	30	\N	\N	\N	5	637	\N	60
3176	30	\N	\N	\N	6	637	\N	60
2898	1	10	10	3	4	714	\N	1
2897	1	10	10	1	5	714	\N	1
3168	1	10	10	1	6	714	\N	1
3043	1	10	10	1	6	44	\N	1
1545	1	15	20	1	3	400	\N	1
3178	3	10	10	1	6	582	\N	3
943	60	\N	\N	2	2	190	\N	60
2476	60	\N	\N	4	2	612	\N	60
945	30	\N	\N	2	2	159	\N	30
2480	20	\N	\N	3	1	580	\N	20
2477	60	\N	\N	3	1	612	\N	60
2469	30	\N	\N	4	0	576	\N	30
2467	60	\N	\N	2	2	576	\N	60
2468	40	\N	\N	3	1	576	\N	40
2091	30	\N	\N	3	1	498	\N	30
2090	30	\N	\N	2	0	498	\N	30
2463	15	\N	\N	4	0	616	\N	15
2277	1	6	8	4	2	544	\N	1
2279	1	15	20	2	4	544	\N	1
2379	1	12	15	2	0	594	\N	1
2378	1	8	12	3	1	594	\N	1
3128	20	\N	\N	1	6	540	\N	20
2452	1	3	4	4	2	578	\N	1
2453	1	4	6	3	1	578	\N	1
2454	1	6	8	2	0	578	\N	1
135	30	\N	\N	2	0	93	\N	30
1858	1	12	15	2	0	445	\N	1
1859	1	8	12	3	1	445	\N	1
1860	1	6	8	4	2	445	\N	1
3182	2	10	10	1	6	640	\N	2
3327	30	\N	\N	1	5	771	\N	30
3136	30	\N	\N	1	6	395	\N	30
3181	30	\N	\N	1	6	498	\N	30
3183	60	\N	\N	1	6	612	\N	60
3328	30	\N	\N	1	6	771	\N	30
3156	30	\N	\N	1	6	543	\N	30
3173	60	\N	\N	2	6	530	\N	60
3142	2	6	8	1	6	639	\N	2
2804	30	\N	\N	1	5	689	\N	30
3171	30	\N	\N	1	6	662	\N	30
3321	30	\N	\N	1	6	768	\N	30
3213	2	12	15	2	0	734	\N	2
3214	3	8	12	3	1	734	\N	3
3215	4	6	8	4	2	734	\N	4
3320	1	15	20	2	4	768	\N	1
2706	30	\N	\N	3	1	655	\N	30
2705	30	\N	\N	2	0	655	\N	30
3319	3	10	10	1	5	768	\N	3
2186	2	12	15	2	0	526	\N	2
2187	3	8	12	3	1	526	\N	3
2188	4	6	8	4	2	526	\N	4
3574	1	12	15	2	0	824	\N	1
2801	30	\N	\N	4	2	689	\N	30
3575	1	8	12	3	1	824	\N	1
3576	1	6	8	4	2	824	\N	1
2802	30	\N	\N	3	1	689	\N	30
2803	30	\N	\N	2	0	689	\N	30
3577	1	15	20	1	3	824	\N	1
2795	1	15	20	1	3	687	\N	1
2758	1	12	15	2	0	680	\N	1
2759	1	8	12	3	1	680	\N	1
2760	1	6	8	4	2	680	\N	1
2762	1	12	15	2	0	681	\N	1
2763	1	8	12	3	1	681	\N	1
2764	1	6	8	4	2	681	\N	1
2213	60	\N	\N	3	3	531	\N	60
3578	1	12	15	2	0	825	\N	1
3579	1	8	12	3	1	825	\N	1
3580	1	6	8	4	2	825	\N	1
3581	1	15	20	1	3	825	\N	1
1998	1500	\N	\N	1	5	448	Don't show as a warmup	1500
2852	24	\N	\N	5	3	700	\N	24
1749	30	\N	\N	2	5	119	\N	30
1992	1500	\N	\N	1	5	447	Don't show as a warmup	1500
2866	24	\N	\N	5	3	703	\N	24
1344	12	\N	\N	5	3	267	\N	12
2104	30	\N	\N	1	5	506	\N	30
1747	30	\N	\N	2	5	89	\N	30
1397	12	\N	\N	5	3	159	\N	12
1374	12	\N	\N	5	3	151	\N	12
1346	12	\N	\N	5	3	266	\N	12
2680	1	15	20	2	3	571	\N	1
2228	60	\N	\N	3	3	534	\N	60
2820	60	\N	\N	3	3	692	\N	60
2824	60	\N	\N	3	3	693	\N	60
1994	1500	\N	\N	4	3	448	\N	1500
1817	1500	\N	\N	4	3	426	\N	1500
1823	1500	\N	\N	4	3	425	\N	1500
1988	1500	\N	\N	4	3	447	\N	1500
2057	60	\N	\N	3	3	497	\N	60
1444	60	\N	\N	3	3	119	\N	60
1882	60	\N	\N	3	3	452	\N	60
2108	60	\N	\N	3	3	508	\N	60
1902	60	\N	\N	3	3	456	\N	60
2143	60	\N	\N	3	3	514	\N	60
1827	60	\N	\N	2	4	430	\N	60
3488	60	\N	\N	2	4	807	\N	60
3487	60	\N	\N	2	5	807	\N	60
3493	60	\N	\N	2	6	807	\N	60
3582	1	12	15	2	0	826	\N	1
3583	1	8	12	3	1	826	\N	1
3584	1	6	8	4	2	826	\N	1
2661	60	\N	\N	3	3	607	\N	60
3585	1	15	20	1	3	826	\N	1
1681	2	10	10	1	5	169	\N	2
2662	1	15	20	1	3	594	\N	1
2693	1	15	20	1	3	546	\N	1
2672	1	15	20	1	3	606	\N	1
3676	30	\N	\N	2	0	845	\N	30
3677	30	\N	\N	3	1	845	\N	30
3678	30	\N	\N	4	2	845	\N	30
3679	60	\N	\N	3	3	845	\N	60
3680	30	\N	\N	2	5	845	\N	30
2805	30	\N	\N	3	3	689	\N	30
1470	2	15	20	1	3	334	\N	2
3681	30	\N	\N	2	6	845	\N	30
3494	60	\N	\N	2	5	808	\N	60
3499	60	\N	\N	2	6	808	\N	60
1841	3	10	10	1	5	75	\N	3
3262	1	10	10	1	5	750	\N	1
3254	15	\N	\N	4	0	748	\N	30
1835	1	10	10	3	4	441	\N	1
3586	1	12	15	2	0	827	\N	1
3587	1	8	12	3	1	827	\N	1
3588	1	6	8	4	2	827	\N	1
3589	1	15	20	1	3	827	\N	1
3505	1	12	15	2	0	768	\N	1
3504	1	8	12	3	1	768	\N	1
3503	1	6	8	4	2	768	\N	1
3502	1	15	20	1	3	768	\N	1
3590	30	\N	\N	1	5	828	\N	30
3591	30	\N	\N	1	6	828	\N	30
3592	12	\N	\N	5	3	828	\N	12
3593	30	\N	\N	2	2	828	\N	30
3594	20	\N	\N	3	1	828	\N	20
3595	15	\N	\N	4	0	828	\N	15
1208	24	\N	\N	5	3	106	\N	24
2840	24	\N	\N	5	3	698	\N	24
2844	24	\N	\N	5	3	697	\N	24
2154	12	\N	\N	5	3	516	\N	12
1226	6	15	20	1	3	27	\N	6
1349	6	15	20	1	3	29	\N	6
1409	5	15	20	1	3	337	\N	5
2259	20	\N	\N	1	5	540	\N	20
1517	1	15	20	1	3	23	\N	1
1326	1	15	20	1	3	317	\N	1
2889	90	\N	\N	2	3	710	\N	90
1235	120	\N	\N	3	3	91	\N	120
1216	60	\N	\N	3	3	89	\N	60
2700	60	\N	\N	3	3	627	\N	60
2696	90	\N	\N	3	3	612	\N	90
3192	15	\N	\N	3	3	729	\N	15
2628	60	\N	\N	3	3	652	\N	60
3269	90	\N	\N	3	3	752	\N	90
1424	60	\N	\N	3	3	329	\N	60
2739	60	\N	\N	3	3	671	\N	60
2708	60	\N	\N	3	3	655	\N	60
1862	45	\N	\N	3	3	446	\N	45
1336	60	\N	\N	3	3	324	\N	60
1300	90	\N	\N	3	3	76	\N	90
2974	60	\N	\N	3	3	727	\N	60
3345	60	\N	\N	3	3	775	\N	60
2052	60	\N	\N	3	3	496	\N	60
2118	90	\N	\N	3	3	509	\N	90
2268	60	\N	\N	3	3	543	\N	60
2828	60	\N	\N	3	3	694	\N	60
2832	60	\N	\N	3	3	695	\N	60
2836	60	\N	\N	3	3	696	\N	60
2103	60	\N	\N	3	3	506	\N	60
1887	60	\N	\N	3	3	453	\N	60
1892	60	\N	\N	3	3	454	\N	60
1877	60	\N	\N	3	3	451	\N	60
2113	60	\N	\N	3	3	507	\N	60
2200	60	\N	\N	3	3	529	\N	60
2978	60	\N	\N	3	3	728	\N	60
2648	1	15	20	2	3	570	\N	1
2683	24	\N	\N	5	3	576	\N	24
1239	30	\N	\N	3	3	93	\N	30
2263	60	\N	\N	3	3	541	\N	60
1867	30	\N	\N	4	3	449	\N	30
2150	12	\N	\N	5	3	517	\N	12
2641	12	\N	\N	5	3	580	\N	12
1771	12	\N	\N	5	3	437	\N	12
1294	12	\N	\N	5	3	152	\N	12
1266	12	\N	\N	5	3	184	\N	12
1298	12	\N	\N	5	3	191	\N	12
1327	12	\N	\N	5	3	193	\N	12
1328	12	\N	\N	5	3	192	\N	12
1439	12	\N	\N	5	3	110	\N	12
1916	1	15	20	1	3	459	\N	1
2858	2	15	20	1	3	702	\N	2
1861	1	15	20	1	3	445	\N	1
1303	6	15	20	1	3	30	\N	6
1310	24	\N	\N	5	3	265	\N	24
2652	60	\N	\N	3	3	608	\N	60
2653	24	\N	\N	5	3	586	\N	24
1175	24	\N	\N	5	3	154	\N	24
1398	24	\N	\N	5	3	272	\N	24
1367	24	\N	\N	5	3	149	\N	24
2848	12	\N	\N	5	3	699	\N	12
1387	12	\N	\N	5	3	194	\N	12
2658	12	\N	\N	5	3	616	\N	12
1407	5	15	20	1	3	390	\N	5
3512	3	12	15	2	0	810	\N	3
3513	3	8	12	3	1	810	\N	3
3514	3	6	8	4	2	810	\N	3
3515	6	15	20	1	3	810	\N	6
3600	30	\N	\N	1	5	829	\N	30
3601	30	\N	\N	1	6	829	\N	30
3606	30	\N	\N	1	5	830	\N	30
3607	30	\N	\N	1	6	830	\N	30
3596	30	\N	\N	4	0	829	\N	30
3602	30	\N	\N	4	0	830	\N	30
3597	40	\N	\N	3	1	829	\N	40
3603	40	\N	\N	3	1	830	\N	40
3604	60	\N	\N	2	2	830	\N	60
4351	\N	10	10	3	4	664	\N	\N
1333	1	15	20	1	3	129	\N	1
4189	30	\N	\N	1	5	865	\N	30
4190	30	\N	\N	2	4	865	\N	30
4191	30	\N	\N	1	6	865	\N	30
4192	30	\N	\N	\N	5	866	\N	60
4194	30	\N	\N	\N	6	866	\N	60
4193	30	\N	\N	\N	4	866	\N	60
3263	1	10	10	1	6	750	\N	1
3261	1	10	10	1	6	751	\N	1
4319	\N	12	15	2	0	893	\N	\N
4320	\N	8	12	3	1	893	\N	\N
4321	\N	6	8	4	2	893	\N	\N
4322	\N	15	20	1	3	893	\N	\N
1244	12	\N	\N	5	3	158	\N	24
4380	\N	12	15	2	0	904	\N	\N
4381	\N	8	12	3	1	904	\N	\N
4382	\N	6	8	4	2	904	\N	\N
4383	\N	15	20	1	3	904	\N	\N
4384	\N	10	10	3	4	904	\N	\N
4385	\N	6	8	4	2	905	\N	\N
4386	\N	8	12	3	1	905	\N	\N
4387	\N	12	15	2	0	905	\N	\N
4388	\N	15	20	1	3	905	\N	\N
4389	\N	6	8	4	2	906	\N	\N
4390	\N	8	12	3	1	906	\N	\N
4391	\N	12	15	2	0	906	\N	\N
4392	\N	15	20	1	3	906	\N	\N
4393	\N	6	8	4	2	907	\N	\N
4394	\N	8	12	3	1	907	\N	\N
4395	\N	12	15	2	0	907	\N	\N
4396	\N	15	20	1	3	907	\N	\N
4397	\N	10	10	3	4	907	\N	\N
4398	\N	6	8	4	2	908	\N	\N
4399	\N	8	12	3	1	908	\N	\N
4400	\N	12	15	2	0	908	\N	\N
4401	\N	15	20	1	3	908	\N	\N
4402	\N	10	10	3	4	908	\N	\N
4403	\N	6	8	4	2	909	\N	\N
4404	\N	8	12	3	1	909	\N	\N
4405	\N	12	15	2	0	909	\N	\N
4406	\N	15	20	1	3	909	\N	\N
4407	\N	10	10	3	4	909	\N	\N
4408	\N	6	8	4	2	910	\N	\N
4409	\N	8	12	3	1	910	\N	\N
4410	\N	12	15	2	0	910	\N	\N
4411	\N	15	20	1	3	910	\N	\N
4412	\N	10	10	3	4	910	\N	\N
2730	\N	10	10	3	4	669	\N	\N
3379	30	\N	\N	\N	0	784	\N	60
3380	30	\N	\N	\N	1	784	\N	60
3381	30	\N	\N	\N	2	784	\N	60
3382	30	\N	\N	\N	3	784	\N	60
3383	30	\N	\N	\N	6	784	\N	60
3384	30	\N	\N	\N	5	784	\N	60
\.


--
-- Data for Name: variation; Type: TABLE DATA; Schema: public; Owner: doadmin
--

COPY public.variation ("Id", "Name", "MuscleContractions", "DisabledReason", "StaticImage", "StretchMuscles", "StrengthMuscles", "Unilateral", "MuscleMovement", "MovementPattern", "AntiGravity", "SecondaryMuscles", "Notes", "DefaultInstructionId", "AnimatedImage", "IsWeighted", "UseCaution", "MobilityJoints", "ExerciseFocus") FROM stdin;
357	Dolphin Stretch	1	\N	dolphin-stretch.jpg	1548	0	f	1	0	f	0	\N	918	\N	f	f	0	8
902	Floor Angels	6	\N	wall-angels.jpg	327756	131104	f	2	0	f	0	\N	1745	\N	f	f	8388608	8
110	Side Plank	1	\N	full-side-plank.jpg	0	33169	t	1	0	f	4	\N	758	\N	f	f	0	17
580	Forearm Side Plank	1	\N	forearm-side-plank.jpg	0	33169	t	1	0	f	4	\N	1247	\N	f	f	0	17
780	Box Squats	6	\N	squats-box.jpg	0	2816	f	2	32	t	1025	\N	1579	squats-box.webp	t	f	0	1
795	Side Plank with Hip Lifts	7	\N	side-plank-hip-drops.jpg	0	33169	t	3	0	f	4	\N	1608	side-plank-hip-drops.webp	f	f	0	17
502	Jump Squats	6	\N	squat-jumps.jpg	0	3840	f	4	32	f	1	\N	1122	squat-jumps.webp	f	f	0	1
663	Half-Kneeling Hip Flexor Stretch	1	\N	hip-flexor-stretch.jpg	10496	0	t	1	0	f	0	\N	1410	\N	f	f	0	8
802	Deep Squats	6	\N	squat-deep.jpg	0	2816	f	2	32	t	1	\N	1619	deep-squats.webp	f	t	0	1
436	Lying Reverse Single Leg Lift	6	\N	reverse-lying-single-leg-lift.jpg	0	256	t	2	0	f	8193	Standing exercises are more osteogenic, but also easier to cheat the correct muscles.	1032	\N	t	f	0	1
827	Assisted Sumo Squats	6	\N	sumo-squats.jpg	0	35712	f	2	32	t	1025	\N	1647	squats-sumo.webp	f	f	0	1
595	Wrist Pronation and Supination	6	\N	wrist-rotations-alt.jpg	0	16384	f	2	0	f	0	\N	\N	\N	t	f	2097152	9
293	Cobra Stretch	1	\N	cobra-stretch.jpg	8203	135328	f	1	0	f	0	\N	856	\N	f	f	0	8
532	Pike Pushups	6	\N	pike-pushups.jpg	0	266284	f	2	4	f	145	\N	1176	pike-pushups.webp	f	f	0	1
676	One-Leg Camel Stretch	1	It's like a combination or the Camel and Bow pose. Let each pose do it's specific function to its full capacity.	camel-pose-one-leg.jpg	73741	2304	t	1	0	f	0	\N	1423	\N	f	f	0	8
541	Lateral Crab Walk	7	\N	reverse-tabletop.jpg	0	401	f	2	0	f	4	\N	1185	\N	f	f	0	9
324	Weighted Glute Bridge Hold	1	Duplciate of Weighted Glute Bridges	glute-bridges.jpg	0	256	f	1	0	f	640	\N	600	\N	t	f	0	29
823	Glute Bridge March	6	\N	glute-bridges.jpg	0	256	f	2	0	f	640	\N	1643	glute-bridge-march.webp	t	f	0	1
800	Seated Fast Feet	6	\N	jogging.jpg	0	12032	f	4	0	f	1	\N	1617	\N	f	f	0	2
717	Single Clean and Press	6	\N	deadlift.jpg	0	3040	f	2	16	f	1	Although power cleans share a lot of similarities with plyometric exercises, they’re not considered plyometrics due to the fact that it only focuses on building up strength rather than speed and agility.	\N	\N	t	t	0	1
635	Boxer Shuffle	6	\N	shadow-boxing.jpg	0	12032	f	4	0	f	1	\N	1370	boxer-shuffle.webp	f	f	0	4
670	Rotational Box Jumps	6	\N	box-jumps.jpg	0	2832	f	4	256	f	42117	\N	\N	\N	f	f	0	3
710	Speed Bag Air Punches	6	\N	shadow-boxing.jpg	0	4098	f	4	0	f	1	\N	1472	speed-bag-punches.webp	f	f	0	4
376	Pyramid Stretch	1	\N	pyramid-stretch-alt.jpg	8704	0	f	1	0	f	0	\N	940	\N	f	f	16777216	8
815	Assisted Chinups	6	\N	full-pullups.jpg	0	16450	f	2	8	f	196644	\N	\N	chinups-assisted.webp	f	f	12582912	1
841	Assisted Commando Pullups	6	\N	pullups-commando.jpg	0	16450	t	2	8	t	196644	\N	\N	pullups-commando.webp	t	f	12582912	1
814	Assisted Pullups	6	\N	full-pullups.jpg	0	81986	f	2	8	f	131108	t=6.50-16s	\N	pullups-assisted.webp	f	f	12582912	1
28	Front Staggered Squats	6	\N	squats-staggered-front.jpg	0	2816	f	2	32	f	1025	\N	610	\N	f	f	0	1
506	Depth Drops	6	\N	depth-drop.jpg	0	1792	f	4	0	f	1	\N	\N	\N	f	t	0	16
437	Reverse One-Leg Forearm Plank	1	\N	reverse-forearm-plank.jpg	0	8593	t	1	0	f	516	\N	1039	\N	f	f	0	1
14	Alternating Leg Raises	6	Inbetween step that seems too verbose.	alternating-leg-raises.jpg	0	8193	t	2	0	f	0	\N	641	\N	f	f	0	1
395	Reverse Tabletop	1	\N	reverse-tabletop-alt.jpg	4	261	f	1	0	f	0	Not strength, belongs in warmup/cooldown	962	\N	f	f	8388608	24
768	Yoga Bridge	6	\N	glute-bridges-yoga.jpg	0	2816	f	2	16	f	8320	\N	1563	bridge-yoga-alt.webp	f	f	0	29
608	Landmine Rotations	6	Duplicate of Landmine Oblique Twists	tight-twist.jpg	0	209	f	2	256	f	8704	\N	\N	\N	t	f	0	3
726	Figure 8 Wrist Mobilization	1	Uhm...	wrist-bend.jpg	0	16384	f	1	0	f	0	\N	1499	\N	f	f	2097152	9
698	Extended Forearm Plank	1	\N	hand-plank.jpg	0	8337	f	1	0	f	2052	\N	1451	\N	f	f	0	1
668	Elevated Pike Pushups	6	\N	elevated-pike-pushups.jpg	0	266284	f	2	4	f	145	\N	1415	pike-pushups-elevated.webp	f	f	0	1
65	Forearm Side Plank with Torso Rotation	7	\N	forearm-side-plank.jpg	0	33169	t	3	256	f	4	\N	725	forearm-side-plank-rotations.webp	f	f	0	17
546	Chinups	6	\N	full-chinups.jpg	0	16450	f	2	8	t	196644	\N	\N	chinups-full.webp	t	f	12582912	1
253	Lateral Squat	6	\N	lateral-squat.jpg	0	35584	t	2	32	t	17	\N	705	lateral-squat.webp	t	f	0	1
892	Shavasana	1	\N	shavasana.jpg	0	0	f	1	0	f	0	\N	1725	\N	f	f	0	0
753	Revolved Triangle Stretch	1	\N	triangle-stretch-revolved.jpg	33296	0	t	1	0	f	0	\N	1544	\N	f	f	0	8
549	Narrow-Grip Chinups	6	Duplicate of Chinups	narrow-pullups.jpg	0	81986	f	2	8	t	131109	\N	\N	\N	f	f	12582912	1
707	Scapular Pullups	6	\N	full-pullups.jpg	0	147488	f	2	0	f	65542	Not a vertical pulling movement. Does not cover the full range of motion.	\N	\N	t	f	12582912	1
778	Gate Stretch	1	\N	gate-stretch.jpg	295440	0	t	1	0	f	0	aka. Parighasana 	1576	\N	f	f	0	8
550	Jackknife Chinups	6	\N	jackknife-pullups.jpg	0	16450	f	2	8	t	196644	\N	\N	\N	f	f	12582912	1
42	One-Arm Pullups	6	More likely to cause tendon imflammation? Just stick with Full Pullups.	one-arm-pullups.jpg	0	81986	t	2	8	t	131108	\N	\N	\N	f	f	12582912	1
36	Jackknife Pullups	6	\N	jackknife-pullups.jpg	0	81986	f	2	8	t	131108	\N	\N	\N	f	f	12582912	1
183	Renegade Row	7	\N	dumbbell-plank-row.jpg	0	145	t	2	256	f	481638	Does not work horizontal pulling functional movements--you're limited in the weight you can pull by how strong your core is, so it's primarily an anti-rotation movement. Because of the weight limitation, I'm keeping the strenghening muscles to minor muscle groups and anti-rotation muscle groups. Back and arm muscles are tagged as stability muscle groups.	1371	renegade-row.webp	t	f	0	1
782	Fish Stretch	1	\N	fish-stretch.jpg	9	132	f	1	0	f	0	aka. Matsyasana	1582	\N	f	f	0	24
582	Forearm Plank to Dolphin	7	\N	dolphin-stretch.jpg	1024	270485	f	2	0	f	0	\N	1250	dolphin-plank.webp	f	f	0	1
152	Forearm Side Plank with Hip Lifts	7	\N	forearm-side-plank-hip-lifts.jpg	0	33169	t	3	0	f	4	\N	797	forearm-side-plank-hip-drops.webp	f	f	0	17
597	Pullover	6	\N	pullover.jpg	0	262216	f	2	0	t	4096	\N	\N	pullover.webp	t	f	0	1
521	Chest Fly	6	\N	bodyweight-fly.jpg	0	8	f	2	0	f	4	\N	\N	flyes-dumbbell.webp	t	f	0	1
770	Crow Hold	1	\N	crow-stretch.jpg	0	4321	f	1	0	f	4	\N	1565	\N	f	f	0	25
829	Pike Plank	1	\N	pike-pushups.jpg	0	4241	f	1	0	f	475172	\N	1650	\N	f	f	0	1
319	Half Reclined Hero Stretch	1	\N	fish-out-of-hero-stretch.jpg	10241	0	f	1	0	f	0	\N	556	\N	f	f	0	24
757	Kneeling Adductor Stretch	1	\N	hip-adductor-stretch-kneeling.jpg	33280	0	t	1	32	f	0	\N	1550	\N	f	f	0	24
728	Landmine Twists (Arms Only)	6	\N	tight-twist.jpg	0	209	f	2	256	f	8704	\N	\N	\N	t	f	0	3
209	Hammer Curl	6	\N	hammer-curl.jpg	0	16386	f	2	0	t	0	This works the Biceps and Forearms more evenly then a Bicep Curl.	\N	hammer-curl.webp	t	f	0	1
151	Forearm Side Plank with Hip Lifts	7	Duplicate of Forearm Side Plank with Hip Lift	forearm-side-plank-hip-lifts.jpg	0	33169	t	3	0	f	4	\N	615	\N	f	f	0	17
492	Ball Slam	6	\N	ball-slam.jpg	35	64	f	4	0	f	0	\N	\N	ball-slam.webp	t	f	0	3
699	One-Arm One-Leg Forearm Plank	1	\N	plank-one-arm-one-leg.jpg	0	2305	t	1	256	f	0	\N	1452	\N	f	f	0	1
515	Squat Throws	6	\N	squat-throws.jpg	0	3840	f	4	32	f	1	\N	\N	squat-throws.webp	t	f	0	3
866	Crane Hold	1	\N	crow-stretch.jpg	0	4321	f	1	0	f	4	\N	1695	\N	f	f	0	17
498	Plate Halo	6	\N	front-raise.jpg	0	327684	f	2	0	f	131104	\N	\N	halo.webp	t	f	0	9
222	Lateral Raise	6	\N	lateral-raise-alt.jpg	0	4	t	2	0	f	458784	\N	\N	lateral-raise.webp	t	f	0	1
45	Wall Bridges	6	\N	wall-bridges.jpg	0	4256	f	2	4	f	0	\N	566	\N	f	f	0	29
584	Wall Slide	7	\N	wall-sit.jpg	0	2304	f	2	0	f	0	\N	1251	\N	t	f	33554432	1
367	Lizard Stretch	1	\N	lizard-stretch.jpg	43776	0	t	1	0	f	0	\N	928	\N	f	f	0	24
425	Sprinting	6	Can't do on a treadmill. Requires outdoors while I want to keep these to at-home exercises.	sprinting.jpg	1	12032	f	4	0	f	0	\N	\N	\N	f	f	0	6
501	Inch Worms	6	\N	full-pushups.jpg	199553	4108	f	2	1	f	0	\N	1121	inch-worms.webp	f	f	0	8
700	Forearm Plank Shoulder Taps	7	Duplicate of Forearm Plank with Reach. Reach allows you to slowdown and engage your core, shoulder taps are to quick	plank-shoulder-taps.jpg	0	8337	f	2	0	f	2052	\N	1453	\N	f	f	0	1
769	Supported Shoulder Stand	1	\N	shoulder-stand-supported-alt.jpg	0	2816	f	1	16	f	8320	\N	1564	\N	f	f	0	1
723	Pullup Negatives	6	\N	full-pullups.jpg	0	16482	f	2	8	f	65541	\N	\N	pullup-negatives.webp	f	f	0	1
430	Jogging (in place)	6	\N	jogging.jpg	0	12032	f	4	0	f	1	\N	1610	jogging.webp	f	f	0	4
426	Running	6	You go for a warmup jog, not a warmup run.	running.jpg	0	12032	f	4	0	f	1	\N	\N	\N	f	f	0	4
447	Bounding	6	Can't do on a treadmill. Requires outdoors while I want to keep these to at-home exercises.	bounding.jpg	1	12032	f	4	0	f	0	\N	\N	\N	f	f	0	4
630	Straight-Arm Lat Pulldowns	6	\N	lat-pulldown-straight-arm.jpg	0	64	f	8	0	f	131108	It’s a great exercise to hone in on your lats. The straight arm pulldown exercise is as close to an isolation exercise for the lats as there is.\n\nThe only downside with this lat pulldown variation is there's a low ceiling for load potential. This is really purely an accessory movement. 	\N	lat-pulldown-straight-arm.webp	t	f	8388608	1
796	Toe Taps	6	\N	jogging.jpg	1024	8448	f	4	0	f	1	\N	1616	toe-taps.webp	f	f	0	4
797	Fast Feet	6	\N	jogging.jpg	0	12032	f	4	0	f	1	\N	1613	fast-fast.webp	f	f	0	2
449	One-Leg Lateral Jumps	6	Duplicate of Lateral Bounds	lateral-jumps.jpg	1	768	t	4	0	f	0	\N	1051	\N	f	f	0	20
507	Hurdle Hops	6	\N	hurdle-hops.jpg	0	3840	f	4	0	f	1	\N	1132	\N	f	f	0	4
508	One-Leg Hurdle Hops	6	\N	one-leg-hurdle-hops.jpg	0	3840	t	4	0	f	1	\N	1131	\N	f	f	0	20
155	Plank with Alternating Opposite Reach	7	\N	plank-opposite-reach.jpg	0	8337	f	2	0	f	2052	\N	577	\N	f	f	0	1
895	Reverse Hyperextensions	6	\N	back-extension.jpg	129	768	f	2	0	f	0	\N	\N	back-extension.webp	f	t	0	1
752	Hula Hoop	6	\N	hula-hoop.jpg	0	232705	f	4	0	f	0	\N	\N	hula-hoop.webp	f	f	0	4
781	Locust	1	\N	locust.jpg	9	384	f	1	0	f	0	aka. Salabhasana	1581	\N	f	f	0	9
724	Chinup Negatives	6	\N	full-pullups.jpg	0	16450	f	2	8	f	196644	\N	\N	\N	f	f	0	1
798	Seated Toe Taps	6	\N	jogging.jpg	0	524288	f	4	0	f	0	\N	1612	\N	f	f	0	4
330	Lateral Bear Crawl	7	\N	bear-crawl.jpg	0	145	f	2	0	f	269060	\N	878	\N	f	f	0	1
748	L Sit	1	\N	l-sit-alt.jpg	0	8321	f	1	0	f	131105	\N	1533	\N	f	f	0	1
656	Frog Stretch (Mandukasana)	1	\N	frog-stretch.jpg	33024	0	f	1	0	f	0	\N	1403	\N	f	f	0	8
490	Standing Scapular Retraction	6	\N	standing-t.jpg	65536	131108	f	2	0	f	0	\N	1104	\N	f	f	0	9
329	Bear Crawl	7	\N	bear-crawl.jpg	0	145	f	2	0	f	269060	\N	879	bear-crawl.webp	f	f	0	1
581	Hamstring Curls	6	\N	hamstring-slides.jpg	0	512	f	10	0	f	0	\N	1249	\N	f	f	0	1
516	Single Leg Lift from Reverse Forearm Plank	7	\N	reverse-one-leg-plank-alt.jpg	0	8593	t	11	0	f	2564	\N	1150	\N	t	f	0	1
657	Frog Stretch (Bhekasana)	1	\N	frog-pose.jpg	71693	0	f	1	0	f	0	\N	1405	\N	f	f	0	8
116	Bulgarian Split Squats	6	\N	bulgarian-split-squat.jpg	0	35072	t	2	64	t	513	\N	803	split-squat-elevated.webp	t	f	0	1
632	Standing Half Forward Fold	1	\N	forward-bend-half.jpg	1536	0	f	1	0	f	0	\N	1354	\N	f	f	0	8
607	Hanging Oblique Raises	6	\N	hanging-oblique-raises.jpg	82080	8209	f	2	0	f	0	\N	1299	hanging-oblique-raises.webp	t	f	0	1
825	Assisted ATG Split Squat	6	\N	split-squat.jpg	8192	2816	t	10	64	t	1025	\N	1645	split-squat-assisted.webp	f	f	117440512	9
612	Deep Squat Hold	1	\N	squat-deep.jpg	0	2816	f	1	0	f	1	\N	1308	\N	f	f	0	25
547	One-Hand Chinups	6	More likely to cause tendon imflammation? Just stick with Full Chinups.	one-arm-pullups.jpg	0	81986	t	2	8	t	131109	\N	\N	\N	f	f	12582912	1
658	Half Frog Stretch (Ardha Bhekasana)	1	\N	frog-pose-half.jpg	71693	0	t	1	0	f	0	\N	1404	\N	f	f	0	8
548	One-Arm Chinups	6	More likely to cause tendon imflammation? Just stick with Full Chinups.	one-arm-pullups.jpg	0	81986	t	2	8	t	131109	\N	\N	\N	f	f	12582912	1
380	Knees to Chest Stretch	1	\N	knees-to-chest-stretch.jpg	448	0	f	1	0	f	0	\N	944	\N	f	f	0	8
540	Plank to Pike Jumps	6	\N	pike-pushups.jpg	0	8193	f	4	0	f	4	\N	1184	\N	f	f	0	1
52	Stand to Stand Bridges	6	This is a fancy way to get in the bridge position, but you aren't actually doing a push up to a bridge.	standtostand-bridges-alt.jpg	0	4512	f	2	4	f	0	\N	717	\N	f	f	0	29
323	Glute Bridge	6	\N	glute-bridges.jpg	0	256	f	2	16	f	640	\N	569	glute-bridge.webp	t	f	0	1
39	One-Hand Pullups	6	More likely to cause tendon imflammation? Just stick with Full Pullups.	one-arm-pullups.jpg	0	81986	t	2	8	t	131108	\N	\N	\N	f	f	12582912	1
51	Wall Walking Bridges	6	This is a fancy way to get in the bridge position, but you aren't actually doing a push up to a bridge.	wallwalking-bridges.jpg	0	4512	f	2	4	f	0	\N	716	\N	f	f	0	29
49	Wheel Bridges	6	\N	wheel-bridges.jpg	0	4512	f	2	4	f	0	\N	714	bridges-wheel.webp	f	f	0	29
93	Burpees	6	\N	burpee.jpg	0	7948	f	4	0	f	0	\N	770	burpee.webp	f	f	0	7
727	Landmine Twists	6	\N	tight-twist.jpg	0	209	f	4	256	f	8704	aka. Full-Contact Twists	\N	\N	t	f	0	3
731	Passive Hang	1	\N	dead-hang.jpg	458982	16384	f	1	0	f	0	\N	\N	\N	f	f	0	1
855	Balancing Table Stretch	1	Duplicate of Bird Dogs	bird-dogs.jpg	73741	2304	f	1	0	f	0	\N	1684	\N	f	f	0	24
301	One-Leg Glute Bridge Hold	1	Duplciate of One-Leg Glute Bridges	glute-bridge-one-leg.jpg	0	256	t	1	0	f	640	\N	863	\N	f	f	0	1
285	Cat Stretch	1	Better when combined with Cow Stretch. See Cat/Cow Combo Stretch	cat-stretch.jpg	137	0	f	1	0	f	135266	\N	847	\N	f	f	0	24
146	One-Arm Camel Stretch	1	\N	camel-pose-one-arm.jpg	335885	2304	t	1	0	f	0	\N	781	\N	f	f	0	8
144	Full Camel Stretch	1	Regular Camel is enough.	camel-pose-full.jpg	73741	2304	f	1	0	f	0	\N	779	\N	f	f	0	8
772	Revolved Forward Fold	1	\N	forward-bend-revolved.jpg	1536	0	f	1	0	f	0	\N	1567	\N	f	f	0	8
562	Reverse Nordic Curl	6	\N	nordic-hamstrings.jpg	0	2048	f	2	0	f	512	\N	1227	\N	f	f	33554432	1
523	Decline Twisting Dumbbell Fly	6	Don't need the twist	decline-dumbbell-fly.jpg	0	12	f	2	0	f	0	\N	1168	\N	t	f	0	1
680	Standing Windmill	7	\N	kettlebell-windmill.jpg	512	4357	t	2	16	f	0	\N	1525	\N	t	f	0	1
667	Chest and Shoulders Stretch	1	Let's try to stick with Yoga poses for cooldown stretches. Camel pose covers these same muscles.	chest-and-shoulders-stretch.jpg	327694	0	f	1	0	f	0	\N	1414	\N	f	f	0	24
284	Cow Stretch	1	Better when combined with Cat Stretch. See Cat/Cow Combo Stretch	cow-stretch.jpg	131296	0	f	1	0	f	4107	\N	846	\N	f	f	0	24
763	Eye of the Needle Stretch	1	\N	eye-of-the-needle-stretch.jpg	40960	0	f	1	0	f	0	\N	1559	\N	f	f	16777216	8
359	Half Bow Stretch	1	\N	half-bow-pose.jpg	9088	0	t	1	0	f	0	\N	920	\N	f	f	0	24
736	Half Lotus Stretch	1	\N	lotus-stretch-half.jpg	40960	0	t	1	0	f	0	\N	1516	\N	f	f	0	24
361	Hero Stretch	1	\N	hero-stretch.jpg	10241	0	f	1	0	f	0	\N	922	\N	f	f	0	24
599	Wrist Curl	6	Duplciate of Wrist Flexion and Extension	wrist-curl.jpg	0	16384	f	2	0	f	0	\N	\N	\N	t	f	2097152	9
614	Standing Inner Thigh Leg Lift	6	\N	standing-inner-thigh-leg-lift.jpg	8209	33024	f	10	0	f	0	\N	1312	\N	t	f	0	1
720	Double Clean and Press	6	\N	deadlift.jpg	0	3040	f	2	16	f	1	Although power cleans share a lot of similarities with plyometric exercises, they’re not considered plyometrics due to the fact that it only focuses on building up strength rather than speed and agility.	\N	\N	t	t	0	3
544	Side-Lying Leg Lifts	7	\N	side-lying-leg-raises.jpg	0	33024	t	10	0	f	8209	Standing exercises are more osteogenic, but also easier to cheat the correct muscles.	1189	side-lying-leg-lift.webp	t	f	0	1
896	Assisted Reverse Nordic Curl	6	\N	nordic-hamstrings.jpg	0	2048	f	2	0	f	512	\N	\N	\N	f	f	33554432	1
897	Hip Airplane	6	\N	warrior-iii.jpg	33280	256	t	2	0	f	145	\N	1737	\N	f	f	16777216	25
578	Commando Pullups	6	\N	pullups-commando.jpg	0	16450	t	2	8	t	196644	\N	\N	pullups-commando.webp	t	f	12582912	1
38	Narrow-Grip Pullups	6	Duplicate of Pullups	narrow-pullups.jpg	0	81986	f	2	8	t	131108	\N	\N	\N	f	f	12582912	1
86	Downward Dog	1	\N	downward-dog-pose.jpg	1800	327684	f	1	0	f	0	\N	739	\N	f	f	0	8
813	Assisted Lateral Lunge	6	\N	lateral-lunge.jpg	0	35584	t	2	32	t	1024	\N	1631	lateral-lunge-alt.webp	f	f	117440512	9
509	Speed Skaters	6	\N	speed-skaters.jpg	17	12032	f	4	0	f	0	\N	1133	speed-skaters-alt.webp	f	t	0	7
898	Curtsy Lunges	6	\N	lunges-curtsy.jpg	0	35584	t	2	64	f	1024	May be dangerous for anyone with movement restrictions in the ankle, knee, hip or back as well as injuries to any of these structures	1739	curtsy-lunge.webp	t	t	117440512	17
899	Shoulder Dislocates	6	\N	banded-overhead-reach.jpg	0	65536	f	10	0	f	8	\N	1742	overhead-reach-banded.webp	t	f	8388608	9
730	World's Greatest Stretch	7	\N	worlds-greatest-stretch.jpg	262296	196644	t	2	288	f	1	\N	1507	worlds-greatest-stretch.webp	f	f	0	8
625	Back Hyperextensions	6	\N	back-extension.jpg	129	768	f	2	0	f	0	\N	\N	back-extension.webp	f	t	0	1
379	Rabbit Stretch	1	\N	rabbit-stretch.jpg	194	0	f	1	0	f	0	\N	941	\N	f	f	0	8
646	Single Leg Dolphin Stretch	1	\N	dolphin-stretch-one-leg.jpg	1548	0	t	1	0	f	0	\N	1388	\N	f	f	0	24
677	One-Leg King Pigeon Stretch	1	\N	king-pigeon-stretch.jpg	41472	0	t	1	0	f	0	\N	1424	\N	f	f	0	24
678	Pigeon Stretch	1	\N	pigeon-stretch.jpg	41472	0	t	1	0	f	0	\N	1425	\N	f	f	0	24
746	Standing IT Band Stretch	7	\N	forward-bend.jpg	1536	0	t	3	0	f	0	\N	1529	\N	f	f	0	24
306	Pullups	6	\N	full-pullups.jpg	0	81986	f	2	8	t	131108	\N	\N	pullups-full.webp	t	f	12582912	1
901	Shoulder Rotations	6	\N	front-raise.jpg	0	327684	f	2	0	f	131104	\N	\N	halo.webp	t	f	0	9
762	Pancake Stretch	1	\N	pancake-stretch-alt.jpg	41472	0	f	1	0	f	0	\N	1558	\N	f	t	0	24
690	Puppy Dog Stretch	1	\N	puppy-dog-stretch.jpg	327693	0	f	1	0	f	0	\N	1442	\N	f	f	0	24
289	Reclined Hero Stretch	1	\N	reclined-hero-stretch.jpg	10241	0	f	1	0	f	0	\N	852	\N	f	f	0	24
760	Side Angle Stretch	1	\N	side-angle-stretch.jpg	40984	131076	t	1	288	f	1025	\N	1556	\N	f	f	0	24
297	Sphinx Stretch	1	\N	cobra-forearm-stretch.jpg	8203	135328	f	1	0	f	0	\N	860	\N	f	f	0	24
713	Supine Hamstring Stretch	1	\N	supine-hamstring-floss.jpg	512	257	t	2	0	f	0	\N	1474	\N	f	f	0	8
489	Wrist Stretch	1	\N	wrist-bend.jpg	0	16384	f	1	0	f	0	\N	1102	\N	t	f	2097152	9
708	Lying Single Leg Lift	6	\N	single-leg-lift.jpg	0	8192	t	10	0	f	2049	Standing exercises are more osteogenic, but also easier to cheat the correct muscles.	1468	\N	f	f	0	1
191	One-Arm Forearm Plank	1	\N	plank-forearm-one-arm.jpg	0	2305	t	1	256	f	0	\N	597	\N	f	f	0	1
147	Knee Hand Plank	1	\N	plank-knee.jpg	0	8337	f	1	0	f	2052	\N	599	\N	f	f	0	1
190	Plank Shoulder Taps	7	Duplicate of Plank with Reach, too easy to push off of ground with hand when touching shoulder like a pushup. Reach requires you to slowdown and engage your core	plank-shoulder-taps.jpg	0	8337	f	2	0	f	2052	\N	598	\N	f	f	0	1
158	Plank with Alternating Reach	7	\N	plank-reach.jpg	0	8337	f	2	0	f	2052	\N	807	plank-alternating-reach.webp	f	f	0	1
193	One-Arm Plank	1	\N	plank-one-arm.jpg	0	2305	t	1	256	f	0	\N	595	\N	f	f	0	1
192	One-Leg Plank	1	\N	plank-one-leg.jpg	0	2305	t	1	0	f	0	\N	596	\N	f	f	0	1
583	Plank to Downward Dog	7	\N	downward-dog-pose.jpg	3840	145	f	2	0	f	0	\N	1341	downward-dog-to-plank.webp	f	f	0	1
539	X-Plank	1	\N	x-plank.jpg	0	8337	f	1	0	f	2052	\N	1183	\N	f	f	0	1
159	Plank Reach Through	7	\N	plank-reach-through.jpg	0	8337	t	2	256	f	2052	\N	576	\N	f	f	0	1
106	Hand Plank	1	\N	hand-plank.jpg	0	8337	f	1	0	f	2052	\N	751	\N	f	f	0	1
712	Standing Hamstring Stretch	1	\N	hamstring-stretch.jpg	512	257	t	2	0	f	0	\N	1475	\N	f	f	0	8
894	Crush Press	6	\N	bench-press-close-grip.jpg	0	8	f	2	0	f	4100	\N	\N	chest-press-neutral.webp	t	f	0	1
687	Pallof Press Dead Bug	6	Pallof press is as good as it gets.	dead-bugs.jpg	0	17	t	2	256	f	65536	\N	\N	\N	t	f	0	17
365	Standing Straddle Stretch	1	\N	standing-straddle-stretch.jpg	41472	0	f	1	0	f	0	\N	926	\N	f	f	0	8
845	Lateral Bounds	6	\N	one-leg-hurdle-hops.jpg	0	1536	t	4	0	f	1	\N	1673	\N	f	f	0	19
824	ATG Split Squat	6	\N	split-squat.jpg	8192	2816	t	10	64	t	1025	\N	1644	split-squat.webp	t	f	117440512	9
586	Rollout	6	\N	abs-rollout.jpg	0	2305	f	2	0	f	0	\N	1253	ab-rollout.webp	f	f	0	1
685	Pullover Dead Bug	6	Regular Dead Bug is just as good.	dead-bugs.jpg	73728	262289	f	2	0	f	0	\N	\N	\N	t	f	0	1
651	Stiff-Legged Deadlift	6	\N	romanian-deadlift.jpg	0	10208	f	2	16	f	2049	\N	\N	stiff-legged-deadlift.webp	t	t	0	1
785	Prone Scapular Retraction	6	\N	prone-t.jpg	65536	131108	f	2	0	f	0	\N	1585	scapular-retraction-prone.webp	f	f	0	9
557	Front Level Raise	6	Too hard	full-pullups.jpg	0	16486	f	2	0	f	0	\N	\N	\N	f	f	0	1
686	Anti-Rotation Dead Bug	6	Pallof press is just as good.	dead-bugs.jpg	73728	145	t	2	256	f	0	\N	\N	\N	f	f	0	1
272	Ring Body Saw	6	\N	ring-body-saw.jpg	0	2305	f	2	0	f	0	\N	\N	\N	f	f	0	1
697	Extended Plank	1	\N	hand-plank.jpg	0	8337	f	1	0	f	2052	\N	1450	\N	f	f	0	1
438	Reverse One-Leg Plank	1	\N	reverse-one-leg-plank.jpg	0	8593	t	1	0	f	516	\N	1038	\N	f	f	0	1
18	Hanging Knee Raises	6	\N	hanging-knee-raises.jpg	82080	8193	f	2	0	f	0	\N	645	hanging-knee-raises.webp	f	f	0	1
616	Copenhagen Plank	1	\N	side-star-plank.jpg	0	33169	t	1	0	f	0	\N	1315	\N	f	f	0	17
655	Arm Bar	1	\N	turkish-get-up-1-4.jpg	8	69636	t	1	0	f	262144	\N	\N	\N	t	f	8388608	17
826	Assisted Matrix Squats	6	\N	matrix-squat.jpg	0	2816	f	2	0	f	1025	\N	1646	\N	f	t	0	1
552	Archer Chinups	6	More likely to cause tendon imflammation? Just stick with Full Chinups.	archer-pullups.jpg	0	81986	f	2	8	t	131109	\N	\N	\N	f	f	12582912	1
843	Wide-Grip Chinups	6	Duplicate of Chinups	narrow-pullups.jpg	0	81986	f	2	8	t	131109	\N	\N	\N	f	f	12582912	1
594	Matrix Squats	6	\N	matrix-squat.jpg	0	2816	f	2	0	f	1025	\N	1273	\N	f	t	0	1
601	Dumbbell Uppercut	6	TODO	uppercut.jpg	0	266284	f	4	0	f	65536	\N	\N	\N	t	f	0	3
50	Tap Bridges	6	\N	tap-bridges-alt.jpg	0	4512	f	2	4	f	0	\N	715	\N	f	f	0	29
23	Assisted Squats	6	\N	squats-assisted.jpg	0	2816	f	2	32	t	1025	\N	652	squats-assisted.webp	f	f	0	1
339	Hip Thrusts	6	\N	hip-thrusts.jpg	0	768	f	2	16	f	10385	\N	896	hip-thrust.webp	t	f	16777216	1
29	One-Leg Box Squats	6	\N	squats-one-leg-alt.jpg	0	2816	t	2	32	f	1025	\N	608	\N	f	f	0	1
406	Triangle Stretch	1	\N	triangle-stretch-alt.jpg	33296	0	t	1	0	f	0	\N	974	\N	f	f	0	8
833	Upward Facing Dog	1	\N	upward-facing-dog-alt.jpg	8201	135200	f	1	0	f	134	\N	1654	\N	f	f	0	8
337	Cossack Squats	6	\N	cossack-squats.jpg	0	35584	f	2	32	f	17	\N	885	cossack-squats.webp	t	f	0	1
645	3/4 Turkish Get-Up	7	\N	turkish-get-up-3-4.jpg	0	6916	t	2	16	f	1	Does not work vertical push functional movement--range of motion is too small.	1387	\N	t	f	0	17
343	One-Leg Hip Thrusts	6	\N	glute-bridge-one-leg.jpg	0	768	t	2	16	f	10385	\N	905	\N	t	f	16777216	17
791	Side Splits	1	\N	side-splits.jpg	41472	0	f	1	0	f	0	\N	1593	\N	f	t	0	8
428	Half Boat Float	1	\N	boat-pose-half.jpg	0	8321	f	1	0	f	2048	\N	1022	\N	f	f	0	1
653	Standing Oblique Twists	6	\N	twists-oblique-standing.jpg	129	16	f	2	256	f	0	\N	1399	\N	t	t	0	1
745	Hip Weight Shift	7	There are other hip openers that are just as good and don't require weights.	reverse-lunge.jpg	40960	0	t	2	0	f	0	\N	\N	\N	t	f	0	8
766	Head to Knee	1	\N	head-to-knee-alt.jpg	1536	36	f	1	0	f	0	\N	1561	\N	f	f	0	8
775	Plyometric Knee Pushups	6	\N	pushups-pylo.jpg	0	4108	f	4	1	f	199057	\N	1570	\N	f	f	0	3
842	Plyometric Incline Pushups	6	\N	pushups-pylo.jpg	0	4108	f	4	1	f	199057	\N	1665	pushups-plyometric-incline.webp	f	f	0	3
533	Pogo Jumps	6	\N	vertical-jumps.jpg	1	1792	f	4	0	f	0	\N	1177	\N	f	f	0	4
808	Seated Jogging	6	\N	jogging.jpg	0	12032	f	4	0	f	1	\N	1625	jogging.webp	f	f	0	4
496	Box Jump Single Leg Land	6	\N	box-jumps.jpg	0	2816	t	4	0	f	42133	\N	\N	\N	f	f	0	19
63	Jumping Jacks	6	\N	jumping-jacks.jpg	512	232709	f	4	0	f	0	\N	723	jumping-jacks.webp	f	f	0	4
465	Supine Isometric Heel Digs	1	\N	supine-isometric-heel-digs.jpg	0	512	f	1	0	f	0	\N	1068	\N	f	f	0	1
401	Warrior I	1	\N	warrior-i.jpg	360484	12032	t	1	0	f	0	\N	971	\N	f	f	0	8
461	Churn the Pot on Ball	1	\N	stir-the-pot.jpg	0	2305	f	1	0	f	0	\N	\N	\N	f	f	0	17
4	Knee Pushups	6	\N	knee-pushups.jpg	0	4108	f	2	1	f	199057	\N	628	pushups-knee.webp	f	f	0	1
2	Incline Pushups	6	\N	incline-pushups.jpg	0	4108	f	2	1	f	199057	\N	626	pushups-incline.webp	f	f	0	1
440	Reverse One-Leg Tabletop	1	\N	reverse-one-leg-tabletop.jpg	4	261	t	1	0	f	0	Not strength, belongs in warmup/cooldown	1036	\N	f	f	8388608	24
435	Standing Reverse Single Leg Lift	6	\N	reverse-single-leg-lift-alt.jpg	0	256	t	2	0	f	8193	\N	1033	reverse-leg-lift-standing.webp	t	f	0	1
518	Standing Single Leg Lift	6	\N	single-leg-lift-standing.jpg	0	8192	t	10	0	f	2049	\N	1153	\N	f	f	0	1
810	Foot-Elevated Lateral Squat	6	\N	lateral-squat-feet-elevated.jpg	0	35584	t	2	32	t	17	\N	1628	lateral-squat-feet-elevated-alt2.webp	t	f	0	1
259	Hack Squat	6	\N	barbell-hack-squat.jpg	0	2816	f	2	32	t	1153	\N	\N	\N	t	f	0	1
817	Assisted Deep Squat Hold	1	\N	squat-deep.jpg	0	2816	f	1	0	f	1	\N	1637	\N	f	f	0	1
734	Single Leg Wall Slide	7	\N	wall-sit.jpg	0	2304	t	2	0	f	0	\N	1511	\N	t	f	33554432	1
801	Stability Ball Pike	6	\N	pike.jpg	0	8193	f	2	0	f	0	\N	1618	pike.webp	f	f	0	17
505	Arm Circles	6	\N	arm-circles.jpg	0	65540	f	2	0	f	0	\N	1127	arm-circles.webp	t	f	8388608	9
779	Half Moon Stretch	1	\N	half-moon-stretch.jpg	516	33024	t	1	0	f	0	\N	1577	\N	f	f	0	24
771	Peacock Plank	1	\N	peacock-stretch.jpg	0	24721	f	1	0	f	2304	\N	1566	\N	f	f	0	1
444	Nordic Hamstring Curl	6	\N	nordic-hamstrings.jpg	0	512	f	2	0	f	257	\N	1728	\N	f	f	33554432	1
606	Pallof Press	6	\N	pallof-press-alt.jpg	0	145	t	2	256	f	65536	\N	\N	\N	t	f	0	17
471	Shoulder Extension	6	\N	banded-shoulder-extension.jpg	0	65536	f	8	0	f	0	\N	\N	\N	t	f	0	1
570	One-Leg Bent-Knee Calf Raises	7	\N	one-leg-full-calf-raises.jpg	0	1024	t	2	0	f	768	Ankle plantar flexion.	1361	\N	t	f	67108864	1
35	Horizontal Rows	6	\N	advanced-horizontal-pullups.jpg	0	16482	f	2	2	t	65541	\N	\N	rows-horizontal.webp	f	f	0	1
431	Lateral Step Downs	6	\N	step-ups-lateral.jpg	0	2816	t	2	0	f	41984	\N	\N	\N	t	f	50331648	25
476	One-Leg Hamstring Bridges	6	\N	hamstring-bridge-one-leg-alt.jpg	0	768	t	2	0	f	10368	\N	1084	hamstring-bridge-one-leg.webp	f	f	0	1
34	Bodyweight Rows	6	\N	horizontal-pullups.jpg	0	16482	f	2	2	t	65541	\N	\N	rows-bodyweight.webp	f	f	0	1
804	Clamshells	6	\N	clamshells.jpg	0	256	f	2	0	f	512	\N	1621	clamshells.webp	t	f	0	1
593	Zottman Curl	6	Isolation exercise. Hammer Curl is better since it works the forearms and biceps more evenly.	bicep-curl.jpg	0	16386	f	2	0	f	0	\N	1271	\N	t	f	0	1
623	Standing Leg Extension	6	“Using a leg extension machine isn’t functional – there is no natural movement in life were you sit and straighten your knee with a 100-pound load against it,” says Joe Tatta, DPT. He’s a physical therapist at Premier Physical Therapy & Wellness in New York City.	standing-leg-extension-alt.jpg	0	10240	f	2	0	f	257	\N	1326	\N	t	f	0	1
682	Straight-Leg Dead Bug	6	\N	dead-bugs.jpg	73728	145	t	2	0	f	0	\N	1430	dead-bug-straight-leg.webp	f	f	0	1
695	One-Hand Overhead Carry	7	\N	overhead-carry.jpg	0	20885	t	2	384	f	262144	\N	\N	overhead-carry.webp	t	f	0	17
624	Prone Leg Press	6	Furthermore, the load on the knees and lower back is increased by the Leg Press action, risking damage to the lower back soft tissues and discs. Forceful presses, heavy loading, and poor posture are typically to blame, especially if you bring your knees right up to your chest.	prone-leg-extension.jpg	0	10240	f	8	0	f	257	\N	\N	\N	t	f	0	1
627	Arch Hang	1	\N	dead-hang.jpg	65732	409632	f	1	0	f	0	\N	\N	\N	f	f	0	1
767	Revolved Head to Knee	1	\N	head-to-knee-revolved.jpg	1536	36	f	1	0	f	0	\N	1562	\N	f	f	0	8
628	Support Hold	1	\N	support-hold.jpg	0	86016	f	1	0	f	223	\N	\N	\N	f	f	0	17
783	Tall-Kneeling Backbend	1	\N	tall-kneeling-back-bend.jpg	73741	2304	f	1	0	f	0	\N	1583	\N	f	f	0	8
455	Semicircle Mountain Climbers	6	Regular mountain climbers are fine. These work the obliques, but are also ?potentially more dangerous.	mountain-climbers.jpg	0	12049	f	4	0	f	0	\N	1057	\N	f	f	0	4
424	Walking (in place)	6	\N	walking.jpg	0	12032	f	4	0	f	1	\N	1609	walking.webp	f	f	0	4
529	Jumping Knee Tuck	6	\N	vertical-jumps.jpg	1	1792	f	4	0	f	0	\N	1173	\N	f	f	0	3
528	Wall Walking Handstand	6	\N	wall-hand-stand.jpg	0	266469	f	2	0	f	0	Not a vertical pushing movement. Locked out elbows do not work the full vertical push range of motion.	1172	\N	f	f	0	1
517	Single Leg Lift from Reverse Plank	7	\N	reverse-one-leg-plank.jpg	0	8593	t	11	0	f	2564	\N	1147	reverse-plank-leg-lift.webp	f	f	0	1
715	Squat to Upright Row	6	Flows are too hard to structure into a generated workout routine. Leave this out and let user's do pushups and rows seperately. That allows them to use the correct amount of weight for each exercise as well. Doing them both in one and you might bottleneck the weight.	dumbbell-bent-over-rows.jpg	0	135010	f	2	40	t	133	\N	\N	\N	t	f	0	1
273	Forearm Side Knee Plank with Leg Lifts	7	Exercises requires proficiency in side planks so we're going backwards by dropping back to the knee	forearm-side-knee-plank-leg-lifts.jpg	0	33169	f	2	0	f	4	\N	833	\N	f	f	0	1
363	Chair Stretch	1	\N	chair-pose.jpg	8192	2817	f	1	0	f	0	\N	924	\N	f	f	0	16
784	Wild Thing	1	\N	wild-thing.jpg	262161	4512	f	1	0	f	0	aka. Camatkarasana	1584	\N	f	f	0	24
157	Forearm Plank with Alternating Reach	7	\N	plank-reach.jpg	0	8337	f	2	0	f	2052	\N	802	\N	f	f	0	1
828	Assisted Peacock Plank	1	\N	peacock-stretch.jpg	0	24721	f	1	0	f	2304	\N	1648	\N	f	f	0	1
844	Wide-Grip Pullups	6	Duplicate of Pullups	narrow-pullups.jpg	0	81986	f	2	8	t	131108	\N	\N	\N	f	f	12582912	1
41	Archer Pullups	6	More likely to cause tendon imflammation? Just stick with Full Pullups.	archer-pullups.jpg	0	81986	f	2	8	t	131108	\N	\N	\N	f	f	12582912	1
499	Lateral Lunge with Overhead Reach	7	\N	lateral-lunge-overhead-reach.jpg	1025	35584	t	2	32	f	0	\N	1119	\N	f	f	125829120	9
705	Banded Diagonals	6	\N	banded-diagonals.jpg	0	458784	t	8	0	f	4	This is a great movement for scapular stabilization.	\N	\N	f	f	8388608	1
754	Crossover Step Ups	6	\N	step-ups-lateral.jpg	0	35584	t	2	0	f	9216	\N	\N	\N	t	t	50331648	17
392	Forearm Twists	6	\N	wrist-rotations.jpg	0	16384	f	2	0	f	2	\N	\N	\N	t	f	4194304	1
818	Assisted Bulgarian Split Squats	6	\N	bulgarian-split-squat.jpg	0	35072	t	2	64	t	513	\N	1638	split-squat-elevated.webp	f	f	0	1
755	Skater Squats	6	\N	reverse-lunge.jpg	0	2816	t	2	64	f	42001	\N	1547	squats-skater.webp	t	f	0	1
742	Psoas March	6	\N	supine-leg-cycle.jpg	0	8192	t	8	0	f	0	\N	\N	\N	t	f	0	1
714	Supine Hamstring Floss	7	\N	supine-hamstring-floss.jpg	512	257	t	2	0	f	0	\N	1473	\N	f	f	0	8
803	Donkey Kicks	6	\N	quadruped-leg-raise.jpg	0	256	f	2	0	f	512	\N	1620	donkey-kicks.webp	t	f	0	17
480	Straight Leg Ball Pickup	6	\N	ball-pick-up.jpg	0	512	f	2	0	f	0	\N	1090	\N	f	f	0	25
615	Sumo Deadlift	6	\N	deadlift.jpg	0	35712	f	2	16	t	132129	\N	\N	deadlift-sumo.webp	t	f	0	1
307	Full Lunges	6	Too hard on the knees. Use the Reverse Lunge variations.	full-lunges.jpg	0	11008	t	2	64	f	1024	\N	558	\N	t	f	0	1
130	Romanian Deadlift	6	\N	romanian-deadlift.jpg	0	9184	f	2	16	t	2049	\N	1670	romanian-deadlift-alt.webp	t	t	0	1
573	Jefferson Curl	6	Too dangerous for most people	jefferson-curl.jpg	1	3040	f	2	0	f	0	\N	1355	\N	t	f	0	1
610	Inverted Deadlift	6	Not targeting serious calisthenics people	deadlift.jpg	0	3040	f	2	16	f	1	\N	1305	\N	f	f	0	1
587	Preacher Curl	6	Use the compound Bicep Curl variation instead	preacher-curl.jpg	0	16386	f	2	0	f	0	\N	1255	\N	t	f	0	1
404	Warrior II	1	\N	warrior-ii.jpg	41216	0	t	1	0	f	0	\N	972	\N	f	f	0	8
446	Vertical Jumps	6	\N	vertical-jumps.jpg	0	1792	f	4	0	f	1	\N	1050	\N	f	f	0	4
510	Plyometric Lunges	6	\N	full-lunges.jpg	0	11008	f	4	64	f	1024	\N	1134	plyometric-lunges.webp	f	f	0	3
671	One-Leg Box Jump	6	\N	box-jumps.jpg	0	2816	t	4	0	f	42133	\N	\N	\N	f	f	0	19
91	Jump Rope	6	\N	jump-rope-alt.jpg	0	28416	f	4	0	f	5	\N	\N	jump-rope.webp	f	f	0	4
456	Lateral Climbers	6	\N	mountain-climbers.jpg	0	12033	f	4	0	f	0	\N	1058	\N	f	f	0	4
457	Beast Pushups	6	These don't seem too good of a warmup.	full-pushups.jpg	199057	4108	f	2	1	f	0	\N	1059	\N	f	f	0	9
308	Windshield Wipers	7	Hip is under tension when doing the exercise which creates a lot of unwanted pressure on the lumbar spine.	windshield-wipers.jpg	0	17	f	2	256	f	384	\N	570	windshield-wipers.webp	f	f	0	1
535	Quadruped Kick Through	6	\N	quadruped-plank.jpg	512	2449	f	2	0	f	0	\N	1179	\N	f	f	0	17
267	Side Plank with Leg Lifts	7	\N	side-plank-leg-lifts.jpg	0	33169	t	3	0	f	4	\N	827	side-plank-leg-lifts.webp	f	f	0	17
847	Calf Smash	7	\N		1024	0	t	2	0	t	768	\N	\N	\N	t	f	67108864	8
819	Assisted Reverse Lunge	6	\N	reverse-lunge-alt.jpg	0	11008	t	2	64	f	33792	\N	1639	reverse-lunge.webp	f	f	67108864	1
832	Elevated Pike Plank Walk	6	\N	elevated-pike-pushups.jpg	0	133	f	2	0	f	471088	\N	1653	\N	f	f	0	1
633	Couch Stretch	1	\N	couch-stretch-alt.jpg	10496	0	t	1	0	f	0	\N	1367	\N	f	f	0	8
820	Assisted Deep Squats	6	\N	deep-squats-assisted.jpg	0	2816	f	2	32	t	1	\N	1640	deep-squats-assisted.webp	f	t	0	1
654	Squat to Forward Fold	7	Duplicate of Frog Squat	full-squats.jpg	1	3840	f	2	32	f	0	\N	1401	\N	f	f	0	1
543	Lateral Squat Walks	6	\N	lateral-squat-walks.jpg	0	33024	f	2	0	f	3585	\N	1186	lateral-squat-walks.webp	t	f	0	1
711	Standing Hamstring Floss	7	\N	standing-hamstring-floss.jpg	512	257	t	2	16	f	0	\N	1476	\N	f	f	0	8
750	Reverse Lunge with Overhead Reach	7	\N	reverse-lunge-overhead-reach.jpg	263169	2816	t	2	288	f	65536	\N	1539	\N	f	f	67108864	25
467	Shoulder Internal Rotation	6	\N	shoulder-rotation-internal.jpg	0	65536	f	8	0	f	0	AKA the Sleeper Stretch	1070	\N	t	f	0	9
314	Straight-Leg Calf Raises	7	\N	full-calf-raises.jpg	0	1024	f	2	0	t	768	Ankle plantar flexion.	553	calf-raise.webp	t	f	67108864	1
478	Single-Leg Hamstring Catch	6	\N	hamstring-catch.jpg	0	512	t	2	0	f	0	\N	1086	\N	t	f	0	1
133	Step Ups	6	\N	step-ups.jpg	0	2304	t	2	0	f	42496	\N	\N	\N	t	f	50331648	17
576	Hollow-Body Hold	1	\N	hollow-hold.jpg	0	8209	f	1	0	f	2176	\N	1240	\N	t	f	0	1
169	Alternating Superman	7	\N	superman-alternating.jpg	9	932	f	2	0	f	0	\N	590	superman-alternating.webp	f	f	0	1
524	Twisting Dumbbell Fly	6	Don't need the twist	dumbbell-fly.jpg	0	12	f	2	0	f	0	\N	1165	\N	t	f	0	1
805	Straight-Leg Donkey Kicks	6	\N	quadruped-leg-raise.jpg	0	768	f	2	0	f	0	\N	1622	donkey-kicks-straight-leg.webp	t	f	0	17
382	One Knee to Chest Stretch	1	\N	one-knee-to-chest-stretch.jpg	448	0	t	1	0	f	0	\N	946	\N	f	f	0	8
773	Headstand	1	\N	head-stand.jpg	0	4241	f	1	0	f	4	\N	1568	\N	f	t	0	17
631	Standing Forward Fold	1	\N	forward-bend.jpg	1536	0	f	1	0	f	0	\N	1353	\N	f	f	0	8
129	One-Leg Glute Bridge	6	\N	glute-bridge-one-leg-alt.jpg	0	256	t	2	16	f	640	\N	578	glute-bridge-one-leg.webp	t	f	0	1
830	Elevated Pike Plank	1	\N	elevated-pike-pushups.jpg	0	4241	f	1	0	f	475172	\N	1651	\N	f	f	0	1
522	Reverse Fly	6	\N	t-fly-alt.jpg	0	131108	f	2	0	f	65536	aka. Band Pull Apart when using resistance bands.	\N	reverse-flyes.webp	t	f	0	1
95	Active Hang	1	\N	dead-hang.jpg	65732	409632	f	1	0	f	0	\N	\N	\N	f	f	0	1
758	Savasana	1	\N	savasana.jpg	0	0	f	1	0	f	0	\N	1551	\N	f	f	0	0
59	Clutch Flags	1	\N	clutch-flags.jpg	0	16594	f	1	0	f	0	\N	568	\N	f	f	0	17
774	Staff Pose	1	\N	staff-pose.jpg	0	8337	f	1	0	f	2052	\N	1569	\N	f	f	0	8
786	One-Leg Box Jump Two-Leg Landing	6	\N	box-jumps.jpg	0	2816	t	4	0	f	42133	\N	\N	\N	f	f	0	3
530	Walking Jacks	6	\N	jumping-jacks.jpg	512	232709	f	4	0	f	0	\N	1174	\N	f	f	0	4
534	Forward/Backward Bounds	6	\N	one-leg-hurdle-hops.jpg	0	1536	t	4	0	f	1	\N	1178	\N	f	f	0	4
536	Groiners	7	World's Greatest Stretch covers this movement and is also more dynamic. This is closer to Lizard Pose then anything.	groiners.jpg	41472	0	t	2	0	f	0	\N	1180	\N	f	f	0	8
556	Elbow Lift	7	Seems dangerous	chinese-back-plank.jpg	0	261	f	2	0	f	0	\N	\N	\N	f	f	0	1
464	One-Leg Dives	6	\N	the-diver.jpg	0	512	t	2	0	f	0	\N	1067	\N	f	f	0	9
674	One-Leg Romanian Deadlift with Knee Drive	6	\N	romanian-deadlift-knee-drive.jpg	0	9184	t	2	16	f	2049	\N	1421	romanian-deadlift-knee-drive.webp	f	f	0	25
626	Pike Compressions	6	\N	pike-compressions.jpg	0	8193	f	2	0	f	0	\N	1330	\N	f	f	0	1
566	Pseudo Planche	6	\N	full-pushups.jpg	199057	4108	f	2	0	f	0	\N	1339	\N	f	f	0	1
675	90/90 Get Down	6	\N	90-90.jpg	40960	256	t	2	0	f	0	\N	1422	\N	f	f	0	9
751	Reverse Lunge with Twist	7	\N	reverse-lunge-twist.jpg	1041	2816	t	2	288	f	0	\N	1538	reverse-lunge-twist.webp	f	f	67108864	25
831	Pike Plank Walk	6	There are too many variations of this. Stick with Plank to Downward Dog and make Elevated Pike Plank Walk a precursor to Wall Walking Handstand	pike-pushups.jpg	0	133	f	2	0	f	471088	\N	1652	\N	f	f	0	1
407	Quadruped Plank with Alternating Shoulder Taps	7	\N	quadruped-plank-shoulder-taps.jpg	0	8337	f	1	256	f	2052	\N	985	\N	f	f	0	1
161	Reverse Plank	1	\N	reverse-full-plank-alt.jpg	0	401	f	1	0	f	516	\N	787	\N	f	f	0	1
15	Full Leg Raises	6	\N	full-leg-raises-alt.jpg	0	8193	f	2	0	f	0	\N	642	\N	f	f	0	1
12	Knee Raises	6	\N	knee-raises.jpg	0	8193	f	2	0	f	0	\N	601	\N	f	f	0	1
662	Deep Squat with Thoracic Rotation	7	\N	squat-deep.jpg	327689	133920	t	3	0	f	0	aka. Squat Sky Reach	1409	deep-squat-rotations.webp	f	f	0	24
30	Assisted One-Leg Squats	6	\N	assisted-one-leg-squats.jpg	0	2816	t	2	32	f	1025	\N	609	squats-one-leg-assisted.webp	f	f	0	1
603	Shrug	6	\N	shrug.jpg	0	131104	f	10	0	f	16513	Doesn't target forearms like a farmer's carry does since the focus is on lifting the shoulders and not holding onto heavy weight.	\N	shrugs.webp	t	t	0	1
196	Wide-Grip Chest Press	6	\N	bench-press.jpg	0	12	f	2	1	f	86018	\N	\N	chest-press-wide-alt.webp	t	t	0	1
44	Straight Bridges	7	\N	reverse-full-plank.jpg	0	401	f	2	0	f	516	\N	565	\N	f	f	0	29
759	Cow Face Stretch	1	\N	cow-face-stretch.jpg	40960	0	f	1	0	f	0	\N	1555	\N	f	f	0	24
370	Lotus Stretch	1	\N	lotus-stretch.jpg	40960	0	f	1	0	f	0	\N	931	\N	f	f	0	24
107	Forearm Plank	1	\N	forearm-plank.jpg	0	8337	f	1	0	f	2052	\N	752	\N	f	f	0	1
788	Knee Tucks	6	\N	hamstring-slides.jpg	0	8193	f	2	0	f	2048	\N	1594	knee-tucks.webp	f	f	0	25
156	Forearm Plank with Alternating Opposite Reach	7	\N	plank-opposite-reach.jpg	0	8337	f	2	0	f	2052	\N	799	\N	f	f	0	1
408	Quadruped Plank	1	\N	quadruped-plank.jpg	0	8337	f	1	0	f	2052	\N	984	\N	f	f	0	1
512	Butterfly Stretch	1	\N	seated-butterfly-stretch.jpg	40960	0	f	1	0	f	0	aka. Bound Angle Pose; Baddha Konasana.	1141	\N	f	f	16777216	8
346	Boat Float	1	\N	boat-pose.jpg	0	8321	f	1	0	f	2048	\N	909	\N	f	f	0	1
538	Flutter Kicks	6	\N	flutter-kicks.jpg	0	8193	f	2	0	f	0	Make sure the instructional video makes it clear the user should not arch their back and instead keep it flat against the floor.	1182	flutter-kicks.webp	t	f	0	1
76	Butt Kicks	6	\N	butt-kicks-alt.jpg	0	12032	f	4	0	f	0	\N	606	butt-kicks.webp	f	f	0	4
448	Plant & Cut	6	Can't do on a treadmill. Requires outdoors while I want to keep these to at-home exercises.	plant-cut.jpg	1	12032	f	4	0	f	0	\N	\N	\N	f	f	0	18
142	Alternating Heel Touches	6	“As exercisers drop in and out of abdominal flexion, losing their muscle tension in the midsection, the low back gets wrenched in and out of extension with little support,” says Alycea Ungaro, PT. She’s the owner of Real Pilates in New York City.	alternating-heel-touches.jpg	0	17	f	2	0	f	0	\N	586	alternating-heel-touches.webp	f	f	0	1
1	Wall Pushups	6	\N	wall-pushups.jpg	0	4108	f	2	1	f	0	\N	592	wall-pushups.webp	f	f	0	1
75	Superman	7	\N	superman.jpg	9	932	f	2	0	f	0	\N	605	superman-alt.webp	f	f	0	1
526	Knees Up Bird Dogs	7	Regular Bird Dogs are as good as they get.	bird-dogs.jpg	512	2449	f	2	0	f	0	\N	1170	\N	f	f	0	17
574	Bodyweight Jefferson Curl	6	Too dangerous for most people	jefferson-curl.jpg	1	3040	f	2	0	f	0	\N	1235	\N	f	f	0	9
749	Reverse Lunge with Side Bend	7	\N	reverse-lunge-bend.jpg	263185	2816	t	2	288	f	0	\N	1540	\N	f	f	67108864	25
525	Warrior III	1	\N	warrior-iii.jpg	772	0	t	1	0	f	0	\N	1169	\N	f	f	0	24
661	Zenith Rotations	7	\N	zenith-rotations.jpg	262169	196640	t	2	256	f	0	\N	1408	zenith-rotations.webp	f	f	0	9
744	Assisted Hip Airplane	6	\N	warrior-iii.jpg	33280	256	t	2	0	f	145	\N	1527	\N	f	f	16777216	25
458	Prone Snow Angels	6	\N	snowangels.jpg	393312	65540	f	2	0	f	0	\N	1060	\N	f	f	8388608	8
729	McGill Curl Up	6	They push your curved spine against the floor and work your hip flexors, the muscles that run from the thighs to the lumbar vertebrae in the lower back. When the hip flexors are too strong or too tight, they tug on the lower spine, which can create lower back discomfort.	mcgill-curl-up.jpg	0	1	f	2	0	f	0	\N	1506	\N	f	f	0	1
739	Hip ER Pushups	6	\N	full-pushups.jpg	0	36876	f	2	1	f	199057	\N	1522	\N	f	f	117440512	9
182	Side-Loaded Squat	6	Regular squats are as good as they come.	squats-side-loaded.jpg	0	3840	t	2	256	f	1	Does not work knee flexion (squat) functional movements--you're limited in the weight you can lift by how strong your core is, so it's primarily an anti-rotation movement.	782	\N	t	f	0	1
148	Side Forearm Knee Plank	1	\N	knee-forearm-side-plank.jpg	0	33169	t	1	0	f	4	\N	616	\N	f	f	0	17
317	Full Squats	6	\N	full-squats-weighted.jpg	0	2816	f	2	32	t	1025	\N	574	squats.webp	t	f	0	1
27	Side Staggered Squats	6	These are lateral squats/lunges.	squats-staggered-side.jpg	0	2816	f	2	32	f	1025	\N	625	\N	f	f	0	1
24	Half Squats	6	 Partial squats don’t activate the complete range of muscles that full squats do, missing out the hamstrings, glutes and adductors. The fact that they work the quadriceps and not the hamstrings can lead to an imbalance in the muscles, which heightens the risk of a hamstring or anterior cruciate ligament tear.	half-squats.jpg	0	2048	f	2	32	f	1	\N	653	squats-half.webp	f	f	0	1
375	Eagle Stretch	1	\N	eagle-stretch.jpg	40960	256	f	1	16	f	0	\N	937	\N	f	f	16777216	24
46	Incline Bridges	6	\N	incline-bridges.jpg	0	4256	f	2	4	f	0	\N	711	\N	f	f	0	29
761	Revolved Side Angle Stretch	1	\N	side-angle-stretch-revolved.jpg	9240	131076	t	1	288	f	32769	\N	1557	\N	f	f	0	24
149	Forearm Knee Plank	1	\N	plank-forearm-knee.jpg	0	8337	f	1	0	f	2052	\N	617	\N	f	f	0	1
834	Forearm Plank to One-Leg Dolphin	7	\N	dolphin-stretch.jpg	1024	270741	f	2	0	f	0	\N	1655	dolphin-plank.webp	f	f	0	1
396	Chinese Back Plank	1	\N	chinese-back-plank.jpg	0	896	f	1	0	f	17	\N	961	\N	f	f	0	1
789	Doorway Bicep Stretch	1	\N	standing-t.jpg	65538	0	f	1	0	f	0	\N	1589	\N	f	f	0	24
790	Middle Split Hinge	7	\N	standing-straddle-stretch.jpg	41472	0	f	2	0	f	0	\N	1590	\N	f	f	0	8
559	Overhead Lateral Raise	6	This goes outside the effective range of motion for a Lateral Raise.	lateral-raise.jpg	0	196644	t	2	0	f	0	\N	\N	\N	t	t	0	1
702	Dip Shrugs	6	\N	full-dips-alt.jpg	262144	131108	f	2	0	t	129	This does not work any functional movement patterns--the range of motion is too small.	\N	\N	t	f	0	1
53	Straight Leg Twists	1	\N	twists-straight-leg.jpg	16	0	t	1	256	f	192	\N	718	\N	f	f	0	8
61	Elbow Lever	1	\N	full-elbow-lever.jpg	0	4133	f	1	0	f	0	\N	722	\N	f	f	0	17
422	Shadow Boxing	6	\N	shadow-boxing-alt.jpg	0	331778	f	4	0	f	17	\N	1015	shadow-boxing.webp	f	f	0	4
207	Supine Ab Cycle	6	“As exercisers drop in and out of abdominal flexion, losing their muscle tension in the midsection, the low back gets wrenched in and out of extension with little support,” says Alycea Ungaro, PT. She’s the owner of Real Pilates in New York City.	supine-ab-cycle-alt.jpg	0	8209	f	4	0	f	128	\N	687	ab-cycle.webp	f	t	0	4
807	Seated Walking	6	\N	walking.jpg	0	12032	f	4	0	f	1	\N	1624	\N	f	f	0	4
177	Box Jumps	6	\N	box-jumps.jpg	0	2816	f	4	0	f	42133	\N	\N	box-jumps.webp	f	f	0	3
460	Lying Sphinx	1	\N	lying-sphinx.jpg	16	0	t	1	256	f	192	\N	1062	\N	f	f	0	8
6	Narrow Pushups	6	\N	narrow-pushups.jpg	0	4108	f	2	1	f	199057	\N	630	\N	f	f	0	1
7	Side Staggered Pushups	6	\N	side-staggered-pushups.jpg	0	4108	f	2	1	f	199057	\N	631	\N	f	f	0	17
10	One-Arm Pushups	6	\N	onearm-pushups.jpg	0	4108	t	2	1	f	199057	\N	634	\N	f	f	0	17
125	Decline Pushups	6	\N	decline-full-pushup.jpg	199057	4108	f	2	1	f	0	\N	651	pushups-decline.webp	f	f	0	1
9	Sliding One-Arm Pushups	6	Close enough to be a duplicate of Archer Pushups (thinking of those as Assisted One-Arm Pushups)	onearm-pushups.jpg	0	4108	t	2	1	f	199057	\N	633	\N	f	f	0	17
261	Side Star Plank	1	\N	side-star-plank.jpg	0	33169	t	1	0	f	4	\N	637	\N	f	f	0	17
262	Forearm Side Star Plank	1	\N	forearm-side-star-plank-alt.jpg	0	33169	t	1	0	f	4	\N	638	\N	f	f	0	17
17	Plow Raises	6	\N	plow-raises.jpg	0	8193	f	2	0	f	0	\N	644	leg-raises-plow.webp	f	f	0	1
16	Tuck Plow Raises	6	\N	tuck-plow-raises.jpg	0	8193	f	2	0	f	0	\N	643	leg-raises-plow.webp	f	f	0	1
78	High Knees	6	\N	high-knees-alt.jpg	0	12032	f	4	0	f	0	\N	731	high-knees.webp	f	f	100663296	0
26	Narrow Squats	6	\N	narrow-squats.jpg	0	2816	f	2	32	f	1025	\N	677	squats-narrow.webp	f	f	0	1
205	Ab V-Up	6	They push your curved spine against the floor and work your hip flexors, the muscles that run from the thighs to the lumbar vertebrae in the lower back. When the hip flexors are too strong or too tight, they tug on the lower spine, which can create lower back discomfort.	ab-v-up.jpg	0	8193	f	2	0	f	0	\N	685	ab-v-up.webp	f	f	0	1
619	Heel Walk	7	\N	heel-walk.jpg	1024	524288	f	2	0	f	0	\N	1319	\N	f	f	67108864	16
85	Child's Stretch	1	\N	childs-pose.jpg	459232	0	f	1	0	f	0	\N	738	\N	f	f	0	8
48	Full Bridges	6	\N	full-bridges.jpg	0	4512	f	2	4	f	0	\N	713	bridges-full.webp	f	f	0	29
756	Heel Sits	7	\N	heel-sit.jpg	0	2304	f	2	0	t	512	\N	1549	heel-sits.webp	t	f	16777216	1
47	Head Bridges	6	\N	head-bridges.jpg	0	4256	f	2	4	f	0	\N	712	bridges-head.webp	f	f	0	29
349	Bow Stretch	1	\N	bow-pose.jpg	9088	0	f	1	0	f	0	\N	910	\N	f	f	0	24
355	Fish out of Hero Stretch	1	\N	fish-out-of-hero-stretch.jpg	10241	0	f	1	0	f	0	\N	917	\N	f	f	0	24
385	Tree Stretch	1	\N	tree-pose.jpg	41472	1	t	1	0	f	0	\N	947	\N	f	f	0	24
503	Walking Quad Stretch	6	\N	quad-stretch.jpg	0	2305	f	2	0	f	0	\N	1123	\N	f	f	0	24
194	One-Arm One-Leg Plank	1	\N	plank-one-arm-one-leg.jpg	0	2305	t	1	256	f	0	\N	622	\N	f	f	0	1
640	Plank to One-Leg Downward Dog	7	\N	single-leg-downward-dog.jpg	3840	145	t	2	0	f	0	\N	1379	\N	f	f	0	1
716	Lunge Pulses	6	\N	full-lunges.jpg	0	11008	t	4	64	f	1024	5.50-11s	1479	lunge-pulses.webp	f	f	0	4
473	Standing Hamstring Curl	6	\N	standing-hamstring-curl.jpg	0	512	f	10	0	f	0	\N	1718	\N	t	f	0	17
565	Hanging Leg Raises	6	\N	hanging-leg-raises.jpg	0	8193	f	2	0	f	82080	\N	1230	\N	t	f	0	1
811	Assisted Skater Squats	6	\N	reverse-lunge.jpg	0	2816	t	2	64	f	42001	\N	1629	squats-skater.webp	f	f	0	1
812	Assisted Lateral Squat	6	\N	lateral-squat.jpg	0	35584	t	2	32	t	17	\N	1630	lateral-squat.webp	f	f	0	1
81	Concentration Curl	6	Use the compound Bicep Curl variation instead	concentration-curl.jpg	0	16386	f	2	0	f	0	\N	734	\N	t	f	0	1
31	One-Leg Squats	6	\N	squats-one-leg.jpg	0	2816	t	2	32	f	1025	\N	650	squats-one-leg.webp	f	f	0	17
620	Toe Raises	7	\N	seated-calf-raises.jpg	1024	524288	f	2	0	f	0	Ankle dorsiflection.	1320	\N	t	f	67108864	1
491	Granny Toss	6	\N	granny-toss.jpg	0	2	f	4	0	f	0	\N	\N	\N	t	f	0	3
622	Face Pulls	6	\N	bodyweight-rows.jpg	0	196644	f	2	2	f	278528	\N	\N	face-pulls.webp	t	f	8388608	1
54	Bent Leg Twists	1	\N	twists-bent-leg.jpg	16	0	t	1	256	f	192	\N	719	\N	f	f	0	8
55	Full Twists	1	\N	twists-full.jpg	16	0	t	1	256	f	192	\N	720	\N	f	f	0	8
451	Everest Climbers	6	\N	mountain-climbers.jpg	0	12033	f	4	0	f	0	\N	1053	\N	f	f	0	4
794	Seated Jacks	6	\N	jumping-jacks.jpg	512	232709	f	4	0	f	0	\N	1607	\N	f	f	0	4
89	Mountain Climbers	6	\N	mountain-climbers.jpg	0	12033	f	4	0	f	0	\N	741	mountain-climbers.webp	f	f	0	4
792	Front Splits	1	\N	front-splits.jpg	41472	0	f	1	0	f	0	\N	1592	\N	f	t	0	8
764	Crescent Lunge	1	Close enough to Warrior I. Only difference is if the heel is down in the back leg.	reverse-lunge-crescent-alt.jpg	360484	12032	t	1	64	f	0	\N	1560	\N	f	f	0	8
172	Russian Twists	7	Hip is under tension when doing the exercise which creates a lot of unwanted pressure on the lumbar spine.	twists-russian.jpg	8768	145	f	2	256	f	0	\N	902	\N	f	f	0	1
604	Inverted Shrug	6	Not targeting serious calisthenics people	inverted-shrug.jpg	0	147488	f	2	0	f	129	\N	1292	\N	f	f	0	1
563	Pelican Curl	6	Too obscure	bicep-curl.jpg	0	16386	f	2	0	f	0	\N	\N	\N	f	f	0	1
21	Toe to Bars	6	\N	toe-to-bars.jpg	82080	8193	f	2	0	f	0	\N	648	\N	f	f	0	1
233	Wide-Grip Pushups	6	I would say stationary wide push ups are a waste, less movement, more strain on elbows and easier to cause a little injury.	wide-grip-pushups.jpg	0	4108	f	2	1	f	199057	\N	659	\N	f	f	0	1
8	Archer Pushups	6	\N	archer-pushups.jpg	0	4108	f	2	1	f	199057	\N	632	\N	f	f	0	17
321	Sumo Squats	6	\N	sumo-squats.jpg	0	35712	f	2	32	t	1025	\N	564	squats-sumo.webp	t	f	0	1
276	Alternating Toe Touch	6	They push your curved spine against the floor and work your hip flexors, the muscles that run from the thighs to the lumbar vertebrae in the lower back. When the hip flexors are too strong or too tight, they tug on the lower spine, which can create lower back discomfort.	alternating-toe-touch.jpg	0	8193	t	2	0	f	0	\N	840	toe-touch-alternating.webp	f	f	0	25
494	Supine Chest Throw	6	\N	chest-throw-supine.jpg	0	4096	f	4	0	f	44	\N	\N	chest-throw-supine.webp	t	f	0	2
138	Two-Handed Kettlebell Swings	6	\N	kettlebell-swings-two-handed.jpg	0	1792	f	6	16	f	196836	This is the Russian variation (arms don't go above shoulders). The American version (arms go above shoulders) is more likely to cause shoulder injuries. Let other exercises target that range of motion.	\N	kettlebell-swings-two-handed.webp	t	t	0	3
497	One-Leg Depth Drops	6	\N	depth-drop.jpg	0	1792	t	4	0	f	1	\N	1118	\N	f	t	0	16
487	Forearm Plank with Alternating Lateral Leg Reach	7	\N	plank-leg-reach.jpg	0	8337	f	2	0	f	2052	\N	1101	\N	f	f	0	1
350	Happy Baby Stretch	1	\N	happy-baby-pose.jpg	41856	0	f	1	0	f	0	\N	913	\N	f	t	0	8
72	Camel Stretch	1	\N	camel-pose.jpg	73741	2304	f	1	0	f	0	\N	784	\N	f	f	0	8
689	Isometric Dead Bug	1	\N	dead-bugs.jpg	73728	145	f	1	0	f	0	\N	1441	\N	t	f	0	1
470	Shoulder External Rotation	6	\N	shoulder-rotation-external.jpg	0	65536	f	8	0	f	0	Arm needs to be kept next to the body (use a towel under the arm for tactile feedback) and the shoulder needs to be kept down and back for this to be effective.	1074	\N	t	f	0	9
353	Wall Angels	6	\N	wall-angels.jpg	327756	131104	f	2	0	f	0	\N	914	\N	f	f	8388608	8
390	Wall W's	7	\N	wall-w.jpg	327756	131104	f	2	0	f	0	\N	953	\N	f	f	8388608	8
184	One-Leg Forearm Plank	1	\N	one-leg-forearm-plank-alt.jpg	0	2305	t	1	0	f	0	\N	798	\N	f	f	0	1
160	Reverse Forearm Plank	1	\N	reverse-forearm-plank.jpg	0	401	f	1	0	f	516	\N	786	\N	f	f	0	1
150	Side-to-Side Forearm Plank	7	\N	side-to-side-forearm-plank.jpg	0	8337	f	2	0	f	2052	\N	796	plank-side-to-side-alt.webp	f	f	0	1
488	Plank with Alternating Lateral Leg Reach	7	\N	plank-leg-reach.jpg	0	8337	f	2	0	f	2052	\N	1100	\N	f	f	0	1
265	Plank Knee to Elbow	7	\N	full-plank-knee-to-elbow.jpg	0	8337	f	3	0	f	32768	\N	825	plank-knee-to-elbow.webp	f	f	0	1
706	Arm Wall Slide	7	\N	arm-wall-slide-alt.jpg	196640	262148	f	2	0	f	0	\N	1464	\N	f	f	8388608	9
250	Split Squat	6	\N	split-squat.jpg	0	2816	t	10	64	t	1025	\N	703	split-squat.webp	t	f	0	1
721	Frog Squat	7	\N	full-squats.jpg	3840	2816	f	2	32	f	0	\N	1490	frog-squat.webp	f	f	0	1
649	Reverse Lunge with Contralateral Reach	6	\N	reverse-lunge-reach.jpg	263185	2816	t	2	64	f	0	\N	1391	\N	f	f	67108864	25
98	Wall Sit	1	\N	wall-sit.jpg	0	2048	f	1	0	f	1793	Wall sits are a Quad isolation exercise. If they are worked too often it can create an imbalance with the Hamstrings and unbalance the knees..	806	\N	t	f	0	1
166	Bent Over Rows	6	\N	dumbbell-bent-over-rows.jpg	0	131170	f	2	2	f	901	\N	\N	rows-bent-over.webp	t	t	0	1
97	Wall Handstand	1	\N	wall-hand-stand.jpg	0	266389	f	1	0	f	213026	 Not a vertical pushing movement. Locked out elbows do not work the full vertical push range of motion.	749	\N	f	f	0	17
119	Reverse Mountain Climbers	6	This is just the Psoas March but elevated.	reverse-mountain-climbers.jpg	0	11009	f	4	0	f	1024	\N	768	\N	f	f	0	5
585	Supine Leg Cycle	6	\N	supine-leg-cycle.jpg	0	8192	f	4	0	f	17	\N	1252	supine-leg-cycle.webp	f	f	0	4
514	Plyometric Pushups	6	\N	pushups-pylo.jpg	0	4108	f	4	1	f	199057	\N	1144	pushups-pylometric.webp	f	f	0	3
453	Rotational Climbers	6	\N	mountain-climbers.jpg	0	12049	f	4	256	f	0	\N	1055	\N	f	f	0	4
454	Jumping Mountain Climbers	6	\N	mountain-climbers.jpg	0	12033	f	4	0	f	0	\N	1056	\N	f	f	0	4
452	Side Climbers	6	\N	side-mountain-climbers.jpg	0	44801	f	4	0	f	0	\N	1054	mountain-climbers-side-alt.webp	f	f	0	4
291	Sphinx Pushups	7	\N	cobra-forearm-pushup.jpg	8203	135328	f	2	1	f	0	\N	854	\N	f	f	0	8
577	Bent-Knee Dead Bug	6	\N	dead-bugs.jpg	73728	145	t	2	0	f	0	\N	1241	dead-bug.webp	f	f	0	1
638	Pushup to Downward Dog	7	\N	downward-dog-pose.jpg	3840	203165	f	2	5	f	0	\N	1377	\N	f	f	0	9
443	Bird Dogs with Sweep	7	Can't find instructional video	bird-dogs.jpg	512	2449	f	2	0	f	0	\N	1047	\N	f	f	0	25
504	Toy Soldiers	6	\N	toy-soldiers.jpg	65921	8720	t	2	256	f	0	\N	1124	toy-soldiers.webp	f	f	0	9
170	Seated Twists	6	Hip is under tension when doing the exercise which creates a lot of unwanted pressure on the lumbar spine.	weighted-seated-twists.jpg	0	145	f	2	256	f	8768	\N	791	\N	f	f	0	8
747	Reverse Warrior	1	\N	warrior-reverse.jpg	40977	0	t	1	0	f	0	\N	1532	\N	f	f	0	8
266	Forearm Side Plank with Leg Lifts	7	\N	forearm-side-star-plank.jpg	0	33169	t	3	0	f	4	\N	826	forearm-side-plank-leg-lifts.webp	f	f	0	17
399	Ball Squeezes	6	\N	ball-squeezes.jpg	0	16384	f	2	0	f	0	\N	1501	\N	f	f	1048576	1
493	Parallel Scoop Throw	6	\N	parallel-throw.jpg	385	52	f	4	256	f	65588	\N	\N	\N	t	f	0	3
854	Table Stretch	1	This doesn't stretch any muscles, only strengthens. It won't ever show up as a Cooldown stretch.	quadruped-plank.jpg	73741	2304	f	1	0	f	0	\N	1683	\N	f	f	0	24
872	Thread the Needle Stretch	1	\N	thread-the-needle.jpg	131116	0	t	1	0	f	0	\N	1701	\N	f	f	0	8
869	Revolved Deep Squat Hold	1	\N	squat-deep.jpg	0	2816	f	1	0	f	1	\N	1698	\N	f	f	0	9
701	Foot Mash	6	\N	foot-mash.jpg	1024	0	t	2	0	f	0	\N	1500	\N	f	f	67108864	8
126	Decline Forearm Plank	1	\N	decline-forearm-plank.jpg	0	8337	f	1	0	f	2052	\N	800	\N	f	f	0	1
127	Decline Plank	1	\N	decline-plank-alt.jpg	0	8337	f	1	0	f	2052	\N	801	\N	f	f	0	1
154	Plank Walkdown	7	Prefer something like plank with shoulder taps, less to focus on for proper form	plank-walkdown.jpg	0	8337	f	2	0	f	2052	\N	808	\N	f	f	0	1
840	Plank Knee to Opposite Elbow	7	\N	full-plank-knee-to-elbow.jpg	0	8337	f	3	0	f	32768	t=5.15-17.15	1662	plank-knee-to-opposite-elbow.webp	f	f	0	1
283	Cat/Cow Stretch	7	\N	cat-cow-stretches.jpg	131321	0	f	3	0	f	0	\N	867	cat-cow.webp	f	f	0	24
737	Lateral Leg Swings	6	\N	side-lying-leg-raises.jpg	0	33024	t	2	0	f	8209	\N	1520	\N	f	f	0	8
738	Leg Swings	6	\N	single-leg-lift.jpg	0	8192	t	2	0	f	2049	0.60-9.25s	1521	leg-swings.webp	f	f	0	8
659	90/90 Hip Stretch	1	\N	90-90.jpg	41216	0	t	1	0	f	0	\N	1406	\N	f	f	0	8
858	Dancer Stretch	1	\N	dancer-stretch.jpg	1536	0	t	1	0	f	0	\N	1687	\N	f	f	0	24
113	Lateral Lunge	6	\N	lateral-lunge.jpg	0	35584	t	10	32	t	1024	\N	761	lateral-lunge-alt.webp	t	f	117440512	9
239	Reverse Curl	6	\N	reverse-barbell-curl.jpg	0	16384	f	2	0	f	2	Isolation exercise. Hammer Curl is better since it works the forearms and biceps more evenly.	\N	\N	t	f	0	1
637	Single Leg Downward Dog	1	\N	single-leg-downward-dog.jpg	1800	327684	t	1	0	f	0	\N	1376	\N	f	f	0	8
636	Curtsy Squats	6	\N	lunges-curtsy.jpg	0	35584	t	2	64	f	1024	May be dangerous for anyone with movement restrictions in the ankle, knee, hip or back as well as injuries to any of these structures	1374	curtsy-lunge.webp	t	t	117440512	17
848	Walking Figure 4	6	\N	quad-stretch.jpg	33024	256	f	2	0	f	0	\N	1677	\N	f	f	16777216	24
851	Walking Hamstring Stretch	6	\N	warrior-iii.jpg	512	2305	f	2	0	f	0	\N	1680	\N	f	f	0	24
836	Half-Kneeling Pallof Press	6	\N	pallof-press-alt.jpg	0	145	t	2	256	f	65536	\N	\N	\N	t	f	0	17
837	Lunge Pallof Press	6	\N	pallof-press-alt.jpg	0	145	t	2	256	f	65536	\N	\N	\N	t	f	0	17
838	One-Leg Pallof Press	6	\N	pallof-press-alt.jpg	0	145	t	2	256	f	65536	\N	\N	\N	t	f	0	17
839	Chaos Pallof Press	6	\N	pallof-press-alt.jpg	0	145	t	2	256	f	65536	\N	\N	\N	t	f	0	17
859	Revolved Chair Stretch	1	\N	chair-pose.jpg	8192	2817	f	1	0	f	0	\N	1688	\N	f	f	0	16
861	Compass Stretch	1	\N	lotus-stretch.jpg	40960	0	f	1	0	f	0	\N	1690	\N	f	f	0	24
849	Karaoke	6	\N	karaoke.jpg	33024	256	f	4	0	f	0	\N	1678	karaoke.webp	f	f	16777216	24
80	Bicep Curl	6	\N	bicep-curl.jpg	0	2	f	2	0	f	16384	Isolation exercise. Hammer Curl is better since it works the forearms and biceps more evenly.	\N	bicep-curl.webp	t	f	0	1
860	Scale Stretch	1	\N	lotus-stretch.jpg	40960	4100	f	1	0	f	0	\N	1689	\N	f	f	0	24
856	Sage Marichi I	1	\N	head-to-knee-alt.jpg	1536	36	f	1	0	f	0	\N	1685	\N	f	f	0	8
863	Firefly Hold	1	\N	crow-stretch.jpg	0	4325	f	1	0	f	0	\N	1692	\N	f	f	0	25
865	Shoulder Pressing Hold	1	\N	crow-stretch.jpg	0	4325	f	1	0	f	0	\N	1694	\N	f	f	0	1
871	Standing Big Toe Stretch	1	\N	front-splits.jpg	41472	0	f	1	0	f	0	\N	1700	\N	f	t	0	24
862	Standing Front Splits	1	\N	front-splits.jpg	41472	0	f	1	0	f	0	\N	1691	\N	f	t	0	25
857	Heron Stretch	1	\N	head-to-knee-alt.jpg	1536	36	f	1	0	f	0	\N	1686	\N	f	f	0	24
531	Star Jacks	6	\N	star-jacks.jpg	512	232709	f	4	0	f	0	\N	1175	star-jacks.webp	f	f	0	4
286	Supine Twist	1	\N	supine-twist.jpg	16	0	t	1	0	f	192	\N	848	\N	f	f	0	8
292	Cobra Pushups	7	\N	cobra-pushup.jpg	8201	135328	f	2	1	f	0	\N	855	cobra-pushups.webp	f	f	0	8
641	Downward Dog Alternating Toe Touches	7	\N	downward-dog-alternating-toe-touch-alt.jpg	3840	145	f	2	0	f	0	\N	1381	downward-dog-toe-touch.webp	f	f	0	8
853	Easy Stretch	1	This doesn't stretch any muscles, only strengthens. It won't ever show up as a Cooldown stretch.	camel-pose.jpg	73741	2304	f	1	0	f	0	aka. Sukhasana	1682	\N	f	f	0	24
852	Staff Stretch	1	This doesn't stretch any muscles, only strengthens. It won't ever show up as a Cooldown stretch.	seated-butterfly-stretch.jpg	73741	2304	f	1	0	f	0	\N	1681	\N	f	f	0	24
703	Forearm Serratus Plank	7	\N	forearm-plank.jpg	0	262273	f	3	0	f	2304	\N	1462	\N	f	f	0	1
704	Serratus Plank	7	\N	hand-plank.jpg	0	262273	f	3	0	f	2304	\N	1461	\N	f	f	0	1
722	Reverse Lunge to Knee Drive	6	\N	reverse-lunge.jpg	1025	11008	t	2	64	f	0	\N	1491	reverse-lunge-knee-drive.webp	f	f	67108864	27
875	Assisted Nordic Hamstring Curl	6	\N	nordic-hamstrings.jpg	0	512	f	2	0	f	257	\N	1727	\N	f	f	33554432	1
311	One-Leg Straight-Leg Calf Raises	7	\N	one-leg-full-calf-raises.jpg	0	1024	t	2	0	t	768	Ankle plantar flexion.	559	\N	t	f	67108864	1
445	Full Squats with Calf Raise	7	\N	full-squats-pylo.jpg	0	3840	f	2	32	t	1	Ankle plantar flexion.	1049	\N	t	f	67108864	1
571	Bent-Knee Calf Raises	7	\N	full-calf-raises.jpg	0	1024	f	2	0	f	768	Ankle plantar flexion.	1362	\N	t	f	67108864	1
873	Doorway Back Stretch	1	\N	standing-t.jpg	131104	0	f	1	0	f	0	\N	1702	\N	f	f	0	24
874	Doorway Chest Stretch	1	\N	standing-t.jpg	65544	0	f	1	0	f	0	\N	1703	\N	f	f	0	24
245	Lateral Step Ups	6	\N	step-ups-lateral.jpg	0	2304	t	2	0	f	42496	\N	\N	\N	t	f	50331648	17
328	Hamstring Bridges	6	\N	hamstring-bridge.jpg	0	768	f	2	0	f	10368	\N	612	hamstring-bridge.webp	t	f	0	1
500	Hamstring Scoops	6	\N	hamstring-scoops.jpg	512	256	t	2	16	f	1	\N	1120	\N	f	f	0	24
579	Full Pushups	6	\N	full-pushups-alt.jpg	0	4108	f	2	1	f	199057	\N	1245	pushups-full-alt.webp	t	f	0	1
733	Single Leg Wall Sit	1	\N	wall-sit.jpg	0	2048	t	1	0	f	1793	Wall sits are a Quad isolation exercise. If they are worked too often it can create an imbalance with the Hamstrings and unbalance the knees..	1510	\N	t	f	0	17
334	Assisted Dips	6	If you don’t use proper form, triceps dips are a risky exercise for your shoulders. Doing them in a sloppy manner places your shoulders at a higher risk of injury. According to the American Council on Exercise, dips exert substantial stress on the anterior deltoids. The problem is the shoulder, despite being a ball-and-socket joint, doesn’t have the stability that the hip joint has. When you dip, it compresses on the capsule of the shoulder joint and creates added shearing forces on the shoulders.	bench-dips.jpg	0	4108	f	2	4	t	131073	\N	886	dips-assisted.webp	f	t	0	1
850	Walking Knee Hugs	6	\N	quad-stretch.jpg	448	8192	f	2	0	f	0	\N	1679	\N	f	f	0	24
867	One-Leg Crow Hold	1	\N	crow-stretch.jpg	0	4321	f	1	0	f	4	\N	1696	\N	f	f	0	25
868	Firelog Stretch	1	\N	lotus-stretch-half.jpg	32768	0	t	1	0	f	0	\N	1697	\N	f	f	16777216	8
864	Bird of Paradise	1	\N	crow-stretch.jpg	0	4321	f	1	0	f	0	\N	1693	\N	f	f	0	24
459	Frog Pumps	6	\N	glute-bridges.jpg	0	33024	f	2	0	f	640	\N	1061	\N	t	f	16777216	1
660	Active 90/90 Hip Stretch	7	\N	90-90.jpg	41216	0	t	2	0	f	0	\N	1407	\N	f	f	0	8
732	Modified Downward Dog	1	\N	downward-dog-modified-alt.jpg	1800	327684	f	1	0	f	0	\N	1509	\N	f	f	0	8
472	Rear Raise	6	\N	t-fly-alt.jpg	0	131108	f	2	0	f	65536	Not the same as a Reverse Fly.	\N	reverse-flyes.webp	t	f	0	1
719	Double Clean	6	\N	deadlift.jpg	0	3040	f	2	16	f	1	Although power cleans share a lot of similarities with plyometric exercises, they’re not considered plyometrics due to the fact that it only focuses on building up strength rather than speed and agility.	\N	\N	t	t	0	1
220	Overhead Front Raise	6	You use your front shoulders a lot every time you bench or press, so front raises are not as necessary for even development.	weighted-front-overhead-raise.jpg	0	327684	f	2	0	t	1	\N	\N	\N	t	f	0	1
567	Wall Handstand Pushups	7	\N	wall-hand-stand.jpg	0	266284	f	2	4	f	129	\N	1232	\N	f	t	0	17
605	Woodchopper	6	\N	woodchopper.jpg	0	327701	t	2	256	f	131104	This is primarily a core movement, so no traps or rhomboids being worked--there are better exercises for those.	\N	woodchopper.webp	t	f	0	1
644	2/4 Turkish Get-Up	7	\N	turkish-get-up-2-4.jpg	0	6916	t	2	16	f	1	Does not work vertical push functional movement--range of motion is too small.	1385	\N	t	f	0	17
609	Side Bends	6	This is because when you do them, you are holding the weight and have a long lever arm.  This can place excessive pressure on your spine in the long term and potentially lead to spine damage where Foramina close down more.  This can cause nerve impingement, which can lead to feelings of pain, tingling, numbness, and burning sensations traveling down your leg.  	lateral-raise.jpg	0	131108	t	2	0	f	0	\N	1303	\N	t	t	0	1
743	Seated Rows	6	\N	seated-row.jpg	0	131170	f	2	2	f	901	\N	\N	row-seated.webp	t	f	0	1
247	Walking Lunges	6	Too hard on the knees. Use the Reverse Lunge variations.	walking-lunges.jpg	0	11008	t	2	64	f	1024	\N	700	\N	t	f	0	1
694	One-Hand Farmer's Carry	6	\N	carry-suitcase.jpg	0	16787	t	10	384	f	245348	\N	\N	farmers-carry-one-hand.webp	t	f	0	17
441	Side-Lying Inner Thigh Leg Lift	7	\N	side-lying-inner-thigh-leg-lift.jpg	8209	33024	t	10	0	f	0	\N	1041	inner-thigh-leg-lift-lying.webp	t	f	0	1
486	Side-Lying Double Leg Lifts	6	\N	side-lying-double-leg-lifts.jpg	0	33024	t	10	0	f	8209	\N	1097	\N	t	f	0	1
642	Downward Dog Knee to Elbow	7	\N	downward-dog-knee-to-elbow.jpg	3840	145	t	2	0	f	0	\N	1380	downward-dog-knee-to-elbow.webp	f	f	0	8
691	Downward Dog to Upward Dog	7	\N	cobra-stretch.jpg	8715	135328	f	2	5	f	0	\N	1443	downward-dog-upward-dog.webp	f	f	0	8
647	Serratus Pushups	6	\N	full-pushups.jpg	65536	266252	f	2	1	f	0	\N	1389	pushups-serratus.webp	f	f	0	1
82	Tricep Extension	6	For starters, many people struggle with the hands-overhead position required in triceps extensions. "Some have a hard time standing straight up without flaring their ribs when they bring their arms overhead," Summers says.\n\nThis difficulty may be related to limited shoulder mobility, a common issue that can reduce your shoulders' range of motion, thus making it challenging to straighten your arms above you without discomfort. Consequently, attempting a move like the overhead triceps extension exacerbates the problem and can create new pain points.\n\n"Usually what happens with people who lack shoulder and thoracic [upper back] mobility is they start to compensate in other ways by jutting their neck out of alignment or overarching their lower back," Summers says.\n\nIn other words, putting your already weak shoulders in a vulnerable position can lead to injury in them as well as your neck and back. This scenario becomes especially troublesome if you misjudge your strength and lift too heavy.	tricep-extension.jpg	0	4096	f	2	0	f	0	\N	\N	\N	t	f	0	1
56	Full Dips	6	As you lower yourself into the dip, the moment arm and therefore the effort requirement increases not at the elbow, but at the shoulder (glenohumeral joint).\n\nThis is illustrated in the image below. The line of force (vertical line) travels straight down through the elbow. There is no moment arm (horizontal line) to the elbow whatsoever.\n\nThis makes the exercise primarily a challenge to the anterior deltoid.	full-dips.jpg	0	4108	f	2	4	t	131073	\N	\N	dips-full.webp	t	t	0	1
777	Seal Rows	6	Duplciate of Dumbbell Rows.	seal-rows.jpg	0	131170	f	2	2	f	901	\N	\N	\N	t	f	0	1
221	Front Raise	6	\N	front-raise.jpg	0	327684	f	2	0	t	1	You use your front shoulders a lot every time you bench or press, so front raises are not as necessary for even development.	\N	\N	t	f	0	1
591	Drag Curl	6	Isolation exercise. Hammer Curl is better since it works the forearms and biceps more evenly.	bicep-curl.jpg	0	16386	f	2	0	f	0	\N	1267	\N	t	f	0	1
589	Incline Y Raise	6	Similar to the Reverse Fly	reverse-fly.jpg	0	131108	f	2	0	f	0	\N	1260	\N	t	f	0	1
696	One-Hand Rack Carry	6	\N	carry-suitcase.jpg	0	20883	t	10	384	f	241252	\N	\N	rack-carry-one-hand.webp	t	f	0	17
484	Good Mornings	6	\N	good-morning.jpg	2049	9184	f	2	16	f	0	Too dangerous to do with weights, no good way to bail. Still useful as an unweighted warmup	1095	good-mornings.webp	t	t	0	1
195	Neutral-Grip Chest Press	6	\N	bench-press-close-grip.jpg	0	4100	f	2	1	f	81930	\N	\N	chest-press-neutral.webp	t	f	0	1
793	Reverse Flutter Kicks	6	\N	flutter-kicks.jpg	0	384	f	2	0	f	0	\N	1595	flutter-kicks-reverse.webp	t	f	0	1
692	Two-Hand Overhead Carry	7	\N	overhead-carry.jpg	0	20869	f	2	128	f	262144	\N	\N	overhead-carry.webp	t	f	0	17
572	Glute Kickback	6	\N	quadruped-leg-raise.jpg	0	768	f	2	0	f	1	\N	1347	glute-kickback.webp	t	f	0	1
693	Two-Hand Rack Carry	6	\N	carry-farmers.jpg	0	20867	f	10	128	f	241268	\N	\N	\N	t	f	0	1
558	Lat Pulldowns	6	\N	lat-pulldowns-alt.jpg	0	64	f	8	8	f	131110	\N	\N	lat-pulldown.webp	t	f	12582912	1
664	Banded Overhead Reach	6	\N	banded-overhead-reach.jpg	0	458788	f	10	0	f	72	\N	\N	overhead-reach-banded.webp	t	f	8388608	1
537	Crab Walk	7	\N	reverse-tabletop.jpg	0	401	f	2	0	f	4	\N	1181	\N	f	f	0	9
240	Overhead Press	6	\N	overhead-press.jpg	0	266244	f	10	4	f	65576	\N	\N	overhead-press.webp	t	f	0	1
590	Tricep Pushdown	6	\N	tricep-kickback.jpg	0	4096	f	8	0	f	0	\N	\N	tricep-pushdown.webp	t	f	0	1
822	Reverse Scissor Kicks	6	\N	flutter-kicks.jpg	0	384	f	2	0	f	0	\N	1642	flutter-kicks-reverse.webp	t	f	0	1
131	Deadlift	6	\N	deadlift.jpg	0	3040	f	2	16	t	1	\N	\N	deadlift.webp	t	f	0	3
229	Alternating Dumbbell Bench Press (Top Down)	7	More or less a duplicate of the Bench Press.	bench-press-alternating.jpg	65540	20490	t	2	1	f	0	\N	\N	\N	t	f	0	1
219	Tricep Kickback	6	The weight doesn't apply to the full range of motion.	tricep-kickback.jpg	0	4096	f	2	0	f	0	\N	\N	\N	t	f	0	1
495	Stepping One-Arm Chest Pass	6	\N	one-arm-chest-pass.jpg	0	4096	t	4	0	f	44	\N	\N	chest-pass-one-arm.webp	t	f	0	3
373	Turkish Get-Up	7	\N	turkish-get-up-3-4.jpg	0	6916	t	2	80	f	1	Does not work vertical push functional movement--range of motion is too small.	936	\N	t	f	0	17
652	Two-Hand Farmer's Carry	6	\N	carry-farmers.jpg	0	16771	f	10	128	f	245364	\N	\N	farmers-carry.webp	t	f	0	1
672	Banded Pull Through	6	Hard to maximize weight because the max depends on standing up straight when the weight is pulling you backwards and you will lose balance.	pull-through.jpg	8192	2944	f	2	16	f	0	\N	\N	\N	t	f	0	1
709	Standing Side Leg Lift	7	\N	side-standing-leg-raises-alt.jpg	0	33024	t	10	0	f	8209	\N	1470	side-leg-lift-standing.webp	t	f	0	17
776	Dumbbell Rows	6	\N	bench-rows.jpg	0	131170	t	2	2	f	901	\N	\N	row-three-point.webp	t	f	0	1
718	Single Clean	6	\N	deadlift.jpg	0	3040	f	2	16	f	1	Although power cleans share a lot of similarities with plyometric exercises, they’re not considered plyometrics due to the fact that it only focuses on building up strength rather than speed and agility.	\N	\N	t	t	0	3
679	Split Stance Romanian Deadlift	6	\N	romanian-deadlift-split-stance.jpg	0	9184	t	2	16	t	2049	\N	1669	romanian-deadlift-split-stance.webp	t	t	0	17
725	Bear Hug	6	Duplicate of Chest Fly. Although there is a Crossover Fly where you actually cross your arms over each other.	bodyweight-fly.jpg	0	262156	f	2	0	f	0	\N	\N	\N	t	f	0	1
681	Half-Kneeling Windmill	7	\N	kettlebell-windmill.jpg	32768	73988	t	2	16	f	145	\N	1524	\N	t	f	0	1
513	One-Leg Romanian Deadlift	6	\N	romanian-deadlift-one-leg.jpg	0	9184	t	2	16	t	2049	\N	1142	romanian-deadlift-one-leg.webp	t	t	0	17
643	1/4 Turkish Get-Up	7	\N	turkish-get-up-1-4.jpg	0	6916	t	2	0	f	1	Does not work vertical push functional movement--range of motion is too small.	1383	\N	t	f	0	17
442	Pushup Row	7	Flows are too hard to structure into a generated workout routine. Leave this out and let user's do pushups and rows seperately. That allows them to use the correct amount of weight for each exercise as well. Doing them both in one and you might bottleneck the weight.	dumbbell-plank-row.jpg	0	135293	t	2	3	f	67968	\N	1375	\N	t	f	0	17
639	Pushup to One-Leg Downward Dog	7	\N	single-leg-downward-dog.jpg	3840	4108	t	2	5	f	0	\N	1378	\N	f	f	0	25
277	Toe Touchers	6	They push your curved spine against the floor and work your hip flexors, the muscles that run from the thighs to the lumbar vertebrae in the lower back. When the hip flexors are too strong or too tight, they tug on the lower spine, which can create lower back discomfort.	toe-touchers-alt.jpg	0	8193	f	2	0	f	0	\N	841	toe-touchers.webp	f	f	0	1
876	Quadruped to Downward Dog Alternating Toe Touches	7	\N	downward-dog-pose.jpg	3840	145	f	2	0	f	0	\N	1706	downward-dog-to-plank.webp	f	f	0	9
877	Quadruped to Downward Dog	7	\N	downward-dog-pose.jpg	3840	145	f	2	0	f	0	\N	1707	downward-dog-to-plank.webp	f	f	0	9
891	Toe Walk	7	\N	heel-walk.jpg	524288	1024	f	2	0	f	0	\N	1721	toe-walk.webp	f	f	67108864	16
879	Seated Cat/Cow Stretch	7	\N	cat-cow-stretches.jpg	131321	0	f	3	0	f	0	\N	1709	cat-cow.webp	f	f	0	24
880	Seated Twists	1	\N	twists-straight-leg.jpg	16	0	t	1	256	f	192	\N	1710	\N	f	f	0	8
821	Scissor Kicks	6	\N	flutter-kicks.jpg	0	8193	f	2	0	f	0	Make sure the instructional video makes it clear the user should not arch their back and instead keep it flat against the floor.	1641	scissor-kicks.webp	t	f	0	1
884	Mountain Stretch	1	This doesn't stretch any muscles, only strengthens. It won't ever show up as a Cooldown stretch.	camel-pose.jpg	73741	2304	f	1	0	f	0	\N	1714	\N	f	f	0	24
885	Plantar Fascia Towel Stretch	7	\N		1024	0	t	2	0	t	768	\N	1715	\N	t	f	67108864	8
665	Rocking Ankle Mobilization	6	Walking or something is much better.	rocking-ankle-mobilization.jpg	1024	4101	t	2	0	f	0	\N	1412	\N	f	f	67108864	8
886	Single Leg Balance	1	\N		0	0	t	1	0	f	1792	\N	1716	\N	f	f	16777216	16
249	Reverse Lunge	6	\N	reverse-lunge-alt.jpg	0	11008	t	2	64	f	33792	\N	702	reverse-lunge.webp	t	f	67108864	1
887	Assisted Single Leg Balance	1	\N		0	0	t	1	0	f	1792	\N	1717	\N	f	f	16777216	16
888	Ankle Resisted Straight-Leg Plantar Flexion	7	\N	one-leg-full-calf-raises.jpg	0	1024	t	2	0	t	768	Ankle plantar flexion.	\N	\N	t	f	67108864	1
889	Ankle Resisted Bent-Knee Plantar Flexion	7	\N	one-leg-full-calf-raises.jpg	0	1024	t	2	0	f	768	Ankle plantar flexion.	\N	\N	t	f	67108864	1
870	Side-Reclining Leg Lift	1	\N	side-reclining-leg-lift.jpg	41472	0	f	1	0	f	0	\N	1699	\N	f	f	0	1
882	Seated Pigeon Stretch	1	\N	pigeon-stretch.jpg	33280	0	t	1	0	f	0	\N	1712	\N	f	f	0	24
883	Seated Forward Fold	1	\N	forward-bend.jpg	1536	0	f	1	0	f	0	\N	1713	\N	f	f	0	8
878	Supported Warrior III	1	\N	warrior-iii.jpg	772	0	t	1	0	f	0	\N	1708	\N	f	f	0	24
881	Seated Eagle Stretch	1	\N	eagle-stretch.jpg	40960	256	f	1	16	f	0	\N	1711	\N	f	f	16777216	8
666	Shoulder Controlled Articular Rotation	6	\N	shoulder-car.jpg	0	327680	t	2	0	f	0	\N	1413	\N	f	f	0	8
575	Bird Dogs	7	\N	bird-dogs.jpg	512	2449	t	3	0	f	0	aka. Balancing Table Stretch (isometric).	1237	bird-dogs.webp	t	f	0	17
904	Toe Curls	7	\N		0	0	t	2	0	t	0	\N	1747	\N	t	f	134217728	1
903	Big Toe Mobility	7	\N		0	0	t	2	0	t	0	\N	1746	\N	t	f	134217728	8
816	Assisted Split Squat	6	\N	split-squat.jpg	0	2816	t	10	64	t	1025	\N	1636	split-squat-assisted.webp	f	f	0	1
905	Kegals	6	\N	wall-pushups.jpg	0	268435456	f	2	1	f	0	\N	1748	wall-pushups.webp	f	f	0	1
906	Reverse Kegals	6	\N	wall-pushups.jpg	0	268435456	f	2	1	f	0	\N	1749	wall-pushups.webp	f	f	0	1
400	Finger Spread	7	\N	finger-spread.jpg	0	16384	t	8	0	f	0	\N	969	\N	t	f	1048576	1
893	Svend Press	6	\N	bench-press-close-grip.jpg	0	8	f	2	0	f	4100	\N	\N	chest-press-neutral.webp	t	f	0	1
900	Scapular Pulldowns	6	\N	lat-pulldowns-alt.jpg	0	131104	f	8	0	f	65542	\N	\N	lat-pulldown.webp	t	f	12582912	1
600	Wrist Flexion and Extension	6	\N	wrist-curl.jpg	0	16384	f	2	0	f	0	\N	1604	wrist-curl-reverse.webp	t	f	2097152	9
226	Lying Tricep Extension	6	\N	tricep-extension-lying.jpg	0	4096	f	2	0	f	0	\N	\N	tricep-extension-lying.webp	t	f	0	1
799	Fire Hydrant	6	\N	fire-hydrant.jpg	32768	256	f	10	0	f	1	aka. Quadruped Hip Abduction	1611	fire-hydrant.webp	t	f	0	17
33	Wall Rows	6	Too easy	rows-vertical.jpg	0	16482	f	2	2	t	65541	\N	660	\N	f	f	0	1
560	Upright Row	6	The internal rotation to which you expose your shoulders is one of the most harmful exercises you can do, causing similar damage to triceps dips. As a demonstration, hold your arms straight out to your sides with your palms facing down.\n\nThen, rotate your hands forward as if pouring out, or emptying a glass of water in from each hand. Then, to do the upright row, you’ll lift the barbell with bent elbows causing internal rotation of the shoulders.\n\nInternal rotation itself is not necessarily harmful to your shoulders.\n\nThe problem comes as you raise your arms and add resistance (the weight of the barbell) in that position. Every time you raise your arms bearing the weight, impingement occurs. That involves a small shoulder tendon getting pinched by the bones in your shoulder.	upright-row.jpg	0	131170	f	10	8	t	133	Hand placement should be at minimum shoulder-width apart or there is a risk of shoulder impingement.	\N	upright-row.webp	t	t	0	1
669	Finger Curl	6	\N	wrist-curl.jpg	0	0	f	2	0	f	0	\N	\N	\N	t	f	1048576	1
907	Toe Marble Pick-up	7	\N		0	0	t	2	0	t	0	\N	1750	\N	f	f	134217728	1
909	Toe Rocker	7	\N		0	0	t	2	0	t	0	\N	1752	\N	f	f	134217728	8
908	Metatarsal Mobilization	7	\N		0	0	t	2	0	t	0	\N	1751	\N	f	f	134217728	8
910	Top of Foot Stretch	7	\N		0	0	t	2	0	t	0	\N	1753	\N	f	f	134217728	8
\.


--
-- Name: EquipmentGroup_Id_seq; Type: SEQUENCE SET; Schema: public; Owner: doadmin
--

SELECT pg_catalog.setval('public."EquipmentGroup_Id_seq"', 1753, true);


--
-- Name: Equipment_Id_seq; Type: SEQUENCE SET; Schema: public; Owner: doadmin
--

SELECT pg_catalog.setval('public."Equipment_Id_seq"', 33, true);


--
-- Name: Exercise_Id_seq; Type: SEQUENCE SET; Schema: public; Owner: doadmin
--

SELECT pg_catalog.setval('public."Exercise_Id_seq"', 331, true);


--
-- Name: Footnote_Id_seq; Type: SEQUENCE SET; Schema: public; Owner: doadmin
--

SELECT pg_catalog.setval('public."Footnote_Id_seq"', 257, true);


--
-- Name: IntensityPreference_Id_seq; Type: SEQUENCE SET; Schema: public; Owner: doadmin
--

SELECT pg_catalog.setval('public."IntensityPreference_Id_seq"', 4412, true);


--
-- Name: Intensity_Id_seq; Type: SEQUENCE SET; Schema: public; Owner: doadmin
--

SELECT pg_catalog.setval('public."Intensity_Id_seq"', 910, true);


--
-- Name: User_Id_seq; Type: SEQUENCE SET; Schema: public; Owner: doadmin
--

SELECT pg_catalog.setval('public."User_Id_seq"', 306, true);


--
-- Name: exercise_variation_Id_seq; Type: SEQUENCE SET; Schema: public; Owner: doadmin
--

SELECT pg_catalog.setval('public."exercise_variation_Id_seq"', 985, true);


--
-- Name: __EFMigrationsHistory PK___EFMigrationsHistory; Type: CONSTRAINT; Schema: public; Owner: doadmin
--

ALTER TABLE ONLY public."__EFMigrationsHistory"
    ADD CONSTRAINT "PK___EFMigrationsHistory" PRIMARY KEY ("MigrationId");


--
-- Name: equipment PK_equipment; Type: CONSTRAINT; Schema: public; Owner: doadmin
--

ALTER TABLE ONLY public.equipment
    ADD CONSTRAINT "PK_equipment" PRIMARY KEY ("Id");


--
-- Name: exercise PK_exercise; Type: CONSTRAINT; Schema: public; Owner: doadmin
--

ALTER TABLE ONLY public.exercise
    ADD CONSTRAINT "PK_exercise" PRIMARY KEY ("Id");


--
-- Name: exercise_prerequisite PK_exercise_prerequisite; Type: CONSTRAINT; Schema: public; Owner: doadmin
--

ALTER TABLE ONLY public.exercise_prerequisite
    ADD CONSTRAINT "PK_exercise_prerequisite" PRIMARY KEY ("ExerciseId", "PrerequisiteExerciseId");


--
-- Name: exercise_variation PK_exercise_variation; Type: CONSTRAINT; Schema: public; Owner: doadmin
--

ALTER TABLE ONLY public.exercise_variation
    ADD CONSTRAINT "PK_exercise_variation" PRIMARY KEY ("Id");


--
-- Name: footnote PK_footnote; Type: CONSTRAINT; Schema: public; Owner: doadmin
--

ALTER TABLE ONLY public.footnote
    ADD CONSTRAINT "PK_footnote" PRIMARY KEY ("Id");


--
-- Name: instruction PK_instruction; Type: CONSTRAINT; Schema: public; Owner: doadmin
--

ALTER TABLE ONLY public.instruction
    ADD CONSTRAINT "PK_instruction" PRIMARY KEY ("Id");


--
-- Name: instruction_equipment PK_instruction_equipment; Type: CONSTRAINT; Schema: public; Owner: doadmin
--

ALTER TABLE ONLY public.instruction_equipment
    ADD CONSTRAINT "PK_instruction_equipment" PRIMARY KEY ("EquipmentId", "InstructionsId");


--
-- Name: instruction_location PK_instruction_location; Type: CONSTRAINT; Schema: public; Owner: doadmin
--

ALTER TABLE ONLY public.instruction_location
    ADD CONSTRAINT "PK_instruction_location" PRIMARY KEY ("Location", "InstructionId");


--
-- Name: intensity PK_intensity; Type: CONSTRAINT; Schema: public; Owner: doadmin
--

ALTER TABLE ONLY public.intensity
    ADD CONSTRAINT "PK_intensity" PRIMARY KEY ("Id");


--
-- Name: user PK_user; Type: CONSTRAINT; Schema: public; Owner: doadmin
--

ALTER TABLE ONLY public."user"
    ADD CONSTRAINT "PK_user" PRIMARY KEY ("Id");


--
-- Name: user_equipment PK_user_equipment; Type: CONSTRAINT; Schema: public; Owner: doadmin
--

ALTER TABLE ONLY public.user_equipment
    ADD CONSTRAINT "PK_user_equipment" PRIMARY KEY ("UserId", "EquipmentId");


--
-- Name: user_exercise PK_user_exercise; Type: CONSTRAINT; Schema: public; Owner: doadmin
--

ALTER TABLE ONLY public.user_exercise
    ADD CONSTRAINT "PK_user_exercise" PRIMARY KEY ("UserId", "ExerciseId");


--
-- Name: user_exercise_variation PK_user_exercise_variation; Type: CONSTRAINT; Schema: public; Owner: doadmin
--

ALTER TABLE ONLY public.user_exercise_variation
    ADD CONSTRAINT "PK_user_exercise_variation" PRIMARY KEY ("UserId", "ExerciseVariationId");


--
-- Name: user_frequency PK_user_frequency; Type: CONSTRAINT; Schema: public; Owner: doadmin
--

ALTER TABLE ONLY public.user_frequency
    ADD CONSTRAINT "PK_user_frequency" PRIMARY KEY ("UserId", "Id");


--
-- Name: user_muscle PK_user_muscle; Type: CONSTRAINT; Schema: public; Owner: doadmin
--

ALTER TABLE ONLY public.user_muscle
    ADD CONSTRAINT "PK_user_muscle" PRIMARY KEY ("UserId", "MuscleGroup");


--
-- Name: user_newsletter PK_user_newsletter; Type: CONSTRAINT; Schema: public; Owner: doadmin
--

ALTER TABLE ONLY public.user_newsletter
    ADD CONSTRAINT "PK_user_newsletter" PRIMARY KEY ("Id");


--
-- Name: user_token PK_user_token; Type: CONSTRAINT; Schema: public; Owner: doadmin
--

ALTER TABLE ONLY public.user_token
    ADD CONSTRAINT "PK_user_token" PRIMARY KEY ("Id");


--
-- Name: user_variation PK_user_variation; Type: CONSTRAINT; Schema: public; Owner: doadmin
--

ALTER TABLE ONLY public.user_variation
    ADD CONSTRAINT "PK_user_variation" PRIMARY KEY ("UserId", "VariationId");


--
-- Name: user_workout PK_user_workout; Type: CONSTRAINT; Schema: public; Owner: doadmin
--

ALTER TABLE ONLY public.user_workout
    ADD CONSTRAINT "PK_user_workout" PRIMARY KEY ("Id");


--
-- Name: user_workout_exercise_variation PK_user_workout_exercise_variation; Type: CONSTRAINT; Schema: public; Owner: doadmin
--

ALTER TABLE ONLY public.user_workout_exercise_variation
    ADD CONSTRAINT "PK_user_workout_exercise_variation" PRIMARY KEY ("Id");


--
-- Name: variation PK_variation; Type: CONSTRAINT; Schema: public; Owner: doadmin
--

ALTER TABLE ONLY public.variation
    ADD CONSTRAINT "PK_variation" PRIMARY KEY ("Id");


--
-- Name: IX_exercise_prerequisite_PrerequisiteExerciseId; Type: INDEX; Schema: public; Owner: doadmin
--

CREATE INDEX "IX_exercise_prerequisite_PrerequisiteExerciseId" ON public.exercise_prerequisite USING btree ("PrerequisiteExerciseId");


--
-- Name: IX_exercise_variation_ExerciseId_VariationId; Type: INDEX; Schema: public; Owner: doadmin
--

CREATE INDEX "IX_exercise_variation_ExerciseId_VariationId" ON public.exercise_variation USING btree ("ExerciseId", "VariationId");


--
-- Name: IX_exercise_variation_VariationId; Type: INDEX; Schema: public; Owner: doadmin
--

CREATE INDEX "IX_exercise_variation_VariationId" ON public.exercise_variation USING btree ("VariationId");


--
-- Name: IX_instruction_ParentId; Type: INDEX; Schema: public; Owner: doadmin
--

CREATE INDEX "IX_instruction_ParentId" ON public.instruction USING btree ("ParentId");


--
-- Name: IX_instruction_VariationId; Type: INDEX; Schema: public; Owner: doadmin
--

CREATE INDEX "IX_instruction_VariationId" ON public.instruction USING btree ("VariationId");


--
-- Name: IX_instruction_equipment_InstructionsId; Type: INDEX; Schema: public; Owner: doadmin
--

CREATE INDEX "IX_instruction_equipment_InstructionsId" ON public.instruction_equipment USING btree ("InstructionsId");


--
-- Name: IX_instruction_location_InstructionId; Type: INDEX; Schema: public; Owner: doadmin
--

CREATE INDEX "IX_instruction_location_InstructionId" ON public.instruction_location USING btree ("InstructionId");


--
-- Name: IX_intensity_VariationId; Type: INDEX; Schema: public; Owner: doadmin
--

CREATE INDEX "IX_intensity_VariationId" ON public.intensity USING btree ("VariationId");


--
-- Name: IX_user_Email; Type: INDEX; Schema: public; Owner: doadmin
--

CREATE UNIQUE INDEX "IX_user_Email" ON public."user" USING btree ("Email");


--
-- Name: IX_user_equipment_EquipmentId; Type: INDEX; Schema: public; Owner: doadmin
--

CREATE INDEX "IX_user_equipment_EquipmentId" ON public.user_equipment USING btree ("EquipmentId");


--
-- Name: IX_user_exercise_ExerciseId; Type: INDEX; Schema: public; Owner: doadmin
--

CREATE INDEX "IX_user_exercise_ExerciseId" ON public.user_exercise USING btree ("ExerciseId");


--
-- Name: IX_user_exercise_variation_ExerciseVariationId; Type: INDEX; Schema: public; Owner: doadmin
--

CREATE INDEX "IX_user_exercise_variation_ExerciseVariationId" ON public.user_exercise_variation USING btree ("ExerciseVariationId");


--
-- Name: IX_user_newsletter_UserId; Type: INDEX; Schema: public; Owner: doadmin
--

CREATE INDEX "IX_user_newsletter_UserId" ON public.user_newsletter USING btree ("UserId");


--
-- Name: IX_user_token_UserId_Token; Type: INDEX; Schema: public; Owner: doadmin
--

CREATE INDEX "IX_user_token_UserId_Token" ON public.user_token USING btree ("UserId", "Token");


--
-- Name: IX_user_variation_VariationId; Type: INDEX; Schema: public; Owner: doadmin
--

CREATE INDEX "IX_user_variation_VariationId" ON public.user_variation USING btree ("VariationId");


--
-- Name: IX_user_workout_UserId; Type: INDEX; Schema: public; Owner: doadmin
--

CREATE INDEX "IX_user_workout_UserId" ON public.user_workout USING btree ("UserId");


--
-- Name: IX_user_workout_exercise_variation_ExerciseVariationId; Type: INDEX; Schema: public; Owner: doadmin
--

CREATE INDEX "IX_user_workout_exercise_variation_ExerciseVariationId" ON public.user_workout_exercise_variation USING btree ("ExerciseVariationId");


--
-- Name: IX_user_workout_exercise_variation_UserWorkoutId; Type: INDEX; Schema: public; Owner: doadmin
--

CREATE INDEX "IX_user_workout_exercise_variation_UserWorkoutId" ON public.user_workout_exercise_variation USING btree ("UserWorkoutId");


--
-- Name: IX_variation_DefaultInstructionId; Type: INDEX; Schema: public; Owner: doadmin
--

CREATE INDEX "IX_variation_DefaultInstructionId" ON public.variation USING btree ("DefaultInstructionId");


--
-- Name: exercise_prerequisite FK_exercise_prerequisite_exercise_ExerciseId; Type: FK CONSTRAINT; Schema: public; Owner: doadmin
--

ALTER TABLE ONLY public.exercise_prerequisite
    ADD CONSTRAINT "FK_exercise_prerequisite_exercise_ExerciseId" FOREIGN KEY ("ExerciseId") REFERENCES public.exercise("Id") ON DELETE CASCADE;


--
-- Name: exercise_prerequisite FK_exercise_prerequisite_exercise_PrerequisiteExerciseId; Type: FK CONSTRAINT; Schema: public; Owner: doadmin
--

ALTER TABLE ONLY public.exercise_prerequisite
    ADD CONSTRAINT "FK_exercise_prerequisite_exercise_PrerequisiteExerciseId" FOREIGN KEY ("PrerequisiteExerciseId") REFERENCES public.exercise("Id") ON DELETE CASCADE;


--
-- Name: exercise_variation FK_exercise_variation_exercise_ExerciseId; Type: FK CONSTRAINT; Schema: public; Owner: doadmin
--

ALTER TABLE ONLY public.exercise_variation
    ADD CONSTRAINT "FK_exercise_variation_exercise_ExerciseId" FOREIGN KEY ("ExerciseId") REFERENCES public.exercise("Id") ON DELETE CASCADE;


--
-- Name: exercise_variation FK_exercise_variation_variation_VariationId; Type: FK CONSTRAINT; Schema: public; Owner: doadmin
--

ALTER TABLE ONLY public.exercise_variation
    ADD CONSTRAINT "FK_exercise_variation_variation_VariationId" FOREIGN KEY ("VariationId") REFERENCES public.variation("Id") ON DELETE CASCADE;


--
-- Name: instruction_equipment FK_instruction_equipment_equipment_EquipmentId; Type: FK CONSTRAINT; Schema: public; Owner: doadmin
--

ALTER TABLE ONLY public.instruction_equipment
    ADD CONSTRAINT "FK_instruction_equipment_equipment_EquipmentId" FOREIGN KEY ("EquipmentId") REFERENCES public.equipment("Id") ON DELETE CASCADE;


--
-- Name: instruction_equipment FK_instruction_equipment_instruction_InstructionsId; Type: FK CONSTRAINT; Schema: public; Owner: doadmin
--

ALTER TABLE ONLY public.instruction_equipment
    ADD CONSTRAINT "FK_instruction_equipment_instruction_InstructionsId" FOREIGN KEY ("InstructionsId") REFERENCES public.instruction("Id") ON DELETE CASCADE;


--
-- Name: instruction FK_instruction_instruction_ParentId; Type: FK CONSTRAINT; Schema: public; Owner: doadmin
--

ALTER TABLE ONLY public.instruction
    ADD CONSTRAINT "FK_instruction_instruction_ParentId" FOREIGN KEY ("ParentId") REFERENCES public.instruction("Id");


--
-- Name: instruction_location FK_instruction_location_instruction_InstructionId; Type: FK CONSTRAINT; Schema: public; Owner: doadmin
--

ALTER TABLE ONLY public.instruction_location
    ADD CONSTRAINT "FK_instruction_location_instruction_InstructionId" FOREIGN KEY ("InstructionId") REFERENCES public.instruction("Id") ON DELETE CASCADE;


--
-- Name: instruction FK_instruction_variation_VariationId; Type: FK CONSTRAINT; Schema: public; Owner: doadmin
--

ALTER TABLE ONLY public.instruction
    ADD CONSTRAINT "FK_instruction_variation_VariationId" FOREIGN KEY ("VariationId") REFERENCES public.variation("Id") ON DELETE CASCADE;


--
-- Name: intensity FK_intensity_variation_VariationId; Type: FK CONSTRAINT; Schema: public; Owner: doadmin
--

ALTER TABLE ONLY public.intensity
    ADD CONSTRAINT "FK_intensity_variation_VariationId" FOREIGN KEY ("VariationId") REFERENCES public.variation("Id") ON DELETE CASCADE;


--
-- Name: user_equipment FK_user_equipment_equipment_EquipmentId; Type: FK CONSTRAINT; Schema: public; Owner: doadmin
--

ALTER TABLE ONLY public.user_equipment
    ADD CONSTRAINT "FK_user_equipment_equipment_EquipmentId" FOREIGN KEY ("EquipmentId") REFERENCES public.equipment("Id") ON DELETE CASCADE;


--
-- Name: user_equipment FK_user_equipment_user_UserId; Type: FK CONSTRAINT; Schema: public; Owner: doadmin
--

ALTER TABLE ONLY public.user_equipment
    ADD CONSTRAINT "FK_user_equipment_user_UserId" FOREIGN KEY ("UserId") REFERENCES public."user"("Id") ON DELETE CASCADE;


--
-- Name: user_exercise FK_user_exercise_exercise_ExerciseId; Type: FK CONSTRAINT; Schema: public; Owner: doadmin
--

ALTER TABLE ONLY public.user_exercise
    ADD CONSTRAINT "FK_user_exercise_exercise_ExerciseId" FOREIGN KEY ("ExerciseId") REFERENCES public.exercise("Id") ON DELETE CASCADE;


--
-- Name: user_exercise FK_user_exercise_user_UserId; Type: FK CONSTRAINT; Schema: public; Owner: doadmin
--

ALTER TABLE ONLY public.user_exercise
    ADD CONSTRAINT "FK_user_exercise_user_UserId" FOREIGN KEY ("UserId") REFERENCES public."user"("Id") ON DELETE CASCADE;


--
-- Name: user_exercise_variation FK_user_exercise_variation_exercise_variation_ExerciseVariatio~; Type: FK CONSTRAINT; Schema: public; Owner: doadmin
--

ALTER TABLE ONLY public.user_exercise_variation
    ADD CONSTRAINT "FK_user_exercise_variation_exercise_variation_ExerciseVariatio~" FOREIGN KEY ("ExerciseVariationId") REFERENCES public.exercise_variation("Id") ON DELETE CASCADE;


--
-- Name: user_exercise_variation FK_user_exercise_variation_user_UserId; Type: FK CONSTRAINT; Schema: public; Owner: doadmin
--

ALTER TABLE ONLY public.user_exercise_variation
    ADD CONSTRAINT "FK_user_exercise_variation_user_UserId" FOREIGN KEY ("UserId") REFERENCES public."user"("Id") ON DELETE CASCADE;


--
-- Name: user_frequency FK_user_frequency_user_UserId; Type: FK CONSTRAINT; Schema: public; Owner: doadmin
--

ALTER TABLE ONLY public.user_frequency
    ADD CONSTRAINT "FK_user_frequency_user_UserId" FOREIGN KEY ("UserId") REFERENCES public."user"("Id") ON DELETE CASCADE;


--
-- Name: user_muscle FK_user_muscle_user_UserId; Type: FK CONSTRAINT; Schema: public; Owner: doadmin
--

ALTER TABLE ONLY public.user_muscle
    ADD CONSTRAINT "FK_user_muscle_user_UserId" FOREIGN KEY ("UserId") REFERENCES public."user"("Id") ON DELETE CASCADE;


--
-- Name: user_newsletter FK_user_newsletter_user_UserId; Type: FK CONSTRAINT; Schema: public; Owner: doadmin
--

ALTER TABLE ONLY public.user_newsletter
    ADD CONSTRAINT "FK_user_newsletter_user_UserId" FOREIGN KEY ("UserId") REFERENCES public."user"("Id") ON DELETE CASCADE;


--
-- Name: user_token FK_user_token_user_UserId; Type: FK CONSTRAINT; Schema: public; Owner: doadmin
--

ALTER TABLE ONLY public.user_token
    ADD CONSTRAINT "FK_user_token_user_UserId" FOREIGN KEY ("UserId") REFERENCES public."user"("Id") ON DELETE CASCADE;


--
-- Name: user_variation FK_user_variation_user_UserId; Type: FK CONSTRAINT; Schema: public; Owner: doadmin
--

ALTER TABLE ONLY public.user_variation
    ADD CONSTRAINT "FK_user_variation_user_UserId" FOREIGN KEY ("UserId") REFERENCES public."user"("Id") ON DELETE CASCADE;


--
-- Name: user_variation FK_user_variation_variation_VariationId; Type: FK CONSTRAINT; Schema: public; Owner: doadmin
--

ALTER TABLE ONLY public.user_variation
    ADD CONSTRAINT "FK_user_variation_variation_VariationId" FOREIGN KEY ("VariationId") REFERENCES public.variation("Id") ON DELETE CASCADE;


--
-- Name: user_workout_exercise_variation FK_user_workout_exercise_variation_exercise_variation_Exercise~; Type: FK CONSTRAINT; Schema: public; Owner: doadmin
--

ALTER TABLE ONLY public.user_workout_exercise_variation
    ADD CONSTRAINT "FK_user_workout_exercise_variation_exercise_variation_Exercise~" FOREIGN KEY ("ExerciseVariationId") REFERENCES public.exercise_variation("Id") ON DELETE CASCADE;


--
-- Name: user_workout_exercise_variation FK_user_workout_exercise_variation_user_workout_UserWorkoutId; Type: FK CONSTRAINT; Schema: public; Owner: doadmin
--

ALTER TABLE ONLY public.user_workout_exercise_variation
    ADD CONSTRAINT "FK_user_workout_exercise_variation_user_workout_UserWorkoutId" FOREIGN KEY ("UserWorkoutId") REFERENCES public.user_workout("Id") ON DELETE CASCADE;


--
-- Name: user_workout FK_user_workout_user_UserId; Type: FK CONSTRAINT; Schema: public; Owner: doadmin
--

ALTER TABLE ONLY public.user_workout
    ADD CONSTRAINT "FK_user_workout_user_UserId" FOREIGN KEY ("UserId") REFERENCES public."user"("Id") ON DELETE CASCADE;


--
-- Name: variation FK_variation_instruction_DefaultInstructionId; Type: FK CONSTRAINT; Schema: public; Owner: doadmin
--

ALTER TABLE ONLY public.variation
    ADD CONSTRAINT "FK_variation_instruction_DefaultInstructionId" FOREIGN KEY ("DefaultInstructionId") REFERENCES public.instruction("Id");


--
-- Name: SCHEMA public; Type: ACL; Schema: -; Owner: pg_database_owner
--

REVOKE USAGE ON SCHEMA public FROM PUBLIC;
GRANT ALL ON SCHEMA public TO PUBLIC;


--
-- Name: FUNCTION pg_stat_statements_reset(userid oid, dbid oid, queryid bigint); Type: ACL; Schema: public; Owner: postgres
--

GRANT ALL ON FUNCTION public.pg_stat_statements_reset(userid oid, dbid oid, queryid bigint) TO doadmin WITH GRANT OPTION;


--
-- PostgreSQL database dump complete
--

