--
-- PostgreSQL database dump
--

-- Dumped from database version 15.3
-- Dumped by pg_dump version 15.2

SET statement_timeout = 0;
SET lock_timeout = 0;
SET idle_in_transaction_session_timeout = 0;
SET client_encoding = 'UTF8';
SET standard_conforming_strings = on;
SELECT pg_catalog.set_config('search_path', '', false);
SET check_function_bodies = false;
SET xmloption = content;
SET client_min_messages = warning;
SET row_security = off;

--
-- Name: pg_stat_statements; Type: EXTENSION; Schema: -; Owner: -
--

CREATE EXTENSION IF NOT EXISTS pg_stat_statements WITH SCHEMA public;


--
-- Name: EXTENSION pg_stat_statements; Type: COMMENT; Schema: -; Owner: -
--

COMMENT ON EXTENSION pg_stat_statements IS 'track planning and execution statistics of all SQL statements executed';


--
-- Name: uuid-ossp; Type: EXTENSION; Schema: -; Owner: -
--

CREATE EXTENSION IF NOT EXISTS "uuid-ossp" WITH SCHEMA public;


--
-- Name: EXTENSION "uuid-ossp"; Type: COMMENT; Schema: -; Owner: -
--

COMMENT ON EXTENSION "uuid-ossp" IS 'generate universally unique identifiers (UUIDs)';


SET default_tablespace = '';

SET default_table_access_method = heap;

--
-- Name: user; Type: TABLE; Schema: public; Owner: -
--

CREATE TABLE public."user" (
    "Id" integer NOT NULL,
    "Email" text NOT NULL,
    "SendDays" integer DEFAULT 0 NOT NULL,
    "AcceptedTerms" boolean DEFAULT false NOT NULL,
    "SportsFocus" integer DEFAULT 0 NOT NULL,
    "NewsletterDisabledReason" text,
    "CreatedDate" date DEFAULT '-infinity'::date NOT NULL,
    "LastActive" date DEFAULT '-infinity'::date,
    "DeloadAfterEveryXWeeks" integer DEFAULT 0 NOT NULL,
    "SendHour" integer DEFAULT 0 NOT NULL,
    "ShowStaticImages" boolean DEFAULT false NOT NULL,
    "RefreshAccessoryEveryXWeeks" integer DEFAULT 7 NOT NULL,
    "RefreshFunctionalEveryXWeeks" integer DEFAULT 30 NOT NULL,
    "Features" integer DEFAULT 0 NOT NULL,
    "IncludeMobilityWorkouts" boolean DEFAULT false NOT NULL,
    "SeasonedDate" date,
    "FootnoteType" integer DEFAULT 0 NOT NULL,
    "Frequency" integer DEFAULT 0 NOT NULL,
    "IntensityLevel" integer DEFAULT 0 NOT NULL,
    "PrehabFocus" integer DEFAULT 0 NOT NULL,
    "RehabFocus" integer DEFAULT 0 NOT NULL,
    "Verbosity" integer DEFAULT 0 NOT NULL
);


--
-- Name: TABLE "user"; Type: COMMENT; Schema: public; Owner: -
--

COMMENT ON TABLE public."user" IS 'User who signed up for the newsletter';


--
-- Name: User_Id_seq; Type: SEQUENCE; Schema: public; Owner: -
--

ALTER TABLE public."user" ALTER COLUMN "Id" ADD GENERATED BY DEFAULT AS IDENTITY (
    SEQUENCE NAME public."User_Id_seq"
    START WITH 1
    INCREMENT BY 1
    NO MINVALUE
    NO MAXVALUE
    CACHE 1
);


--
-- Name: __EFMigrationsHistory; Type: TABLE; Schema: public; Owner: -
--

CREATE TABLE public."__EFMigrationsHistory" (
    "MigrationId" character varying(150) NOT NULL,
    "ProductVersion" character varying(32) NOT NULL
);


--
-- Name: equipment; Type: TABLE; Schema: public; Owner: -
--

CREATE TABLE public.equipment (
    "Id" integer NOT NULL,
    "DisabledReason" text,
    "Name" text NOT NULL
);


--
-- Name: TABLE equipment; Type: COMMENT; Schema: public; Owner: -
--

COMMENT ON TABLE public.equipment IS 'Equipment used in an exercise';


--
-- Name: equipment_Id_seq; Type: SEQUENCE; Schema: public; Owner: -
--

ALTER TABLE public.equipment ALTER COLUMN "Id" ADD GENERATED BY DEFAULT AS IDENTITY (
    SEQUENCE NAME public."equipment_Id_seq"
    START WITH 1
    INCREMENT BY 1
    NO MINVALUE
    NO MAXVALUE
    CACHE 1
);


--
-- Name: exercise; Type: TABLE; Schema: public; Owner: -
--

CREATE TABLE public.exercise (
    "Id" integer NOT NULL,
    "DisabledReason" text,
    "Groups" integer NOT NULL,
    "Name" text NOT NULL,
    "Notes" text,
    "Proficiency" integer NOT NULL
);


--
-- Name: TABLE exercise; Type: COMMENT; Schema: public; Owner: -
--

COMMENT ON TABLE public.exercise IS 'Exercises listed on the website';


--
-- Name: exercise_Id_seq; Type: SEQUENCE; Schema: public; Owner: -
--

ALTER TABLE public.exercise ALTER COLUMN "Id" ADD GENERATED BY DEFAULT AS IDENTITY (
    SEQUENCE NAME public."exercise_Id_seq"
    START WITH 1
    INCREMENT BY 1
    NO MINVALUE
    NO MAXVALUE
    CACHE 1
);


--
-- Name: exercise_prerequisite; Type: TABLE; Schema: public; Owner: -
--

CREATE TABLE public.exercise_prerequisite (
    "ExerciseId" integer NOT NULL,
    "PrerequisiteExerciseId" integer NOT NULL
);


--
-- Name: TABLE exercise_prerequisite; Type: COMMENT; Schema: public; Owner: -
--

COMMENT ON TABLE public.exercise_prerequisite IS 'Pre-requisite exercises for other exercises';


--
-- Name: exercise_variation; Type: TABLE; Schema: public; Owner: -
--

CREATE TABLE public.exercise_variation (
    "Id" integer NOT NULL,
    "ExerciseId" integer NOT NULL,
    "VariationId" integer NOT NULL,
    "DisabledReason" text,
    "ExerciseFocus" integer NOT NULL,
    "ExerciseType" integer NOT NULL,
    "Notes" text,
    "SportsFocus" integer NOT NULL,
    "Progression_Max" integer,
    "Progression_Min" integer
);


--
-- Name: TABLE exercise_variation; Type: COMMENT; Schema: public; Owner: -
--

COMMENT ON TABLE public.exercise_variation IS 'Variation progressions for an exercise track';


--
-- Name: exercise_variation_Id_seq; Type: SEQUENCE; Schema: public; Owner: -
--

ALTER TABLE public.exercise_variation ALTER COLUMN "Id" ADD GENERATED BY DEFAULT AS IDENTITY (
    SEQUENCE NAME public."exercise_variation_Id_seq"
    START WITH 1
    INCREMENT BY 1
    NO MINVALUE
    NO MAXVALUE
    CACHE 1
);


--
-- Name: user_footnote; Type: TABLE; Schema: public; Owner: -
--

CREATE TABLE public.user_footnote (
    "Id" integer NOT NULL,
    "Note" text NOT NULL,
    "Source" text,
    "Type" integer NOT NULL,
    "UserId" integer
);


--
-- Name: TABLE user_footnote; Type: COMMENT; Schema: public; Owner: -
--

COMMENT ON TABLE public.user_footnote IS 'Sage advice';


--
-- Name: footnote_Id_seq; Type: SEQUENCE; Schema: public; Owner: -
--

ALTER TABLE public.user_footnote ALTER COLUMN "Id" ADD GENERATED BY DEFAULT AS IDENTITY (
    SEQUENCE NAME public."footnote_Id_seq"
    START WITH 1
    INCREMENT BY 1
    NO MINVALUE
    NO MAXVALUE
    CACHE 1
);


--
-- Name: instruction; Type: TABLE; Schema: public; Owner: -
--

CREATE TABLE public.instruction (
    "Id" integer NOT NULL,
    "ParentId" integer,
    "VariationId" integer NOT NULL,
    "DisabledReason" text,
    "Link" text,
    "Name" text,
    "Notes" text
);


--
-- Name: TABLE instruction; Type: COMMENT; Schema: public; Owner: -
--

COMMENT ON TABLE public.instruction IS 'Equipment that can be switched out for one another';


--
-- Name: instruction_Id_seq; Type: SEQUENCE; Schema: public; Owner: -
--

ALTER TABLE public.instruction ALTER COLUMN "Id" ADD GENERATED BY DEFAULT AS IDENTITY (
    SEQUENCE NAME public."instruction_Id_seq"
    START WITH 1
    INCREMENT BY 1
    NO MINVALUE
    NO MAXVALUE
    CACHE 1
);


--
-- Name: instruction_equipment; Type: TABLE; Schema: public; Owner: -
--

CREATE TABLE public.instruction_equipment (
    "EquipmentId" integer NOT NULL,
    "InstructionsId" integer NOT NULL
);


--
-- Name: instruction_location; Type: TABLE; Schema: public; Owner: -
--

CREATE TABLE public.instruction_location (
    "Location" integer NOT NULL,
    "InstructionId" integer NOT NULL,
    "Link" text NOT NULL
);


--
-- Name: TABLE instruction_location; Type: COMMENT; Schema: public; Owner: -
--

COMMENT ON TABLE public.instruction_location IS 'Instructions that can be switched out for one another';


--
-- Name: intensity; Type: TABLE; Schema: public; Owner: -
--

CREATE TABLE public.intensity (
    "Id" integer NOT NULL,
    "VariationId" integer NOT NULL,
    "DisabledReason" text,
    "IntensityLevel" integer NOT NULL,
    "Proficiency_MaxReps" integer,
    "Proficiency_MaxSecs" integer,
    "Proficiency_MinReps" integer,
    "Proficiency_MinSecs" integer,
    "Proficiency_Sets" integer
);


--
-- Name: TABLE intensity; Type: COMMENT; Schema: public; Owner: -
--

COMMENT ON TABLE public.intensity IS 'Intensity level of an exercise variation per user''s strengthing preference';


--
-- Name: intensity_Id_seq; Type: SEQUENCE; Schema: public; Owner: -
--

ALTER TABLE public.intensity ALTER COLUMN "Id" ADD GENERATED BY DEFAULT AS IDENTITY (
    SEQUENCE NAME public."intensity_Id_seq"
    START WITH 1
    INCREMENT BY 1
    NO MINVALUE
    NO MAXVALUE
    CACHE 1
);


--
-- Name: user_email; Type: TABLE; Schema: public; Owner: -
--

CREATE TABLE public.user_email (
    "Id" integer NOT NULL,
    "UserId" integer NOT NULL,
    "Body" text NOT NULL,
    "Date" date NOT NULL,
    "EmailStatus" integer NOT NULL,
    "LastError" text,
    "SendAfter" timestamp with time zone NOT NULL,
    "SendAttempts" integer NOT NULL,
    "Subject" text NOT NULL
);


--
-- Name: TABLE user_email; Type: COMMENT; Schema: public; Owner: -
--

COMMENT ON TABLE public.user_email IS 'A day''s workout routine';


--
-- Name: user_email_Id_seq; Type: SEQUENCE; Schema: public; Owner: -
--

ALTER TABLE public.user_email ALTER COLUMN "Id" ADD GENERATED BY DEFAULT AS IDENTITY (
    SEQUENCE NAME public."user_email_Id_seq"
    START WITH 1
    INCREMENT BY 1
    NO MINVALUE
    NO MAXVALUE
    CACHE 1
);


--
-- Name: user_equipment; Type: TABLE; Schema: public; Owner: -
--

CREATE TABLE public.user_equipment (
    "UserId" integer NOT NULL,
    "EquipmentId" integer NOT NULL
);


--
-- Name: user_exercise; Type: TABLE; Schema: public; Owner: -
--

CREATE TABLE public.user_exercise (
    "UserId" integer NOT NULL,
    "ExerciseId" integer NOT NULL,
    "Ignore" boolean NOT NULL,
    "LastSeen" date NOT NULL,
    "Progression" integer NOT NULL,
    "RefreshAfter" date
);


--
-- Name: TABLE user_exercise; Type: COMMENT; Schema: public; Owner: -
--

COMMENT ON TABLE public.user_exercise IS 'User''s progression level of an exercise';


--
-- Name: user_exercise_variation; Type: TABLE; Schema: public; Owner: -
--

CREATE TABLE public.user_exercise_variation (
    "UserId" integer NOT NULL,
    "ExerciseVariationId" integer NOT NULL,
    "LastSeen" date NOT NULL,
    "RefreshAfter" date
);


--
-- Name: TABLE user_exercise_variation; Type: COMMENT; Schema: public; Owner: -
--

COMMENT ON TABLE public.user_exercise_variation IS 'User''s progression level of an exercise variation';


--
-- Name: user_frequency; Type: TABLE; Schema: public; Owner: -
--

CREATE TABLE public.user_frequency (
    "UserId" integer NOT NULL,
    "Id" integer NOT NULL,
    "Rotation_Id" integer NOT NULL,
    "Rotation_MovementPatterns" integer NOT NULL,
    "Rotation_MuscleGroups" integer NOT NULL
);


--
-- Name: user_muscle_flexibility; Type: TABLE; Schema: public; Owner: -
--

CREATE TABLE public.user_muscle_flexibility (
    "MuscleGroup" integer NOT NULL,
    "UserId" integer NOT NULL,
    "Count" integer NOT NULL
);


--
-- Name: user_muscle_mobility; Type: TABLE; Schema: public; Owner: -
--

CREATE TABLE public.user_muscle_mobility (
    "UserId" integer NOT NULL,
    "MuscleGroup" integer NOT NULL,
    "Count" integer NOT NULL
);


--
-- Name: user_muscle_strength; Type: TABLE; Schema: public; Owner: -
--

CREATE TABLE public.user_muscle_strength (
    "UserId" integer NOT NULL,
    "MuscleGroup" integer NOT NULL,
    "End" integer NOT NULL,
    "Start" integer NOT NULL
);


--
-- Name: user_token; Type: TABLE; Schema: public; Owner: -
--

CREATE TABLE public.user_token (
    "UserId" integer NOT NULL,
    "Token" text NOT NULL,
    "Expires" timestamp with time zone NOT NULL,
    "Id" integer NOT NULL
);


--
-- Name: TABLE user_token; Type: COMMENT; Schema: public; Owner: -
--

COMMENT ON TABLE public.user_token IS 'Auth tokens for a user';


--
-- Name: user_token_Id_seq; Type: SEQUENCE; Schema: public; Owner: -
--

ALTER TABLE public.user_token ALTER COLUMN "Id" ADD GENERATED BY DEFAULT AS IDENTITY (
    SEQUENCE NAME public."user_token_Id_seq"
    START WITH 1
    INCREMENT BY 1
    NO MINVALUE
    NO MAXVALUE
    CACHE 1
);


--
-- Name: user_variation; Type: TABLE; Schema: public; Owner: -
--

CREATE TABLE public.user_variation (
    "UserId" integer NOT NULL,
    "VariationId" integer NOT NULL,
    "Ignore" boolean NOT NULL,
    "Weight" integer NOT NULL
);


--
-- Name: TABLE user_variation; Type: COMMENT; Schema: public; Owner: -
--

COMMENT ON TABLE public.user_variation IS 'User''s intensity stats';


--
-- Name: user_variation_weight; Type: TABLE; Schema: public; Owner: -
--

CREATE TABLE public.user_variation_weight (
    "Id" integer NOT NULL,
    "UserId" integer NOT NULL,
    "VariationId" integer NOT NULL,
    "Date" date NOT NULL,
    "Weight" integer NOT NULL
);


--
-- Name: TABLE user_variation_weight; Type: COMMENT; Schema: public; Owner: -
--

COMMENT ON TABLE public.user_variation_weight IS 'User variation weight log';


--
-- Name: user_variation_weight_Id_seq; Type: SEQUENCE; Schema: public; Owner: -
--

ALTER TABLE public.user_variation_weight ALTER COLUMN "Id" ADD GENERATED BY DEFAULT AS IDENTITY (
    SEQUENCE NAME public."user_variation_weight_Id_seq"
    START WITH 1
    INCREMENT BY 1
    NO MINVALUE
    NO MAXVALUE
    CACHE 1
);


--
-- Name: user_workout; Type: TABLE; Schema: public; Owner: -
--

CREATE TABLE public.user_workout (
    "Id" integer NOT NULL,
    "UserId" integer NOT NULL,
    "Date" date NOT NULL,
    "Frequency" integer NOT NULL,
    "IsDeloadWeek" boolean NOT NULL,
    "WorkoutRotation_Id" integer NOT NULL,
    "WorkoutRotation_MovementPatterns" integer NOT NULL,
    "WorkoutRotation_MuscleGroups" integer NOT NULL
);


--
-- Name: TABLE user_workout; Type: COMMENT; Schema: public; Owner: -
--

COMMENT ON TABLE public.user_workout IS 'A day''s workout routine';


--
-- Name: user_workout_Id_seq; Type: SEQUENCE; Schema: public; Owner: -
--

ALTER TABLE public.user_workout ALTER COLUMN "Id" ADD GENERATED BY DEFAULT AS IDENTITY (
    SEQUENCE NAME public."user_workout_Id_seq"
    START WITH 1
    INCREMENT BY 1
    NO MINVALUE
    NO MAXVALUE
    CACHE 1
);


--
-- Name: user_workout_exercise_variation; Type: TABLE; Schema: public; Owner: -
--

CREATE TABLE public.user_workout_exercise_variation (
    "Id" integer NOT NULL,
    "ExerciseVariationId" integer NOT NULL,
    "UserWorkoutId" integer NOT NULL,
    "IntensityLevel" integer,
    "Order" integer NOT NULL,
    "Section" integer NOT NULL
);


--
-- Name: TABLE user_workout_exercise_variation; Type: COMMENT; Schema: public; Owner: -
--

COMMENT ON TABLE public.user_workout_exercise_variation IS 'A day''s workout routine';


--
-- Name: user_workout_exercise_variation_Id_seq; Type: SEQUENCE; Schema: public; Owner: -
--

ALTER TABLE public.user_workout_exercise_variation ALTER COLUMN "Id" ADD GENERATED BY DEFAULT AS IDENTITY (
    SEQUENCE NAME public."user_workout_exercise_variation_Id_seq"
    START WITH 1
    INCREMENT BY 1
    NO MINVALUE
    NO MAXVALUE
    CACHE 1
);


--
-- Name: variation; Type: TABLE; Schema: public; Owner: -
--

CREATE TABLE public.variation (
    "Id" integer NOT NULL,
    "DefaultInstructionId" integer,
    "AnimatedImage" text,
    "AntiGravity" boolean NOT NULL,
    "DisabledReason" text,
    "IsWeighted" boolean NOT NULL,
    "MobilityJoints" integer NOT NULL,
    "MovementPattern" integer NOT NULL,
    "MuscleContractions" integer NOT NULL,
    "MuscleMovement" integer NOT NULL,
    "Name" text NOT NULL,
    "Notes" text,
    "SecondaryMuscles" integer NOT NULL,
    "StaticImage" text NOT NULL,
    "StrengthMuscles" integer NOT NULL,
    "StretchMuscles" integer NOT NULL,
    "Unilateral" boolean NOT NULL,
    "UseCaution" boolean NOT NULL
);


--
-- Name: TABLE variation; Type: COMMENT; Schema: public; Owner: -
--

COMMENT ON TABLE public.variation IS 'Variations of exercises';


--
-- Name: variation_Id_seq; Type: SEQUENCE; Schema: public; Owner: -
--

ALTER TABLE public.variation ALTER COLUMN "Id" ADD GENERATED BY DEFAULT AS IDENTITY (
    SEQUENCE NAME public."variation_Id_seq"
    START WITH 1
    INCREMENT BY 1
    NO MINVALUE
    NO MAXVALUE
    CACHE 1
);


--
-- Data for Name: __EFMigrationsHistory; Type: TABLE DATA; Schema: public; Owner: -
--

COPY public."__EFMigrationsHistory" ("MigrationId", "ProductVersion") FROM stdin;
20230811223648_SquashMigrations	7.0.10
\.


--
-- Data for Name: equipment; Type: TABLE DATA; Schema: public; Owner: -
--

COPY public.equipment ("Id", "DisabledReason", "Name") FROM stdin;
8	\N	Pullup Bar
13	\N	Jump Rope
20	\N	Flat Bench
28	Not sure I want to show exercises that take place outdoors	Track
21	\N	Low Box
18	\N	High Box
2	\N	Barbell
3	\N	Medicine Ball
17	\N	Plates
29	Not sure I want to show exercises that take place outdoors	Field
23	Everybody has one of these at home	Pillow
19	Duplicate of Low Box	Stairs
11	Everybody has one of these at home	Chair
24	Not used in strengthening exercises	Foam Roller
25	Everybody has one of these at home	Malleable Ball
31	Duplicate of Barbell. They both use the same motions,  only difference is wrist position being slightly more comfortable. Otherwise they are interchangeable.	EZ Bar
7	\N	Stability Ball
16	How many people have this that don't know how to use it?	Dip Belt with Chain
15	The instructions for using this isn't any different than the unweighted version.	Weighted Vest
33	\N	Hula Hoop
12	\N	Incline Bench
27	\N	TRX System
26	\N	Mini Loop Bands
30	Not necessary to separate this out.	Treadmill
22	I should only enable equipment that changes how the exercises are performed.	Ankle Weights
10	I got rid of Dips because they can hurt your shoulders if you don't have strong shoulders.	Dip Bar
14	These aren't necessary to complete exercises such as the L-Sit or handstand pushups, though they do make it easier. I'm fine just showing instructions using just the hands and the user, if they have these, can add them to their workout themselves.	Parallettes
4	\N	Slam Ball
32	Found videos to show these exercises w/o specific equipment.	Ankle Anchor
1	\N	Dumbbells
6	\N	Resistance Bands
9	\N	Gymnastic Rings
5	\N	Kettlebells
\.


--
-- Data for Name: exercise; Type: TABLE DATA; Schema: public; Owner: -
--

COPY public.exercise ("Id", "DisabledReason", "Groups", "Name", "Notes", "Proficiency") FROM stdin;
291	\N	0	Hip Stretches	\N	50
301	\N	0	Bird of Paradise	\N	50
305	\N	0	Firelog Stretch	aka. Double Pigeon.	50
313	Duplciate of Calf Raises	0	Resisted Plantar Flexion (Straight-Leg)	Ankle Plantar Flexion	50
315	\N	0	Heel Walk	Ankle Plantar Flexion. Not a duplicate of Toe Raises b/c we want a seperate progression range for this.	50
314	\N	0	Toe Walk	Ankle Plantar Flexion. Not a duplicate of Calf Raises b/c we want a seperate progression range for this.	50
309	This doesn't stretch any muscles, only strengthens. It won't ever show up as a Cooldown stretch.	0	Mountain Stretch	\N	50
296	This doesn't stretch any muscles, only strengthens. It won't ever show up as a Cooldown stretch.	0	Easy Stretch	\N	50
147	Duplicate of Jump Squats	0	Squat Jumps	\N	50
323	\N	0	Shoulder Rotations	\N	50
292	\N	0	Karaoke	\N	50
302	\N	0	Thread the Needle	\N	50
262	\N	0	Deep Squats	aka. Garland Pose.	50
61	They push your curved spine against the floor and work your hip flexors, the muscles that run from the thighs to the lumbar vertebrae in the lower back. When the hip flexors are too strong or too tight, they tug on the lower spine, which can create lower back discomfort.	0	Ab Raises	\N	50
297	This doesn't stretch any muscles, only strengthens. It won't ever show up as a Cooldown stretch.	0	Tabletop Stretch	\N	50
319	\N	0	Overhead Reaches	\N	50
54	\N	0	Step Ups	\N	50
66	\N	0	Hero Stretch	\N	50
293	\N	0	Hamstring Floss	\N	50
298	\N	0	Dancer Stretch	\N	50
294	Duplicate of Knees to Chest	0	Knee Hugs	\N	50
306	\N	0	Quadruped + Downward Dog	\N	50
311	\N	0	Single Leg Balance	\N	50
316	\N	0	Shavasana	\N	50
110	\N	0	Nordic Curls	\N	50
111	\N	0	Jump Squats	aka. Squat Jumps	50
320	\N	0	Diagonals	\N	50
286	\N	0	Heel Digs	\N	50
263	Duplicate of Shadow Boxing	0	Punches	\N	50
290	\N	0	Calf Smash	\N	50
155	\N	0	Curtsy Lunges (Plyometric)	\N	50
160	\N	0	Lunges (Plyometric)	\N	50
282	\N	0	Shoulder External Rotation	\N	50
283	\N	0	Shoulder Internal Rotation	\N	50
169	\N	0	Reverse Tabletop	\N	50
173	\N	0	Face Pulls	\N	50
58	Hip is under tension when doing the exercise which creates a lot of unwanted pressure on the lumbar spine.	0	Russian Twists	\N	50
220	\N	0	Hip Openers	\N	50
257	\N	0	Fast Feet	\N	50
227	\N	0	Skater Squats	\N	50
230	\N	0	Cow Face Stretch	\N	50
237	\N	0	Puppy Dog	\N	50
258	\N	0	Bounds	\N	50
259	\N	0	Hops	\N	50
167	\N	0	World's Greatest Stretch	\N	50
7	When you descend into a triceps dip, using poor form, it also increases the risk of shoulder impingement. Impingement is a condition where the ligaments, tendons, and bursa that run underneath the acromion, the bony prominence on the shoulder blade, become compressed. The end result is inflammation and discomfort, especially when you do dips or when you lift your arms up. That’s why form is so critical when you dip.	0	Dips	\N	50
203	\N	0	Pigeon Stretch	\N	50
175	\N	0	Landmine Rotations	\N	50
209	\N	0	Hamstring Bridges	\N	50
212	\N	0	Pullovers	\N	50
200	\N	0	Zenith Rotations	\N	50
222	\N	0	L Sit	\N	50
226	\N	0	Crossover Step Ups	\N	50
229	\N	0	Savasana	\N	50
233	\N	0	Shoulder Stands	\N	50
96	\N	0	Running	\N	50
94	\N	0	Shadow Boxing	\N	50
24	\N	0	Butt Kicks	\N	50
287	\N	0	Leg Swings	\N	50
289	\N	0	Hamstring Catch	\N	50
284	\N	0	Shoulder Extension	\N	50
179	“Using a leg extension machine isn’t functional – there is no natural movement in life were you sit and straighten your knee with a 100-pound load against it,” says Joe Tatta, DPT. He’s a physical therapist at Premier Physical Therapy & Wellness in New York City.	0	Leg Extension	\N	50
187	\N	0	Support Hold	\N	50
30	\N	0	Downward Dog	\N	50
83	\N	0	Tree Stretch	\N	50
112	\N	0	Jumps	\N	50
97	\N	0	90/90 Hip Stretch	\N	50
141	\N	0	Side Throw	\N	50
100	\N	0	Jogging	\N	50
95	\N	0	Side Leg Lifts	\N	50
22	\N	0	Side Stretch	\N	50
88	\N	0	Warrior I	\N	50
183	Duplicate of Tricep Extensions	0	Tricep Pushdowns	\N	50
254	\N	0	Flutter Kicks	\N	50
185	\N	0	Woodchoppers	\N	50
228	\N	0	Heel Sits	\N	50
231	\N	0	Side Angle Stretch	\N	50
89	\N	0	Warrior II	\N	50
248	\N	0	Hip Airplanes	\N	50
232	\N	0	Eye of the Needle Stretch	\N	50
268	\N	0	Sumo Deadlift	\N	50
264	\N	0	Split Squats (ATG)	\N	50
56	“As exercisers drop in and out of abdominal flexion, losing their muscle tension in the midsection, the low back gets wrenched in and out of extension with little support,” says Alycea Ungaro, PT. She’s the owner of Real Pilates in New York City.	0	Heel Touches	\N	50
270	\N	2	Pike	\N	50
269	\N	0	Commando Pullups	\N	50
4	\N	0	Pullups	\N	50
223	\N	0	Rack Carries	\N	50
236	\N	0	Headstand	\N	50
163	These don't seem too good of a warmup.	8	Beast Pushups	\N	50
189	\N	8	Pushups (Plyometric)	\N	50
91	\N	1	Quadruped Planks	\N	50
137	\N	1	Side Star Plank (Hands)	\N	50
159	\N	1	Leg Lifts from Reverse Planks (Hands)	\N	50
62	\N	0	Reverse Flyes	\N	50
35	\N	0	Burpees	\N	50
3	\N	0	Squats	\N	50
13	\N	0	Jumping Jacks	\N	50
116	Moved to combined recovery exercise progressions	0	Sleeper Stretch	\N	50
43	\N	0	Overhead Presses	\N	50
34	\N	0	Jump Rope	\N	50
11	Until the variations are flushed out	0	Elbow Levers	\N	50
104	\N	0	Leg Lifts	\N	50
103	\N	0	Reverse Leg Lifts	\N	50
49	\N	0	Rows	\N	50
114	\N	0	Plant & Cut	\N	50
31	\N	0	Arm Circles	\N	50
6	\N	0	Twists	\N	50
80	\N	0	Pyramid Stretch	\N	50
239	\N	0	Gate Stretch	\N	50
242	\N	0	Locust	Different from Superman in that the arms stay back instead of coming forward.	50
2	\N	0	Leg Raises	\N	50
5	\N	0	Bridges	\N	50
99	\N	0	Walking	\N	50
16	\N	0	Butterfly Stretch	\N	50
29	\N	0	Child's Stretch	\N	50
240	\N	0	Half Moon Stretch	\N	50
67	\N	0	Cobra Stretches	\N	50
243	\N	0	Fish	\N	50
255	\N	0	Toe Taps	\N	50
256	\N	0	Fire Hydrant	\N	50
50	\N	0	Flyes	\N	50
162	\N	0	Glute Bridges	\N	50
206	\N	0	Downward Dog + Upward Dog	\N	50
144	\N	0	Halos	\N	50
208	\N	0	Foot Mash	\N	50
193	\N	0	Curtsy Squats	\N	50
38	\N	0	Wall Sits	\N	50
77	\N	0	Lotus Stretch	\N	50
27	\N	0	Tricep Extensions	\N	50
32	\N	0	Mountain Climbers	\N	50
81	\N	0	Rabbit Stretch	\N	50
253	\N	0	Knee Tucks	\N	50
59	\N	0	Box Jumps	\N	50
79	\N	0	Eagle Stretch	\N	50
45	\N	0	Lateral Step Ups	\N	50
105	\N	0	Lateral Step Downs	\N	50
267	\N	0	Sumo Squats	\N	50
245	\N	0	Wild Thing	\N	50
252	\N	0	Side Splits	\N	50
117	\N	0	Snow Angels	\N	50
41	\N	0	Elevated Split Squats	\N	50
68	\N	0	Bear Crawl	\N	50
109	\N	0	Split Squats	\N	50
69	\N	0	Leg Cycle	\N	50
63	\N	0	Hip Thrusts	\N	50
36	\N	0	Bar Hang	\N	50
40	\N	0	Reverse Lunges	\N	50
46	\N	0	Chest Presses	\N	50
39	\N	0	Lateral Lunges	\N	50
106	\N	0	Lateral Squats	\N	50
78	\N	0	Turkish Get-Ups	\N	50
140	\N	0	Ball Slam	\N	50
139	\N	0	Granny Toss	\N	50
142	\N	0	Chest Throw	\N	50
70	\N	0	Boat Stretch	\N	50
71	\N	0	Bow Stretch	\N	50
72	\N	0	Happy Baby Stretch	\N	50
74	\N	0	Chair Stretch	\N	50
76	\N	0	Lizard Stretch	\N	50
102	\N	0	Thigh Lifts	\N	50
9	Until the variations are flushed out	0	Clutch Flags	\N	50
115	\N	0	Lateral Jumps	\N	50
98	\N	0	Sprinting	\N	50
53	\N	0	Deadlift	\N	50
172	The internal rotation to which you expose your shoulders is one of the most harmful exercises you can do, causing similar damage to triceps dips. As a demonstration, hold your arms straight out to your sides with your palms facing down.\n\nThen, rotate your hands forward as if pouring out, or emptying a glass of water in from each hand. Then, to do the upright row, you’ll lift the barbell with bent elbows causing internal rotation of the shoulders.\n\nInternal rotation itself is not necessarily harmful to your shoulders.\n\nThe problem comes as you raise your arms and add resistance (the weight of the barbell) in that position. Every time you raise your arms bearing the weight, impingement occurs. That involves a small shoulder tendon getting pinched by the bones in your shoulder.	0	Upright Rows	\N	50
26	\N	0	Arm Curls	\N	50
48	Duplicate of Arm Curls	0	Barbell Curls	\N	50
158	\N	0	Depth Drops	\N	50
188	\N	0	Back Extensions	\N	50
174	Duplciate of Shadow Boxing	0	Uppercuts	\N	50
156	\N	0	Dead Bugs	\N	50
191	\N	0	Reverse Mountain Climbers	\N	50
199	\N	0	Frog Stretch (Bhekasana)	\N	50
205	\N	0	Arm Bar	\N	50
211	\N	0	Squat + Upright Rows	\N	50
218	\N	0	Dolphin	\N	50
215	\N	0	Wall Slides	\N	50
221	\N	0	Reverse Warrior	\N	50
64	\N	0	Forward Folds	\N	50
251	\N	0	Front Splits	\N	50
202	Hard to maximize weight because the max depends on standing up straight when the weight is pulling you backwards and you will lose balance.	0	Pull Throughs	\N	50
272	\N	0	Upward Facing Dog	\N	50
55	\N	0	Kettlebell Swings	\N	50
244	These are close enough to the Cobra variations.	0	Sphinx Stretches	\N	50
165	\N	0	Star Jacks	\N	50
168	\N	0	Crab Walks	\N	50
171	\N	0	Lateral Squat Walks	\N	50
210	\N	0	Arm Wall Slides	\N	50
181	\N	0	Shoulder Shrugs	\N	50
241	\N	0	Psoas March	\N	50
265	\N	0	Matrix Squats	\N	50
21	\N	0	Shoulder Controlled Articular Rotations	\N	50
47	\N	0	Lateral Raises	\N	50
15	Duplicate of Side Plank	1	Side Plank with Torso Rotation	\N	50
271	Duplicate of Handstands	2	Pike Walks	\N	50
42	\N	1	Planks (Forearms)	\N	50
196	\N	0	Farmer's Carries	\N	50
101	\N	0	Chinups	\N	50
1	\N	8	Pushups	\N	50
108	\N	8	Pushups + Rows	\N	50
166	\N	10	Pike Pushups	\N	50
107	\N	1	Planks + Rows	\N	50
178	\N	1	Downward Dog + Plank	\N	50
180	\N	12	Handstand Pushups	\N	50
145	\N	0	Hamstring Scoops	\N	50
299	\N	0	Compass Stretch	\N	50
303	\N	0	Crane Hold	\N	50
249	\N	0	Doorway Stretches	\N	50
161	\N	0	Warrior III	aka. Airplane Pose	50
261	\N	0	Calf Raises (Bent-Knee)	aka. ankle plantar flexion.	50
285	\N	0	Rear Raises	Not the same as a Reverse Fly.	50
317	\N	0	Reverse Nordic Curls	\N	50
321	\N	0	Curtsy Lunges	\N	50
195	\N	0	Stiff-Legged Deadlift	\N	50
198	\N	0	Frog Stretch (Mandukasana)	\N	50
28	\N	0	Trunk Rotations	\N	50
201	\N	0	Kneeling Hip Flexor Stretch	\N	50
182	\N	0	Pull Downs	\N	50
204	\N	0	Kettlebell Windmill	\N	50
23	\N	0	High Knees	\N	50
52	\N	0	Romanian Deadlift	\N	50
234	\N	0	Crow Hold	\N	50
148	\N	0	Toy Soldiers	\N	50
90	\N	0	Triangle Stretch	Not a duplicate of Pyramid Stretch--this has thoracic rotation.	50
214	Let's keep this simple. No olympic weightlifting. We are targeting home workouts.	0	Clean and Press	\N	50
25	\N	0	Superman	Different from Locust in that the arms come forward instead of staying back.	50
250	\N	0	Pallof Presses	\N	50
213	Let's keep this simple. No olympic weightlifting. We are targeting home workouts.	0	Power Cleans	\N	50
266	\N	0	Hack Squats	\N	50
246	\N	0	Scapular Retraction	\N	50
14	\N	0	Camel Stretch	\N	50
65	\N	0	Cat Cow Stretch	\N	50
18	\N	0	Triceps Stretch	\N	50
82	\N	0	Knees to Chest Stretch	\N	50
73	\N	0	Wall Angels	\N	50
164	\N	0	Quadruped Leg Lifts	\N	50
184	\N	0	Hamstring Curls	\N	50
225	\N	0	Hula Hoop	\N	50
113	Duplicate of Bounds	0	Bounding	\N	50
247	Should really be done separately so the max weight is used for each movement and so a full range of motion can be done with calf raises (toes elevated).	0	Squats + Calf Raises	\N	50
260	\N	0	Hollow Body Hold	\N	50
186	\N	0	Y Raises	\N	50
146	\N	0	Inch Worms	\N	50
197	\N	0	Squats + Forward Fold	\N	50
19	\N	0	Quad Stretches	\N	50
20	\N	0	Hamstring Stretch	\N	50
300	\N	0	Firefly Hold	\N	50
304	\N	0	Scale Stretch	\N	50
10	\N	0	Calf Raises (Straight-Leg)	aka. ankle plantar flexion.	50
177	\N	0	Toe Raises	Ankle Dorsiflection	50
312	Duplciate of Calf Raises	0	Resisted Plantar Flexion (Bent-Knee)	Ankle Plantar Flexion	50
295	This doesn't stretch any muscles, only strengthens. It won't ever show up as a Cooldown stretch.	0	Staff Stretch	\N	50
318	\N	0	Squat Throws	\N	50
322	\N	0	Shoulder Dislocates	\N	50
325	\N	0	Toe Curls	\N	50
326	\N	0	Kegals	\N	50
329	\N	0	Metatarsal Mobilization	\N	50
330	\N	0	Toe Rocker	\N	50
331	\N	0	Top of Foot Stretch	\N	50
84	Duplicate of Wrist Pronation/Supination	0	Forearm Rotations	aka. Wrist Pronation/Supination	50
334	\N	0	Wrist Mobility	\N	50
328	\N	0	Toe Marble Pick-up	\N	50
344	\N	0	Finger Mobility	\N	50
345	\N	0	Toe Abduction	\N	50
346	\N	0	Foot Doming	\N	50
348	\N	0	Reverse Clamshells	\N	50
333	\N	0	Wrist Rotations	aka. Wrist Pronation/Supination	50
324	\N	0	Toe Mobility	\N	50
86	\N	0	Finger Ball Squeezes	\N	50
87	\N	0	Finger Spread	\N	50
381	\N	0	Lateral Lunge with Overhead Reach	\N	50
332	\N	0	Finger Curls	\N	50
85	\N	0	Wrist Curls	\N	50
382	\N	0	Kneeling Adductor Stretch	\N	50
341	\N	0	Wrist Twists	aka. Wrist Flexion/Extension	50
383	\N	0	Cossack Squats	\N	50
327	\N	0	Finger Tendon Glide	\N	50
342	\N	0	Finger Abduction	\N	50
44	\N	1	Side Plank (Hands)	\N	50
343	\N	0	Finger Adduction	\N	50
347	\N	0	Clamshells	\N	50
57	\N	1	Reverse Planks (Hands)	\N	50
60	\N	0	Front Raises	You use your front shoulders a lot every time you bench or press, so front raises are not as necessary for even development.	50
207	\N	1	Planks (Hands)	\N	50
216	\N	1	Side Plank (Forearms)	\N	50
224	\N	0	Overhead Carries	You have to press the weight up into the carry position.	50
37	\N	4	Handstands	\N	50
194	This isn't as well known as the other Downward Dog flows. Can't find instruction videos or webps. Also hard to do the pushups w/o having to adjust your legs.	8	Downward Dog + Pushup	\N	50
384	\N	0	Heron Stretch	\N	50
217	\N	1	Side Star Plank (Forearms)	\N	50
219	\N	1	Dolphin + Plank	\N	50
235	\N	1	Peacock Plank	\N	50
273	\N	1	Dynamic Planks	\N	50
307	\N	1	Reverse Planks (Forearms)	\N	50
308	\N	1	Leg Lifts from Reverse Planks (Forearms)	\N	50
170	\N	3	Pike + Plank	\N	50
385	\N	0	Eye Blinking	\N	50
386	\N	0	Neck Strength	\N	50
387	\N	0	Neck Stretches	\N	50
388	\N	0	Ankle Stretch	\N	50
389	\N	0	Banana Stretch	\N	50
390	\N	0	Cat Pulling it's Tail Stretch	\N	50
8	\N	0	Lunges	Hard on the knees, keep these as warmup exercises.	50
391	\N	1	Planks (Forearms + Hands)	\N	50
392	\N	0	Hurdler Stretch	\N	50
393	\N	0	Crab Reach	\N	50
394	\N	0	Reverse Lunges + Twist	\N	50
395	\N	0	Reverse Lunges + Knee Drive	\N	50
396	\N	0	Reverse Lunges + Reach	\N	50
397	\N	0	Deep Squats + Rotation	\N	50
398	\N	0	Towel Stretch	\N	50
399	\N	0	Shoulder Pendulum	\N	50
400	\N	0	Cross-Arm Stretch	\N	50
\.


--
-- Data for Name: exercise_prerequisite; Type: TABLE DATA; Schema: public; Owner: -
--

COPY public.exercise_prerequisite ("ExerciseId", "PrerequisiteExerciseId") FROM stdin;
35	13
35	1
55	3
53	3
11	1
58	6
9	44
96	99
98	99
98	96
100	99
96	100
98	100
107	49
108	49
108	1
115	112
137	44
137	95
139	3
142	46
59	112
111	3
159	104
159	57
160	8
146	30
146	1
163	29
163	1
68	91
165	3
165	13
35	165
169	57
166	1
166	30
171	3
180	37
180	1
4	36
101	36
189	1
142	1
39	106
8	109
41	109
191	57
155	193
178	30
194	1
194	30
52	53
195	52
175	6
197	64
197	3
180	166
78	205
204	205
206	67
206	30
178	207
71	199
211	3
211	172
213	3
214	3
214	43
214	213
168	169
38	215
217	216
217	95
44	216
219	42
219	218
107	207
77	16
222	64
222	187
224	223
223	196
37	207
226	45
227	40
4	49
101	49
233	2
235	234
234	207
236	42
235	207
106	3
109	3
160	40
231	89
80	90
240	161
67	244
62	246
247	10
247	3
248	161
252	198
251	20
251	76
251	203
252	39
252	106
5	162
32	207
23	100
23	99
24	100
24	99
258	112
258	259
259	112
260	70
262	3
167	76
263	94
264	109
265	3
266	3
267	3
268	267
269	101
269	4
37	270
170	270
170	207
180	270
180	207
63	162
32	273
273	207
245	5
224	43
204	90
111	158
155	158
160	158
258	158
259	158
112	158
236	233
292	99
292	100
64	295
16	296
299	64
303	234
304	77
304	300
77	203
305	203
77	305
300	234
300	262
65	297
76	16
254	156
299	16
306	30
306	91
298	161
298	71
245	44
245	14
245	57
308	104
308	307
83	309
269	49
269	36
261	312
247	312
10	313
236	218
285	246
318	3
321	193
155	321
321	40
321	109
193	109
381	39
381	106
382	39
382	106
383	39
383	106
384	64
8	40
391	42
391	207
251	392
392	64
393	169
393	57
168	57
396	40
395	40
394	40
397	262
397	3
283	399
282	399
\.


--
-- Data for Name: exercise_variation; Type: TABLE DATA; Schema: public; Owner: -
--

COPY public.exercise_variation ("Id", "ExerciseId", "VariationId", "DisabledReason", "ExerciseFocus", "ExerciseType", "Notes", "SportsFocus", "Progression_Max", "Progression_Min") FROM stdin;
529	156	577	\N	1	291	\N	0	\N	25
666	156	682	\N	1	291	\N	0	\N	50
669	156	685	\N	1	291	\N	0	\N	50
670	156	686	\N	1	291	\N	0	\N	35
671	156	687	\N	17	291	\N	0	\N	35
673	156	689	\N	1	291	\N	0	50	\N
376	246	490	\N	9	2	\N	0	50	\N
809	256	799	\N	17	3	\N	0	\N	\N
686	208	701	\N	8	96	\N	0	\N	\N
1	100	430	\N	4	8	\N	0	\N	50
830	262	817	\N	1	3	\N	0	50	\N
791	245	784	\N	24	2	\N	0	\N	\N
502	112	533	\N	4	8	\N	0	\N	50
498	112	529	\N	3	8	\N	0	\N	75
800	253	788	\N	25	2	\N	0	\N	\N
48	82	380	\N	8	98	\N	0	\N	\N
797	64	790	\N	8	2	\N	0	\N	25
152	52	484	\N	1	2	\N	0	\N	\N
94	29	85	\N	8	2	\N	0	\N	\N
180	14	72	\N	8	2	\N	0	\N	50
640	198	656	\N	8	2	\N	0	\N	\N
179	14	146	\N	8	2	\N	0	50	25
178	14	144	\N	8	2	\N	0	\N	75
626	30	637	\N	8	2	\N	0	\N	75
619	194	639	\N	25	2	\N	0	\N	50
717	167	730	\N	8	2	\N	0	\N	\N
707	197	721	\N	1	2	\N	0	\N	\N
675	206	691	\N	8	2	\N	0	\N	\N
597	182	630	\N	1	1	\N	0	\N	\N
230	70	346	\N	1	257	\N	0	\N	50
310	70	428	\N	1	257	\N	0	50	\N
718	36	731	\N	1	98	\N	0	\N	\N
633	40	249	\N	1	1	\N	0	\N	50
530	268	615	\N	1	1	\N	0	\N	\N
855	189	842	\N	3	1	\N	0	25	\N
383	158	497	\N	16	1	\N	0	\N	50
534	262	612	\N	25	3	\N	0	\N	50
821	100	808	\N	4	8	\N	0	50	\N
810	255	798	\N	4	9	\N	0	50	\N
811	255	796	\N	4	9	\N	0	\N	50
18	54	133	\N	17	33	\N	0	\N	\N
104	45	245	\N	17	33	\N	0	\N	\N
777	64	772	\N	8	2	\N	0	\N	75
601	201	633	\N	8	2	\N	0	\N	50
926	297	855	\N	24	258	\N	0	\N	50
254	115	449	\N	20	1	\N	0	\N	\N
239	162	129	\N	1	1	\N	0	\N	50
814	270	801	\N	17	3	\N	0	\N	75
19	66	319	\N	24	2	\N	0	50	25
762	229	758	\N	0	2	\N	0	\N	\N
206	56	142	\N	1	2	\N	0	\N	\N
849	250	836	\N	17	117	\N	255	50	\N
349	66	289	\N	24	2	\N	0	\N	50
644	97	659	\N	8	2	\N	0	\N	\N
350	244	291	\N	8	2	\N	0	\N	\N
353	244	297	\N	24	2	\N	0	\N	\N
351	67	292	\N	8	2	\N	0	\N	\N
816	164	803	\N	17	1	\N	0	\N	\N
146	4	42	\N	1	1	\N	0	\N	90
836	162	823	\N	1	1	\N	0	\N	\N
129	37	97	\N	17	1	\N	0	\N	50
887	285	472	\N	1	1	\N	0	\N	\N
318	1	125	\N	1	1	\N	0	75	60
252	98	425	\N	6	8	\N	0	\N	\N
154	113	447	\N	4	8	\N	0	\N	\N
226	96	426	\N	4	8	\N	0	\N	\N
321	63	339	\N	1	17	\N	32	\N	\N
577	182	558	\N	1	1	\N	0	\N	\N
587	47	559	\N	1	1	\N	0	\N	50
588	186	589	\N	1	1	\N	0	\N	\N
512	171	543	\N	1	1	\N	0	\N	\N
578	212	597	\N	1	1	\N	0	\N	\N
521	101	552	\N	1	1	\N	0	90	80
705	213	718	\N	3	1	\N	0	\N	50
706	213	719	\N	1	1	\N	0	\N	\N
835	254	822	\N	1	257	\N	0	\N	\N
506	168	537	\N	9	257	\N	0	\N	\N
852	250	837	\N	17	117	\N	255	\N	75
1031	216	956	\N	1	289	\N	0	\N	70
625	178	641	\N	8	2	\N	0	\N	75
624	178	642	\N	8	2	\N	0	\N	75
720	215	734	\N	1	1	\N	0	\N	50
693	104	708	\N	1	1	\N	0	\N	\N
583	172	560	\N	1	1	\N	0	\N	\N
555	1	579	\N	1	1	\N	0	\N	50
827	4	814	\N	1	1	\N	0	50	25
694	95	709	\N	17	1	\N	0	\N	\N
210	162	323	\N	1	1	\N	0	\N	\N
41	4	41	\N	1	1	\N	0	90	80
91	5	49	\N	29	1	\N	0	\N	75
186	267	321	\N	1	1	\N	0	\N	50
843	270	829	\N	1	1	\N	0	50	\N
842	270	830	\N	1	1	\N	0	\N	50
832	40	819	\N	1	1	\N	0	50	\N
9	191	119	\N	7	1	\N	0	\N	\N
752	222	748	\N	1	1	\N	0	\N	\N
567	269	578	\N	1	1	\N	0	\N	50
563	64	574	\N	9	1	\N	0	50	\N
780	189	775	\N	3	1	\N	0	50	25
781	49	776	\N	1	1	\N	0	\N	\N
825	106	812	\N	1	1	\N	0	50	\N
40	3	31	\N	17	1	\N	0	\N	95
840	267	827	\N	1	1	\N	0	50	\N
854	269	841	\N	1	1	\N	0	50	\N
747	49	743	\N	1	1	\N	0	\N	\N
712	50	725	\N	1	1	\N	0	\N	\N
820	99	807	\N	4	8	\N	0	50	\N
155	99	424	\N	4	8	\N	0	\N	50
581	69	585	\N	4	8	\N	0	\N	\N
20	4	306	\N	1	1	\N	0	\N	50
39	2	17	\N	1	1	\N	0	80	70
124	52	130	\N	1	1	\N	0	\N	\N
66	103	435	\N	1	1	\N	0	\N	\N
295	1	2	\N	1	1	\N	0	35	15
680	196	694	\N	17	1	\N	0	\N	50
679	224	695	\N	17	1	\N	0	\N	50
678	223	696	\N	17	1	\N	0	\N	50
392	146	501	\N	8	2	\N	0	\N	\N
332	83	385	\N	24	2	\N	0	\N	\N
432	16	512	\N	8	2	\N	0	\N	50
763	230	759	\N	24	2	\N	0	\N	50
754	396	750	\N	25	2	\N	0	\N	\N
708	395	722	\N	27	2	\N	0	\N	\N
393	148	504	\N	9	2	\N	0	\N	\N
120	3	26	\N	1	1	\N	0	70	60
202	5	45	\N	29	1	\N	0	10	\N
122	27	82	\N	1	1	\N	0	\N	\N
127	11	61	\N	17	1	\N	0	\N	\N
714	175	727	\N	3	1	\N	0	\N	50
818	164	805	\N	17	1	\N	0	\N	\N
532	215	584	\N	1	1	\N	0	\N	\N
795	59	786	\N	3	1	\N	0	75	50
590	270	626	\N	1	1	\N	0	\N	90
553	179	624	\N	1	1	\N	0	\N	\N
505	76	536	\N	8	2	\N	0	\N	\N
627	218	646	\N	24	2	\N	0	\N	50
106	102	441	\N	1	1	\N	0	\N	\N
26	38	98	\N	1	1	\N	0	\N	\N
305	27	219	\N	1	1	\N	0	\N	\N
655	59	670	\N	3	1	\N	0	\N	25
914	19	503	\N	24	34	\N	0	\N	\N
545	26	591	\N	1	1	\N	0	\N	50
326	209	476	\N	1	97	\N	0	\N	50
58	86	399	\N	1	96	\N	0	\N	\N
494	161	525	\N	24	6	\N	0	\N	50
354	65	283	\N	24	2	\N	0	\N	50
602	94	635	\N	4	24	\N	16	\N	\N
142	10	311	\N	1	1	\N	0	\N	75
692	210	706	\N	9	98	\N	0	\N	\N
558	261	571	\N	1	1	\N	0	75	50
661	203	677	\N	24	2	\N	0	\N	75
648	319	664	\N	1	98	\N	0	\N	\N
260	39	113	\N	9	17	\N	128	\N	50
269	94	422	\N	4	24	\N	16	\N	50
204	9	59	\N	17	1	\N	0	\N	\N
217	1	1	\N	1	1	\N	0	15	\N
831	41	818	\N	1	1	\N	0	50	\N
539	85	600	\N	1	97	\N	0	\N	\N
93	6	55	\N	8	2	\N	0	\N	75
173	207	127	\N	1	289	\N	0	70	55
352	272	833	\N	8	2	\N	0	\N	\N
481	31	505	\N	9	2	\N	0	\N	\N
650	21	667	\N	24	2	\N	0	\N	\N
642	199	657	\N	8	2	\N	0	\N	50
483	159	517	\N	1	257	\N	0	\N	\N
641	199	658	\N	8	2	\N	0	50	\N
568	164	572	\N	1	1	\N	0	\N	\N
315	49	35	\N	1	1	\N	0	\N	50
709	4	723	\N	1	1	\N	0	50	25
710	101	724	\N	1	1	\N	0	50	25
241	162	324	\N	29	1	\N	0	\N	50
663	52	679	\N	17	1	\N	0	\N	25
635	195	651	\N	1	1	\N	0	\N	\N
238	47	222	\N	1	1	\N	0	\N	\N
828	101	815	\N	1	1	\N	0	50	25
311	46	229	\N	1	1	\N	0	\N	25
216	28	308	\N	1	1	\N	0	\N	\N
291	2	21	\N	1	1	\N	0	\N	95
245	7	56	\N	1	1	\N	0	\N	50
247	41	116	\N	1	1	\N	0	\N	50
297	1	6	\N	1	1	\N	0	75	65
298	2	15	\N	1	1	\N	0	60	50
320	49	34	\N	1	1	\N	0	50	\N
491	52	513	\N	17	1	\N	0	\N	50
910	52	464	\N	9	1	\N	0	\N	\N
656	59	671	\N	19	1	\N	0	\N	75
299	2	16	\N	1	1	\N	0	70	60
214	53	131	\N	3	1	\N	0	\N	\N
584	47	609	\N	1	1	\N	0	\N	50
482	144	498	\N	9	3	\N	0	\N	\N
2	108	442	\N	17	3	\N	0	\N	\N
499	13	530	\N	4	8	\N	0	50	25
190	55	138	\N	3	17	\N	255	\N	\N
772	233	769	\N	1	2	\N	0	\N	\N
757	90	753	\N	8	2	\N	0	\N	50
784	240	779	\N	24	2	\N	0	\N	\N
236	90	406	\N	8	2	\N	0	\N	\N
240	77	370	\N	24	2	\N	0	\N	50
766	64	762	\N	24	2	\N	0	\N	90
647	201	663	\N	8	2	\N	0	50	\N
799	252	791	\N	8	2	\N	0	\N	\N
798	251	792	\N	8	2	\N	0	\N	\N
95	30	86	\N	8	2	\N	0	\N	50
770	64	766	\N	8	2	\N	0	\N	50
769	64	767	\N	8	2	\N	0	\N	60
275	80	376	\N	8	2	\N	0	\N	\N
674	237	690	\N	24	2	\N	0	\N	\N
346	65	284	\N	24	2	\N	0	\N	\N
347	65	285	\N	24	2	\N	0	\N	\N
847	67	293	\N	8	2	\N	0	\N	\N
336	66	361	\N	24	2	\N	0	25	\N
751	221	747	\N	8	2	\N	0	\N	\N
723	77	736	\N	24	2	\N	0	50	\N
348	6	286	\N	8	2	\N	0	\N	\N
549	53	610	\N	1	1	\N	0	\N	50
711	166	668	\N	1	1	\N	0	\N	50
68	1	4	\N	1	1	\N	0	50	35
637	28	653	\N	1	1	\N	0	\N	\N
844	271	831	\N	1	1	\N	0	50	\N
845	37	832	\N	1	1	\N	0	25	\N
564	64	573	\N	1	1	\N	0	\N	50
861	101	843	\N	1	1	\N	0	\N	60
595	1	566	\N	1	1	\N	0	\N	75
495	164	526	\N	17	1	\N	0	\N	75
550	102	614	\N	1	1	\N	0	\N	\N
265	78	373	\N	17	1	\N	0	\N	75
701	211	715	\N	1	1	\N	0	\N	\N
839	265	826	\N	1	1	\N	0	50	\N
279	3	28	\N	1	1	\N	0	80	70
277	3	30	\N	1	1	\N	0	90	80
314	4	36	\N	1	1	\N	0	25	\N
75	69	207	\N	4	8	\N	0	\N	50
6	32	453	\N	7	9	\N	0	\N	50
760	228	756	\N	1	33	\N	0	\N	\N
55	82	382	\N	8	98	\N	0	\N	\N
542	177	620	\N	1	96	\N	0	\N	\N
561	26	593	\N	1	1	\N	0	\N	50
273	209	328	\N	1	97	\N	0	\N	\N
912	289	478	\N	1	96	\N	0	\N	\N
909	52	480	\N	25	96	\N	0	\N	\N
702	160	716	\N	4	1	\N	0	50	\N
193	36	95	\N	1	1	\N	0	\N	50
695	94	710	\N	4	24	\N	16	\N	\N
289	1	7	\N	17	1	\N	0	80	75
264	333	392	\N	1	113	\N	197	\N	\N
363	8	247	\N	1	2	\N	0	\N	\N
646	397	662	\N	24	2	\N	0	\N	\N
761	382	757	\N	8	2	\N	0	\N	\N
258	383	337	\N	1	35	\N	0	\N	50
140	207	158	\N	1	289	\N	0	75	50
764	231	761	\N	24	2	\N	0	\N	50
323	81	379	\N	8	2	\N	0	\N	\N
660	14	676	\N	8	2	\N	0	\N	50
308	66	355	\N	24	2	\N	0	50	25
42	218	357	\N	8	2	\N	0	\N	\N
281	73	353	\N	8	2	\N	0	\N	50
331	71	359	\N	24	2	\N	0	50	\N
719	30	732	\N	8	2	\N	0	50	\N
4	109	250	\N	1	1	\N	0	\N	50
71	2	14	\N	1	1	\N	0	50	30
33	3	317	\N	1	1	\N	0	\N	50
213	5	46	\N	29	1	\N	0	25	10
136	60	220	\N	1	1	\N	0	\N	50
103	43	240	\N	1	1	\N	0	\N	\N
215	5	47	\N	29	1	\N	0	50	25
401	155	509	\N	7	1	\N	0	\N	\N
716	61	729	\N	1	1	\N	0	\N	75
316	49	33	\N	1	1	\N	0	25	\N
690	4	707	\N	1	1	\N	0	\N	40
276	266	259	\N	1	1	\N	0	\N	\N
378	139	491	\N	3	1	\N	0	\N	\N
365	8	307	\N	1	1	\N	0	\N	\N
829	109	816	\N	1	1	\N	0	50	\N
370	95	486	\N	1	1	\N	0	\N	50
394	158	506	\N	16	1	\N	0	50	\N
639	205	655	\N	17	1	\N	0	\N	\N
623	78	643	\N	17	1	\N	0	25	\N
622	78	644	\N	17	1	\N	0	50	25
801	254	793	\N	1	257	\N	0	\N	\N
46	68	330	\N	1	257	\N	0	\N	\N
60	68	443	\N	25	257	\N	0	90	75
510	168	541	\N	9	257	\N	0	\N	\N
580	173	622	\N	1	49	\N	137	\N	\N
812	257	797	\N	2	24	\N	129	\N	50
621	78	645	\N	17	1	\N	0	75	50
466	189	514	\N	3	1	\N	0	\N	50
785	3	780	\N	1	1	\N	0	50	25
45	3	23	\N	1	1	\N	0	50	\N
759	227	755	\N	1	1	\N	0	\N	50
608	193	636	\N	17	3	\N	0	\N	\N
813	257	800	\N	2	8	\N	0	50	\N
203	59	177	\N	3	9	\N	0	\N	\N
902	286	465	\N	1	2	\N	0	\N	\N
111	88	401	\N	8	2	\N	0	\N	\N
783	239	778	\N	8	2	\N	0	\N	\N
788	243	782	\N	24	2	\N	0	\N	\N
789	14	783	\N	8	2	\N	0	25	\N
148	163	457	\N	9	2	\N	0	\N	\N
153	89	404	\N	8	2	\N	0	\N	\N
158	117	458	\N	8	2	\N	0	\N	\N
209	25	169	\N	1	2	\N	0	50	\N
271	25	75	\N	1	2	\N	0	\N	50
750	64	746	\N	24	2	\N	0	\N	75
756	225	752	\N	4	8	\N	0	\N	\N
823	106	810	\N	1	1	\N	0	\N	75
107	35	93	\N	3	9	\N	0	\N	\N
562	2	607	\N	1	1	\N	0	\N	85
171	5	48	\N	29	1	\N	0	75	50
497	37	528	\N	1	1	\N	0	50	25
513	95	544	\N	1	1	\N	0	\N	\N
560	180	567	\N	17	1	\N	0	\N	\N
100	61	205	\N	1	1	\N	0	\N	50
162	5	52	\N	29	1	\N	0	\N	95
163	5	51	\N	29	1	\N	0	95	85
919	290	847	\N	8	96	\N	0	\N	\N
44	3	24	\N	1	1	\N	0	50	25
489	50	521	\N	1	1	\N	0	\N	\N
657	202	672	\N	1	1	\N	0	\N	\N
664	204	681	\N	1	1	\N	0	\N	\N
677	224	692	\N	17	1	\N	0	\N	\N
676	223	693	\N	1	1	\N	0	\N	\N
665	204	680	\N	1	1	\N	0	\N	50
569	260	576	\N	1	1	\N	0	\N	\N
771	5	768	\N	29	1	\N	0	50	\N
53	4	39	\N	1	1	\N	0	80	70
570	2	565	\N	1	1	\N	0	95	90
164	5	50	\N	29	1	\N	0	\N	90
824	227	811	\N	1	1	\N	0	50	\N
165	106	253	\N	1	1	\N	0	\N	50
574	179	623	\N	1	1	\N	0	\N	\N
596	188	625	\N	1	1	\N	0	\N	\N
395	259	508	\N	20	17	\N	98	\N	50
381	142	495	\N	3	17	\N	8	\N	\N
525	94	601	\N	3	17	\N	16	\N	\N
837	264	824	\N	9	49	\N	0	\N	50
396	259	507	\N	4	17	\N	98	\N	\N
796	249	789	\N	24	66	\N	0	\N	\N
488	62	522	\N	1	97	\N	0	\N	\N
262	79	375	\N	24	6	\N	0	\N	50
78	110	444	\N	1	1	\N	0	\N	50
645	200	661	\N	9	98	\N	0	\N	\N
599	64	632	\N	8	2	\N	0	50	25
715	175	728	\N	3	1	\N	0	50	\N
531	175	608	\N	3	1	\N	0	50	\N
916	1	739	\N	9	96	\N	0	\N	55
503	258	534	\N	19	25	\N	0	\N	\N
556	261	570	\N	1	1	\N	0	\N	75
566	317	562	\N	1	1	\N	0	\N	50
471	318	515	\N	3	17	\N	64	\N	\N
691	320	705	\N	1	97	\N	0	\N	\N
659	97	675	\N	9	2	\N	0	\N	50
591	36	627	\N	1	1	\N	0	\N	75
485	104	518	\N	1	1	\N	0	\N	\N
16	64	365	\N	8	2	\N	0	\N	25
658	52	674	\N	25	2	\N	0	\N	25
638	197	654	\N	1	2	\N	0	\N	\N
184	76	367	\N	24	2	\N	0	\N	\N
749	220	745	\N	8	2	\N	0	\N	\N
261	71	349	\N	24	2	\N	0	\N	50
228	73	390	\N	8	2	\N	0	50	\N
713	334	489	\N	8	96	\N	0	\N	\N
787	242	781	\N	9	2	\N	0	\N	\N
853	273	840	\N	1	259	\N	0	\N	25
126	34	91	\N	4	8	\N	0	\N	\N
147	112	446	\N	3	8	\N	0	\N	\N
268	24	76	\N	4	8	\N	0	\N	\N
198	114	448	\N	18	8	\N	0	\N	\N
807	13	794	\N	4	8	\N	0	25	\N
197	23	78	\N	0	8	\N	0	\N	\N
500	165	531	\N	3	8	\N	0	\N	\N
59	105	431	\N	25	97	\N	0	\N	\N
548	219	582	\N	1	2	\N	0	\N	\N
319	1	233	\N	1	1	\N	0	\N	50
235	61	277	\N	1	1	\N	0	\N	25
257	27	226	\N	1	1	\N	0	\N	\N
119	3	27	\N	1	1	\N	0	80	70
382	59	496	\N	19	1	\N	0	75	50
145	46	195	\N	1	1	\N	0	\N	\N
300	32	451	\N	7	9	\N	0	\N	75
272	72	350	\N	8	2	\N	0	\N	\N
67	103	436	\N	1	1	\N	0	\N	\N
284	60	221	You use your front shoulders a lot every time you bench or press, so front raises are not as necessary for even development.	1	1	\N	0	\N	\N
721	38	733	\N	17	1	\N	0	\N	50
244	2	12	\N	1	1	\N	0	50	\N
188	3	182	\N	1	1	\N	0	\N	55
248	1	9	\N	17	1	\N	0	90	85
304	1	10	\N	17	1	\N	0	\N	90
112	247	445	\N	1	1	\N	0	\N	\N
128	13	63	\N	4	8	\N	0	\N	50
82	32	455	\N	7	9	\N	0	\N	50
328	32	452	\N	7	9	\N	0	\N	50
61	32	454	\N	7	9	\N	0	\N	75
758	226	754	\N	17	33	\N	0	\N	\N
379	141	493	\N	3	17	\N	133	\N	\N
699	20	712	\N	8	2	\N	0	\N	\N
507	254	538	\N	1	257	\N	0	\N	\N
834	254	821	\N	1	257	\N	0	\N	\N
282	169	395	\N	24	258	\N	0	50	\N
76	169	440	\N	24	258	\N	0	\N	50
15	74	363	\N	24	2	\N	0	\N	\N
528	250	606	\N	17	117	\N	255	\N	50
586	185	605	\N	1	1	\N	0	\N	\N
598	64	631	\N	8	2	\N	0	\N	50
698	20	713	\N	8	2	\N	0	\N	\N
765	231	760	\N	24	2	\N	0	\N	\N
767	232	763	\N	8	2	\N	0	\N	\N
651	21	666	\N	8	2	\N	0	\N	\N
618	194	638	\N	9	2	\N	0	\N	\N
233	61	276	\N	25	1	\N	0	50	\N
288	1	8	\N	17	1	\N	0	85	80
212	58	172	\N	1	1	\N	0	\N	25
181	58	170	\N	8	1	\N	0	\N	\N
327	162	301	\N	1	1	\N	0	75	25
782	49	777	\N	1	1	\N	0	\N	\N
355	7	334	\N	1	1	\N	0	50	\N
501	166	532	\N	1	1	\N	0	50	\N
389	140	492	\N	3	1	\N	0	\N	\N
380	142	494	\N	2	1	\N	0	\N	\N
862	4	844	\N	1	1	\N	0	\N	60
492	50	524	\N	1	1	\N	0	\N	50
493	50	523	\N	1	1	\N	0	\N	50
687	7	702	\N	1	1	\N	0	\N	25
636	196	652	\N	1	1	\N	0	\N	\N
786	241	742	\N	1	3	\N	0	\N	\N
114	32	456	\N	7	9	\N	0	\N	50
83	32	89	\N	7	9	\N	0	\N	\N
551	265	594	\N	1	1	\N	0	\N	50
278	3	29	\N	1	1	\N	0	95	90
391	145	500	\N	24	2	\N	0	\N	\N
200	162	459	\N	1	33	\N	0	\N	\N
700	293	711	\N	8	2	\N	0	\N	\N
697	293	714	\N	8	2	\N	0	\N	\N
888	284	471	\N	1	96	\N	129	\N	\N
527	164	575	\N	17	3	\N	0	\N	\N
885	282	470	\N	9	96	\N	137	\N	\N
838	264	825	\N	9	49	\N	0	50	\N
773	234	770	\N	25	1	\N	0	\N	\N
643	97	660	\N	8	2	\N	0	\N	50
628	1	647	\N	1	19	\N	16	\N	55
903	287	737	\N	8	98	\N	0	\N	\N
589	315	619	\N	16	34	\N	0	\N	\N
17	10	314	\N	1	1	\N	0	75	50
906	184	473	\N	17	99	\N	0	\N	\N
593	187	628	\N	17	1	\N	0	\N	\N
826	39	813	\N	9	17	\N	128	50	\N
472	111	502	\N	1	25	\N	64	\N	\N
517	101	548	\N	1	1	\N	0	\N	90
579	27	590	\N	1	1	\N	0	\N	\N
516	101	547	\N	1	1	\N	0	80	70
38	2	18	\N	1	1	\N	0	90	80
52	4	38	\N	1	1	\N	0	\N	60
518	101	549	\N	1	1	\N	0	\N	60
778	236	773	\N	17	1	\N	0	\N	\N
519	101	550	\N	1	1	\N	0	25	\N
703	214	717	\N	1	1	\N	0	\N	50
704	214	720	\N	3	1	\N	0	\N	\N
515	101	546	\N	1	1	\N	0	\N	50
575	181	604	\N	1	1	\N	0	\N	50
576	181	603	\N	1	1	\N	0	\N	\N
817	347	804	\N	1	3	\N	0	\N	\N
390	381	499	\N	9	2	\N	0	\N	\N
169	137	261	\N	17	257	\N	0	\N	\N
504	164	535	\N	17	1	\N	0	\N	90
768	40	764	\N	8	1	\N	0	\N	\N
571	26	587	\N	1	1	\N	0	\N	50
123	26	81	\N	1	1	\N	0	\N	\N
72	26	239	\N	1	1	\N	0	\N	\N
102	26	80	\N	1	1	\N	0	\N	\N
920	291	848	\N	24	34	\N	0	\N	\N
923	20	851	\N	24	34	\N	0	\N	\N
924	295	852	\N	24	2	\N	0	\N	\N
925	296	853	\N	24	2	\N	0	\N	\N
928	64	856	\N	8	2	\N	0	\N	60
930	298	858	\N	24	2	\N	0	\N	\N
933	299	861	\N	24	2	\N	0	\N	\N
934	251	862	\N	25	2	\N	0	\N	50
936	301	864	\N	24	2	\N	0	\N	\N
935	300	863	\N	25	2	\N	0	\N	50
937	300	865	\N	1	2	\N	0	50	\N
942	252	870	\N	1	2	\N	0	50	\N
943	251	871	\N	24	2	\N	0	50	\N
944	302	872	\N	8	2	\N	0	\N	\N
922	82	850	\N	24	98	\N	0	\N	\N
939	234	867	\N	25	1	\N	0	\N	50
938	303	866	\N	17	1	\N	0	\N	\N
662	203	678	\N	24	2	\N	0	75	50
945	249	873	\N	24	66	\N	0	\N	\N
946	249	874	\N	24	66	\N	0	\N	\N
932	304	860	\N	24	2	\N	0	\N	\N
940	305	868	\N	8	2	\N	0	\N	\N
947	110	875	\N	1	1	\N	0	50	\N
904	287	738	\N	8	98	\N	0	\N	\N
948	306	877	\N	9	2	\N	0	\N	\N
950	161	878	\N	24	6	\N	0	50	\N
755	396	749	\N	25	2	\N	0	\N	\N
753	394	751	\N	25	2	\N	0	\N	\N
952	65	879	\N	24	2	\N	0	50	\N
956	64	883	\N	8	2	\N	0	25	\N
957	309	884	\N	24	2	\N	0	\N	\N
955	203	882	\N	24	2	\N	0	50	\N
963	312	889	\N	1	96	\N	0	\N	\N
962	313	888	\N	1	96	\N	0	\N	\N
965	10	888	\N	1	96	\N	0	50	\N
966	261	889	\N	1	96	\N	0	50	\N
964	314	891	\N	16	34	\N	0	\N	\N
402	160	510	\N	3	1	\N	0	\N	50
967	316	892	\N	0	128	\N	0	\N	\N
968	46	893	\N	1	1	\N	0	\N	\N
969	46	894	\N	1	1	\N	0	\N	\N
908	184	581	\N	1	98	\N	0	\N	\N
970	188	895	\N	1	1	\N	0	\N	\N
863	258	845	\N	19	25	\N	239	\N	\N
959	311	886	\N	16	100	\N	0	\N	50
960	311	887	\N	16	100	\N	0	50	\N
971	317	896	\N	1	1	\N	0	50	\N
949	306	876	\N	9	2	\N	0	\N	50
972	248	897	\N	25	38	\N	0	\N	50
47	68	329	\N	1	257	\N	0	\N	\N
927	297	854	\N	24	258	\N	0	\N	\N
931	74	859	\N	24	2	\N	0	\N	50
886	283	467	\N	9	96	\N	137	\N	\N
851	250	838	\N	17	117	\N	255	\N	90
850	250	839	\N	17	117	\N	255	\N	90
183	26	209	\N	1	17	\N	129	\N	\N
14	63	343	\N	17	17	\N	32	\N	50
748	248	744	\N	25	38	\N	0	50	\N
954	79	881	\N	8	2	\N	0	50	\N
973	321	898	\N	17	3	\N	0	\N	\N
974	322	899	\N	9	98	\N	0	\N	\N
975	182	900	\N	1	1	\N	0	\N	\N
976	323	901	\N	9	3	\N	0	\N	\N
977	73	902	\N	8	2	\N	0	\N	25
139	46	196	\N	1	1	\N	0	\N	\N
978	324	903	\N	8	96	\N	0	\N	\N
979	325	904	\N	1	96	\N	0	\N	\N
980	326	906	\N	1	96	\N	0	\N	\N
981	326	905	\N	1	96	\N	0	\N	\N
982	328	907	\N	1	96	\N	0	\N	\N
983	329	908	\N	8	96	\N	0	\N	\N
984	330	909	\N	8	96	\N	0	\N	\N
985	331	910	\N	8	96	\N	0	\N	\N
996	10	921	\N	1	96	\N	0	\N	50
338	87	400	\N	1	96	\N	0	\N	\N
997	348	922	\N	1	3	\N	0	\N	\N
986	341	911	\N	1	96	\N	0	\N	\N
989	342	913	\N	1	96	\N	0	\N	\N
988	343	914	\N	1	96	\N	0	\N	\N
987	344	912	\N	8	96	\N	0	\N	\N
991	344	916	\N	8	96	\N	0	\N	\N
992	345	917	\N	1	96	\N	0	\N	\N
993	346	918	\N	1	96	\N	0	\N	\N
994	327	920	\N	1	96	\N	0	50	\N
995	327	919	\N	1	96	\N	0	50	\N
990	327	915	\N	1	96	\N	0	\N	50
92	6	54	\N	8	2	\N	0	75	50
255	6	460	\N	8	2	\N	0	\N	\N
953	6	880	\N	8	2	\N	0	25	\N
172	6	53	\N	8	2	\N	0	50	25
1030	383	955	\N	1	35	\N	0	50	\N
23	42	150	\N	1	289	\N	0	\N	65
685	42	700	\N	1	289	\N	0	\N	75
218	207	155	\N	1	289	\N	0	80	60
508	207	539	\N	1	289	\N	0	\N	75
682	207	697	\N	1	289	\N	0	\N	80
582	207	586	\N	1	289	\N	0	\N	90
649	207	665	\N	8	290	\N	0	\N	30
161	42	126	\N	1	289	\N	0	\N	75
208	42	191	\N	1	289	\N	0	\N	85
251	42	149	\N	1	289	\N	0	50	\N
176	57	161	\N	1	289	\N	0	\N	50
86	57	438	\N	1	289	\N	0	\N	75
808	44	795	\N	17	289	\N	0	\N	70
286	216	148	\N	17	289	\N	0	50	\N
27	42	157	\N	1	289	\N	0	\N	75
138	42	154	\N	1	289	\N	0	\N	80
688	207	704	\N	1	291	\N	0	65	40
174	307	160	\N	1	289	\N	0	\N	50
85	307	437	\N	1	289	\N	0	\N	75
951	307	396	\N	1	289	\N	0	50	\N
307	57	396	\N	1	289	\N	0	50	\N
5	216	152	\N	17	289	\N	0	\N	75
287	216	151	\N	17	289	\N	0	\N	75
841	235	828	\N	1	257	\N	0	50	\N
776	235	771	\N	1	257	\N	0	\N	50
572	216	580	\N	17	289	\N	0	\N	50
535	216	616	\N	17	289	\N	0	\N	90
79	207	106	\N	1	289	\N	0	50	20
28	207	147	\N	1	289	\N	0	20	\N
779	207	774	\N	8	291	\N	0	\N	55
80	42	107	\N	1	289	\N	0	\N	50
689	42	703	\N	1	291	\N	0	\N	60
484	308	516	\N	1	257	\N	0	\N	\N
374	42	487	\N	1	289	\N	0	\N	75
185	42	184	\N	1	289	\N	0	\N	85
683	42	699	\N	1	289	\N	0	\N	90
263	42	461	\N	17	289	\N	0	\N	90
170	217	262	\N	17	257	\N	0	\N	\N
345	217	266	\N	17	257	\N	0	\N	75
220	137	273	\N	1	257	\N	0	25	\N
141	57	44	\N	29	289	\N	0	\N	50
57	44	110	\N	17	289	\N	0	\N	\N
3	107	183	\N	1	257	\N	0	\N	\N
168	137	267	\N	17	257	\N	0	\N	75
195	42	156	\N	1	289	\N	0	\N	80
681	42	698	\N	1	289	\N	0	\N	95
207	273	265	\N	1	259	\N	0	\N	\N
373	207	488	\N	1	289	\N	0	\N	50
219	207	190	\N	1	289	\N	0	75	50
684	207	154	\N	1	289	\N	0	80	60
231	207	193	\N	1	289	\N	0	\N	65
232	207	192	\N	1	289	\N	0	\N	65
306	207	194	\N	1	289	\N	0	\N	80
250	91	408	\N	1	289	\N	0	\N	\N
234	42	272	\N	1	289	\N	0	\N	90
177	216	65	\N	17	289	\N	0	\N	75
921	292	849	\N	18	24	\N	129	\N	\N
8	91	407	\N	17	289	\N	0	\N	50
846	219	834	\N	1	2	\N	0	\N	50
509	170	540	\N	1	2	\N	0	\N	\N
221	44	159	\N	1	289	\N	0	\N	70
620	178	640	\N	1	2	\N	0	\N	50
547	178	583	\N	1	2	\N	0	\N	\N
929	384	857	\N	24	2	\N	0	\N	\N
654	332	669	\N	1	96	\N	0	\N	\N
1034	386	959	\N	1	96	\N	0	\N	\N
1033	387	958	\N	8	96	\N	0	\N	\N
1032	385	957	\N	1	96	\N	0	\N	\N
1035	49	960	\N	1	1	\N	0	\N	\N
134	49	166	\N	1	1	\N	0	\N	50
793	246	785	\N	9	98	\N	0	\N	50
1036	29	961	\N	8	2	\N	0	\N	50
1037	97	962	\N	8	2	\N	0	\N	\N
1038	64	963	\N	8	2	\N	0	50	\N
1039	16	964	\N	8	2	\N	0	50	\N
1040	230	965	\N	24	2	\N	0	50	\N
1041	230	966	\N	24	2	\N	0	50	\N
1042	79	967	\N	8	2	\N	0	25	\N
1043	388	968	\N	8	2	\N	0	\N	\N
1044	389	969	\N	8	2	\N	0	\N	\N
1045	390	970	\N	8	2	\N	0	\N	\N
815	262	802	\N	9	3	\N	0	\N	50
833	262	820	\N	9	3	\N	0	50	\N
1047	391	972	\N	24	258	\N	0	\N	\N
1048	388	973	\N	8	98	\N	0	\N	\N
1049	392	974	\N	8	2	\N	0	\N	\N
1046	393	971	\N	24	258	\N	0	\N	\N
634	396	649	\N	25	2	\N	0	\N	50
941	397	869	\N	9	3	\N	0	\N	\N
1050	290	885	\N	8	96	\N	0	\N	\N
1051	398	975	\N	8	96	\N	0	\N	\N
1053	400	977	\N	1	96	\N	0	\N	\N
1052	399	976	\N	1	96	\N	0	\N	\N
\.


--
-- Data for Name: instruction; Type: TABLE DATA; Schema: public; Owner: -
--

COPY public.instruction ("Id", "ParentId", "VariationId", "DisabledReason", "Link", "Name", "Notes") FROM stdin;
1398	1397	776	\N	https://www.youtube.com/watch?v=H75im9fAUMc	Chest-Supported Row	\N
1822	\N	970	\N	https://www.youtube.com/watch?v=Gmnw-PsAKvE	\N	\N
1575	1574	776	\N	https://www.youtube.com/watch?v=-koP10y1qZI	Dumbbell Row	\N
1823	\N	971	\N	https://www.youtube.com/watch?v=QoXSQAsmVco	\N	\N
1578	\N	780	\N	\N	\N	\N
1810	\N	470	\N	https://www.youtube.com/watch?v=PWWn3z8Ft5s	\N	Dumbbells
1824	\N	972	\N	https://www.youtube.com/watch?v=kJp-8Me6_84	\N	\N
1811	\N	467	\N	https://www.youtube.com/watch?v=m-41eHptImU	\N	Dumbbells
1825	\N	973	\N	https://www.youtube.com/watch?v=dX38qpxi8SY	\N	\N
1812	\N	521	\N	https://www.youtube.com/watch?v=DNZ6IwviZYE	Dumbell Floor Flies	Dumbbells
1826	\N	974	\N	https://www.youtube.com/watch?v=QvJu8t1Lv9w	\N	\N
1303	\N	609	\N	\N	\N	\N
1813	\N	961	\N	https://www.youtube.com/watch?v=1MB_XclBMhA	\N	\N
1827	\N	975	\N	https://www.youtube.com/watch?v=-YFWrYkJVBs	\N	\N
1497	\N	445	\N	\N	\N	\N
1814	\N	962	\N	https://www.youtube.com/watch?v=QFOlfNfrHCQ	\N	\N
1828	\N	976	\N	https://www.youtube.com/watch?v=wD3jQJ-dGnY	\N	Dumbbells
1114	\N	495	\N	https://www.youtube.com/watch?v=-aRVt2QfFrk	\N	\N
1815	\N	963	\N	https://www.youtube.com/watch?v=S-nWj0P5OSk	\N	\N
1829	\N	977	\N	https://www.youtube.com/watch?v=-1K0m5ywRcY	\N	\N
1816	\N	964	\N	https://www.youtube.com/watch?v=iLWT2sJ9hM8	\N	\N
1381	\N	641	\N	https://www.youtube.com/watch?v=_Kq-2NsocyQ	\N	\N
1542	1460	702	\N	\N	\N	\N
1580	\N	780	\N	\N	\N	\N
1817	\N	965	\N	https://www.youtube.com/watch?v=Mc-FcRjZVUs	\N	\N
1818	\N	966	\N	https://www.youtube.com/watch?v=PmdYXmCq62I	\N	\N
1708	\N	878	\N	https://www.youtube.com/watch?v=j423eDJ5mQg	\N	\N
1740	\N	898	\N	\N	\N	\N
1819	\N	967	\N	https://www.youtube.com/watch?v=Swd5k8p3GO4	\N	\N
108	\N	34	\N	https://www.hybridcalisthenics.com/horizontal-pullups	\N	Gymnastic Rings | Pullup Bar | TRX System
600	\N	324	\N	https://www.youtube.com/watch?v=0od5lwWMGV8	\N	\N
1118	\N	497	\N	\N	\N	\N
1320	\N	620	\N	https://www.youtube.com/watch?v=Utyi88eO5V8	\N	\N
909	\N	346	\N	https://www.youtube.com/watch?v=QVEINjrYUPU	\N	\N
924	\N	363	\N	https://www.youtube.com/watch?v=tEZhXr0FuAQ	\N	\N
926	\N	365	\N	https://www.youtube.com/watch?v=KK6wgg4zs-w	\N	\N
1321	\N	620	\N	https://www.youtube.com/watch?v=2EUH-2W8a_g	\N	\N
1393	\N	651	\N	https://www.youtube.com/watch?v=1uDiW5--rAE	\N	\N
1243	\N	578	\N	https://www.youtube.com/watch?v=8PMUG46CmHc	\N	\N
1314	\N	615	\N	https://www.youtube.com/watch?v=wQHSYDSgDn8	\N	\N
1394	\N	651	\N	https://www.youtube.com/watch?v=DGavj41F_Cs	\N	\N
1395	\N	651	\N	https://www.youtube.com/watch?v=wklohZsolc4	\N	\N
1407	\N	660	\N	https://www.youtube.com/watch?v=KOV5iN86EwM	\N	\N
941	\N	379	\N	https://www.youtube.com/watch?v=dnp3a0EQo4o	\N	\N
114	\N	95	\N	https://www.youtube.com/watch?v=mtOAYPGRBMc	\N	\N
1417	\N	670	\N	https://www.youtube.com/watch?v=wgvSBp8_rKo	\N	\N
1430	\N	682	\N	https://www.youtube.com/watch?v=dC2AlqiDXM8	\N	\N
1128	\N	505	\N	https://www.youtube.com/watch?v=pZRa5OqNJFU	\N	\N
1326	\N	623	\N	https://www.youtube.com/watch?v=YvLneRU9BlA	\N	\N
1446	\N	694	\N	https://www.youtube.com/watch?v=bAnCoDrvXc4	\N	\N
1260	\N	589	\N	\N	\N	\N
1447	\N	695	\N	https://www.youtube.com/watch?v=5xtllI7frxI	\N	\N
1271	\N	593	\N	https://www.youtube.com/watch?v=ZrpRBgswtHs	\N	\N
953	\N	390	\N	https://www.youtube.com/watch?v=1JZRHWq4rco	\N	\N
1448	\N	696	\N	https://www.youtube.com/watch?v=Z8D-kdvRYlI	\N	\N
974	\N	406	\N	https://www.youtube.com/watch?v=S6gB0QHbWFE	\N	\N
1470	\N	709	\N	https://www.youtube.com/watch?v=l_U2uoePtS4	\N	\N
1471	\N	709	\N	https://www.youtube.com/watch?v=l_U2uoePtS4	\N	\N
1468	\N	708	\N	https://www.youtube.com/watch?v=Zr-PtqcpeWM	\N	\N
1272	\N	593	\N	\N	\N	\N
1491	\N	722	\N	https://www.youtube.com/watch?v=erZnw1J38z4	\N	\N
1281	\N	600	\N	\N	\N	\N
1057	\N	455	\N	https://www.youtube.com/watch?v=kH8umBSULc4	\N	\N
1067	\N	464	\N	https://www.youtube.com/watch?v=OIVuHfS9okw&list=PLkeoBd4A272PvOD-KSdr_uELkF6kvvL8G&index=27	\N	\N
1100	\N	488	\N	https://www.youtube.com/watch?v=O3LqMc-0D8g	\N	\N
1101	\N	487	\N	https://www.youtube.com/watch?v=O3LqMc-0D8g	\N	\N
1510	\N	733	\N	https://www.youtube.com/watch?v=7Tgb8wVzbcY	\N	\N
1502	\N	615	\N	https://www.youtube.com/watch?v=De9OUZz5W_I	\N	\N
1458	\N	701	Disabled Malleable Ball	https://www.youtube.com/watch?v=IAvAmciUoC4	\N	\N
986	\N	116	Superseeded by Location instructions	https://www.youtube.com/watch?v=VFGHQt14p6A	\N	\N
226	227	245	\N	https://www.youtube.com/watch?v=GThrNeGcjGc	\N	\N
1327	\N	623	\N	https://www.youtube.com/watch?v=yAKABuMpjkg	\N	\N
1170	\N	526	\N	https://www.youtube.com/watch?v=A8v2tShgkDY	\N	\N
1176	\N	532	\N	https://www.youtube.com/watch?v=ZnsLpLhywgk	\N	\N
1182	\N	538	\N	https://www.youtube.com/watch?v=ANVdMDaYRts	\N	\N
1574	\N	776	\N	\N	\N	\N
1081	\N	473	\N	https://www.youtube.com/watch?v=UAod62tMmhk	\N	\N
1216	\N	560	\N	https://www.youtube.com/watch?v=bfzl23IIOi8	\N	\N
1235	\N	574	\N	https://www.youtube.com/watch?v=C44fjSS7X5k	\N	\N
1249	\N	581	\N	https://www.youtube.com/watch?v=Dlazt593cuA	\N	\N
1291	\N	604	\N	\N	\N	\N
1292	\N	604	\N	https://www.youtube.com/watch?v=v3r_gJMI-Z0	\N	\N
1253	\N	586	\N	\N	\N	\N
1305	\N	610	\N	https://www.youtube.com/watch?v=NIJw1vKLjbs	\N	\N
1306	\N	610	\N	\N	\N	\N
1342	\N	130	\N	https://www.youtube.com/watch?v=FUndsTXxkT0	\N	\N
1304	\N	609	\N	https://www.youtube.com/watch?v=dL9ZzqtQI5c	\N	\N
1353	\N	631	\N	https://www.youtube.com/watch?v=gmLS4RllgoQ	\N	\N
1354	\N	632	\N	https://www.youtube.com/watch?v=s888DrdU_Gw	\N	\N
1357	\N	573	\N	https://www.youtube.com/watch?v=ryIFzwG3rfs	\N	\N
1355	\N	573	\N	\N	\N	\N
1356	\N	573	\N	https://www.youtube.com/watch?v=w8HTY2kx5FI	\N	\N
885	\N	337	\N	https://www.youtube.com/watch?v=dhDjKmTX8tU	\N	\N
884	\N	337	\N	https://www.youtube.com/watch?v=wrYqfSLWqdE	\N	\N
1127	\N	505	\N	https://www.youtube.com/watch?v=3STTSi_jdHk	\N	\N
1347	\N	572	\N	https://www.youtube.com/watch?v=TJbnvoFkLKI	\N	\N
115	111	195	\N	https://www.youtube.com/watch?v=nEF0bv2FW94	\N	\N
793	\N	172	\N	https://www.youtube.com/watch?v=pDTHSnoGoEc	\N	\N
111	\N	195	\N	\N	\N	\N
1396	\N	652	\N	https://www.youtube.com/watch?v=zDjBc2tJ358	\N	\N
1418	\N	671	\N	https://www.youtube.com/watch?v=LDU_yVvp7pA	\N	\N
1469	\N	708	\N	https://www.youtube.com/watch?v=Zr-PtqcpeWM	\N	\N
269	\N	317	\N	\N	\N	\N
106	\N	36	\N	https://www.hybridcalisthenics.com/jackknife-pullups	\N	\N
1449	\N	581	\N	https://www.youtube.com/watch?v=XkESHgkTdFw	\N	\N
1459	\N	459	\N	https://www.youtube.com/watch?v=MQ62r2V7Lw8	\N	\N
1370	\N	635	\N	https://www.youtube.com/watch?v=9woTKi1T4sA	\N	\N
1032	\N	436	\N	https://www.youtube.com/watch?v=jdLV7JuTCOY	\N	\N
910	\N	349	\N	https://www.youtube.com/watch?v=CZGtSaOvb50	\N	\N
1408	\N	661	\N	https://www.youtube.com/watch?v=hGBYi7vePzM	\N	\N
928	\N	367	\N	https://www.youtube.com/watch?v=jXk5dquBT6w	\N	\N
104	\N	38	\N	https://www.hybridcalisthenics.com/narrow-pullups	\N	\N
944	\N	380	\N	https://www.youtube.com/watch?v=5R7eWaNWO3U	\N	\N
232	\N	250	\N	\N	\N	\N
1146	\N	515	\N	https://www.youtube.com/watch?v=zfDmFJJYIds	\N	\N
270	\N	317	\N	\N	\N	\N
1138	\N	131	Combined with Dumbbells	https://www.youtube.com/watch?v=aXwilZfmDyo	\N	\N
1503	\N	615	\N	https://www.youtube.com/watch?v=WAUvlrF5xqw	\N	\N
1033	\N	435	\N	https://www.youtube.com/watch?v=SSZh8SL_cNg	\N	\N
1511	\N	734	\N	https://www.youtube.com/watch?v=F1K-rRfv7OI	\N	\N
1075	\N	470	\N	https://www.youtube.com/watch?v=zz5XH-hFIaM	\N	\N
100	\N	42	\N	https://www.hybridcalisthenics.com/one-arm-pullups	\N	\N
253	\N	81	\N	\N	\N	\N
987	\N	116	\N	\N	\N	\N
238	\N	250	\N	\N	\N	\N
237	\N	249	\N	\N	\N	\N
259	\N	306	\N	https://www.hybridcalisthenics.com/full-pullups	\N	\N
256	\N	80	\N	https://www.youtube.com/watch?v=3OZ2MT_5r3Q	\N	\N
1616	\N	796	\N	https://www.youtube.com/watch?v=TvppoqEGlD8	\N	\N
254	\N	170	\N	https://www.youtube.com/watch?v=VDvlA5opvuk	\N	\N
1492	\N	636	\N	\N	\N	\N
240	\N	259	\N	https://www.youtube.com/watch?v=EdtaJRBqwes	\N	\N
976	\N	314	\N	https://www.youtube.com/watch?v=k8ipHzKeAkQ	\N	\N
1493	\N	636	\N	\N	\N	\N
249	\N	272	\N	https://www.youtube.com/watch?v=3uaxHCDiXJA	\N	\N
1049	\N	445	\N	https://www.youtube.com/watch?v=01eRDsnJWb0	\N	\N
1197	\N	549	\N	https://www.hybridcalisthenics.com/narrow-pullups	\N	\N
244	\N	261	\N	https://www.youtube.com/watch?v=QqjPHk-uErQ	\N	\N
1195	\N	550	\N	https://www.hybridcalisthenics.com/jackknife-pullups	\N	\N
1058	\N	456	\N	https://www.youtube.com/watch?v=7eLkwnCjV-8	\N	\N
886	\N	334	\N	https://www.youtube.com/watch?v=y4gHJ8OjxTg	\N	\N
1203	\N	546	\N	https://www.youtube.com/watch?v=b-ztMQpj8yc	\N	\N
1199	\N	548	\N	https://www.hybridcalisthenics.com/one-arm-pullups	\N	\N
260	\N	306	\N	https://www.hybridcalisthenics.com/full-pullups	\N	\N
245	\N	267	\N	https://www.youtube.com/watch?v=a9Arb1Dnf1I	\N	\N
1068	\N	465	\N	https://www.youtube.com/watch?v=SKKxhCgQ7hM&list=PLkeoBd4A272PvOD-KSdr_uELkF6kvvL8G&index=21	\N	\N
1084	\N	476	\N	https://www.youtube.com/watch?v=xID-LStu1pE	\N	\N
1119	\N	499	\N	https://www.youtube.com/watch?v=Up3gRj8-sAA	\N	\N
234	\N	253	\N	https://www.youtube.com/watch?v=KFzKHhfb1yU	\N	\N
235	\N	253	\N	https://www.youtube.com/watch?v=1clWWF8Nw4U	\N	\N
1147	\N	517	\N	https://www.youtube.com/watch?v=wvcwMMnVgRs	\N	\N
246	\N	266	\N	https://www.youtube.com/watch?v=WQ86i2JMJ9o	\N	\N
251	\N	166	\N	https://www.youtube.com/watch?v=cZvQNvTUUu0	\N	\N
1177	\N	533	\N	https://www.youtube.com/watch?v=kM-fTtwC5eM	\N	\N
1183	\N	539	\N	https://www.youtube.com/watch?v=V8z8A2WwNnA	\N	\N
1231	\N	221	\N	https://www.youtube.com/watch?v=1lO0JTw9yNk	\N	\N
1236	\N	250	\N	https://www.youtube.com/watch?v=wB6ALHd6Onc	\N	\N
1130	\N	506	\N	https://www.youtube.com/watch?v=r7lSsRDvYtc	\N	\N
955	\N	392	\N	https://www.youtube.com/watch?v=baXR98MXziA	\N	\N
1211	\N	552	\N	https://www.hybridcalisthenics.com/archer-pullups	\N	\N
103	\N	39	\N	https://www.hybridcalisthenics.com/one-hand-pullups	\N	\N
193	\N	226	\N	https://www.youtube.com/watch?v=JGWZcp5qdwY	\N	\N
189	188	219	\N	https://www.youtube.com/watch?v=6SS6K3lAwZ8	\N	\N
201	\N	522	\N	https://www.youtube.com/watch?v=ttvfGg9d76c	\N	\N
1059	\N	457	\N	https://www.youtube.com/watch?v=-xy_q9vkVEY	\N	\N
1409	\N	662	\N	https://www.youtube.com/watch?v=KT3AF9Hlu7I	\N	\N
1419	\N	672	\N	https://www.youtube.com/watch?v=a8f-c31u2GA	\N	\N
1450	\N	697	\N	https://www.youtube.com/watch?v=ostWPCp9-So	\N	\N
267	\N	314	\N	https://www.youtube.com/watch?v=HvvqTpTongY	\N	\N
1451	\N	698	\N	https://www.youtube.com/watch?v=ostWPCp9-So	\N	\N
1472	\N	710	\N	https://www.youtube.com/watch?v=8lDhhrj-odk	\N	\N
1494	\N	579	\N	https://www.youtube.com/watch?v=FRiiZRhapeU	\N	\N
1104	\N	490	\N	https://www.youtube.com/watch?v=ta0OUynqEfw	\N	\N
977	\N	314	Surely people have a book or something at home	\N	\N	\N
282	\N	328	Can also use a chair or couch which everybody has at home	\N	\N	\N
969	\N	400	\N	https://www.youtube.com/watch?v=lQPppTK7mFc	\N	\N
272	\N	319	\N	\N	\N	\N
277	\N	324	\N	\N	\N	\N
1120	\N	500	\N	https://www.youtube.com/watch?v=OVAIQ23we-8	\N	\N
274	\N	321	\N	https://www.youtube.com/watch?v=vBA3vyOxJv0	\N	\N
1543	\N	752	\N	https://www.youtube.com/watch?v=Py_x-BP4kcg	\N	\N
262	\N	308	\N	https://www.youtube.com/watch?v=JIwfJPU1To4	\N	\N
1332	\N	627	\N	https://www.youtube.com/watch?v=I0_smdbfxcw	\N	\N
1512	\N	98	\N	https://www.youtube.com/watch?v=nLOIgukB4Ro	\N	\N
1140	\N	166	\N	https://www.youtube.com/watch?v=6TSP1TRMUzs	\N	\N
913	\N	350	\N	https://www.youtube.com/watch?v=ydqL6Tiq9yg	\N	\N
280	\N	328	\N	https://www.youtube.com/watch?v=YYiEdmODb1A	\N	\N
931	\N	370	\N	https://www.youtube.com/watch?v=WtjHq0HLkaM	\N	\N
261	\N	307	\N	https://www.youtube.com/watch?v=0_9sJd9P8M0	\N	\N
230	\N	247	\N	https://www.youtube.com/watch?v=F-qXSJHR9ng	\N	\N
946	\N	382	\N	https://www.youtube.com/watch?v=o8gAyDUh2bs	\N	\N
1518	\N	584	\N	https://www.youtube.com/watch?v=KRHexHq1PsQ	\N	\N
1519	\N	734	\N	https://www.youtube.com/watch?v=F1K-rRfv7OI	\N	\N
1527	\N	744	\N	https://www.youtube.com/watch?v=Bf-MwacfkKA	\N	\N
1533	\N	748	\N	https://www.youtube.com/watch?v=j-w-eS2i2cE	\N	\N
152	\N	221	\N	https://www.youtube.com/watch?v=xagEKj2yDc8	\N	\N
1432	\N	577	\N	https://www.youtube.com/watch?v=5jDEulwWs04	\N	\N
1537	\N	682	\N	https://www.youtube.com/watch?v=cBgq78NY_KA	\N	\N
129	\N	113	\N	\N	\N	\N
233	\N	249	\N	\N	\N	\N
1550	\N	757	\N	https://www.youtube.com/watch?v=m1b-m6KlC0U	\N	\N
1554	\N	422	\N	https://www.youtube.com/watch?v=TX9XfhdueEg	\N	\N
1558	\N	762	\N	https://www.youtube.com/watch?v=VXFCeFP2Qrg	\N	\N
1562	\N	767	\N	https://www.youtube.com/watch?v=805EgEKRpMw	\N	\N
1566	\N	771	\N	https://www.youtube.com/watch?v=ASNK54226ts	\N	\N
1569	\N	774	\N	https://www.youtube.com/watch?v=3Xc0YFltRWs	\N	\N
1573	\N	323	\N	https://www.youtube.com/watch?v=JpDDoINkrog	\N	\N
1397	\N	776	\N	\N	\N	\N
101	\N	41	\N	https://www.youtube.com/watch?v=ziQjz1-DmX8	\N	\N
1036	\N	440	\N	https://www.youtube.com/watch?v=MucVn2mIOk4	\N	\N
1038	\N	438	\N	https://www.youtube.com/watch?v=4mYWMaXWKqs	\N	\N
265	\N	311	\N	https://www.youtube.com/watch?v=Jy0aMkLNsKo	\N	\N
1039	\N	437	\N	https://www.youtube.com/watch?v=fqY8pIsQSCM	\N	\N
893	\N	116	Can also use a chair or couch which everybody has at home	\N	\N	\N
1131	\N	508	\N	https://www.youtube.com/watch?v=GR0qTpkLXRQ	\N	\N
1050	\N	446	\N	https://www.youtube.com/watch?v=WDMqBwXsGVQ	\N	\N
1086	\N	478	\N	https://www.youtube.com/watch?v=MfumpO_3NYI	\N	\N
1087	\N	478	\N	\N	\N	\N
1132	\N	507	\N	https://www.youtube.com/watch?v=GR0qTpkLXRQ	\N	\N
163	157	196	\N	https://www.youtube.com/watch?v=VmB1G1K7v94	\N	\N
1150	\N	516	\N	https://www.youtube.com/watch?v=2Hq3ieGH-_0	\N	\N
1163	\N	524	\N	\N	\N	\N
1164	\N	524	\N	\N	\N	\N
1165	\N	524	\N	https://www.youtube.com/watch?v=7SgC-yJn_c0	\N	\N
1172	\N	528	\N	https://www.youtube.com/watch?v=VpuoE246W1Y	\N	\N
1178	\N	534	\N	https://www.youtube.com/watch?v=AodPPKsKNH4	\N	\N
1184	\N	540	\N	https://www.youtube.com/watch?v=hhWVyxhTfNs	\N	\N
147	\N	182	\N	https://www.youtube.com/watch?v=AyuOhrT-9J4	\N	\N
1220	\N	209	\N	https://www.youtube.com/watch?v=SniJo-6t7Gk	\N	\N
203	204	229	\N	https://www.youtube.com/watch?v=7CHPqVxJOUE	\N	\N
146	\N	183	\N	https://www.youtube.com/watch?v=rSc1pmDEhZg	\N	\N
1237	\N	575	\N	https://www.youtube.com/watch?v=wiFNA3sqjCA	\N	\N
878	\N	330	\N	https://www.youtube.com/watch?v=Jxr9WTaeswQ	\N	\N
879	\N	329	\N	https://www.youtube.com/watch?v=xxxT7BFWArI	\N	\N
1399	\N	653	\N	https://www.youtube.com/watch?v=I5YbtdqK6g0	\N	\N
1410	\N	663	\N	https://www.youtube.com/watch?v=gqoPYLUgP48	\N	\N
1238	\N	575	\N	https://www.youtube.com/watch?v=OGyrUo0DAhI	\N	\N
914	\N	353	\N	https://www.youtube.com/watch?v=1UU4VvklQ44	\N	\N
936	\N	373	\N	https://www.youtube.com/watch?v=saYKvqSscuY	\N	\N
947	\N	385	\N	https://www.youtube.com/watch?v=Fr5kiIygm0c	\N	\N
1315	\N	616	\N	https://www.youtube.com/watch?v=omcxYSiUg5M	\N	\N
1337	\N	625	\N	https://www.youtube.com/watch?v=m0AIU1dCVkU	\N	\N
961	\N	396	\N	https://www.youtube.com/watch?v=nDYT0zUlC2w	\N	\N
962	\N	395	\N	https://www.youtube.com/watch?v=L9bdozB8MFw	\N	\N
978	\N	311	\N	https://www.youtube.com/watch?v=ORT4oJ_R8Qs	\N	\N
971	\N	401	\N	https://www.youtube.com/watch?v=NytDpa2r34g	\N	\N
989	\N	253	\N	https://www.youtube.com/watch?v=poM87byNUMw	\N	\N
705	\N	253	\N	https://www.youtube.com/watch?v=RbXfgmqorAQ	\N	\N
1021	\N	424	\N	https://www.youtube.com/watch?v=mlqk1niuiZs	\N	\N
934	\N	373	\N	https://www.youtube.com/watch?v=saYKvqSscuY	\N	\N
1433	\N	577	\N	https://www.youtube.com/watch?v=eufYDHUtScc	\N	\N
963	\N	396	Can also use a chair or couch which everybody has at home	\N	\N	\N
1051	\N	449	\N	https://www.youtube.com/watch?v=9jwynr7-yV0	\N	\N
1060	\N	458	\N	https://www.youtube.com/watch?v=gT4A4DyDEgw	\N	\N
1153	\N	518	\N	https://www.youtube.com/watch?v=8kr91qSn3OM	\N	\N
1121	\N	501	\N	https://www.youtube.com/watch?v=Gv0rFtj-XjI	\N	\N
1133	\N	509	\N	https://www.youtube.com/watch?v=9_jLW6VkU8A	\N	\N
1329	\N	624	\N	https://www.youtube.com/watch?v=Thv8O6c8QBM	\N	\N
1019	\N	426	\N	https://www.youtube.com/watch?v=Ly-Zh-rXeh4	\N	\N
1106	\N	492	\N	https://www.youtube.com/watch?v=QxYhFwMd1Ks	\N	\N
1166	\N	523	\N	\N	\N	\N
1167	\N	523	\N	\N	\N	\N
1168	\N	523	\N	https://www.youtube.com/watch?v=Xa_3nfDlRCs	\N	\N
1420	\N	742	\N	https://www.youtube.com/watch?v=ptNcumN_Kco	\N	\N
1173	\N	529	\N	https://www.youtube.com/watch?v=BDA3DERQKFk	\N	\N
1179	\N	535	\N	https://www.youtube.com/watch?v=CtFKxJxLCCY	\N	\N
1185	\N	541	\N	https://www.youtube.com/watch?v=3nb5-Ff6PtM	\N	\N
1214	\N	222	\N	https://www.youtube.com/watch?v=b9a9vsQzGxk	\N	\N
192	\N	222	\N	https://www.youtube.com/watch?v=3VcKaXpzqRo	\N	\N
174	\N	209	\N	https://www.youtube.com/watch?v=zC3nLlEvin4	\N	\N
1226	\N	317	\N	https://www.youtube.com/watch?v=duP-UZsfOaQ	\N	\N
1232	\N	567	\N	https://www.youtube.com/watch?v=0wDEO6shVjc	\N	\N
1244	\N	196	\N	https://www.youtube.com/watch?v=EbfYPZCWkB0	\N	\N
1250	\N	582	\N	https://www.youtube.com/watch?v=EL4WX_ulKrc	\N	\N
1108	\N	491	\N	https://www.youtube.com/watch?v=v_aH3ANtz8I	\N	\N
1256	\N	587	\N	\N	\N	\N
1255	\N	587	\N	https://www.youtube.com/watch?v=t2BmBSmcjco	\N	\N
888	\N	82	\N	https://www.youtube.com/watch?v=-Vyt2QdsR7E	\N	\N
1261	\N	589	\N	https://www.youtube.com/watch?v=VHeZJHEj6ic	\N	\N
1262	\N	589	\N	https://www.youtube.com/watch?v=_ajo6VG_uRM	\N	\N
1273	\N	594	\N	https://www.youtube.com/watch?v=VUiFlZ2FsKA	\N	\N
900	899	339	\N	https://www.youtube.com/watch?v=hg9MMvd-MY8	\N	\N
1293	\N	586	\N	https://www.youtube.com/watch?v=i-MYh6YtBBg	\N	\N
1294	\N	586	\N	https://www.youtube.com/watch?v=3C1TRMJveXo	\N	\N
1308	\N	612	\N	https://www.youtube.com/watch?v=0wzrgyAurT8	\N	\N
1248	\N	580	This is like a side plank with arm bar. Keep them as separate exercises.	https://www.youtube.com/watch?v=2WxwO9E93wI	\N	\N
896	\N	339	\N	https://www.youtube.com/watch?v=DPvZP6Sv2nc	\N	\N
1300	\N	607	\N	https://www.youtube.com/watch?v=sqDdHFC1KYk	\N	\N
1071	\N	467	\N	https://www.youtube.com/watch?v=ZXncuZKonas	\N	\N
998	1001	249	Just keeping this as a Reverse Lunge	\N	\N	\N
1070	\N	467	Weighted exercises such as the lateral raise should not have an unweighted instruction. \n        The unweighted instruction is too easy for people who are strength training and don't have any of the exercise's equipment. \n        If the user is too injured to be able to do the recovery exercise with weights, then they should be in physical therapy.	https://www.youtube.com/watch?v=IBWToThYZgo	\N	\N
1267	\N	591	\N	\N	\N	\N
1268	\N	591	\N	https://www.youtube.com/watch?v=LMdNTHH6G8I	\N	\N
1349	\N	591	\N	https://www.youtube.com/watch?v=cb1YB7fZyEw	\N	\N
1352	\N	559	\N	https://www.youtube.com/watch?v=b2R-W2efN-g	\N	\N
1344	\N	558	\N	https://www.youtube.com/watch?v=MDAk3N1wEfI	\N	\N
1334	\N	628	\N	https://www.youtube.com/watch?v=kONbxg4kzkE	\N	\N
1400	\N	653	\N	https://www.youtube.com/watch?v=q1MeZPov8eM	\N	\N
1411	\N	664	\N	https://www.youtube.com/watch?v=GPjss8FcQx8	\N	\N
1117	\N	497	\N	https://www.youtube.com/watch?v=3sGe3UiwrVY	\N	\N
1022	\N	428	\N	https://www.youtube.com/watch?v=0495rbXZMQg	\N	\N
1504	\N	727	\N	https://www.youtube.com/watch?v=M93HfnAVIl8	\N	\N
1421	\N	674	\N	https://www.youtube.com/watch?v=wtiM2Q9fDZo	\N	\N
889	\N	56	\N	https://www.hybridcalisthenics.com/full-dips	\N	\N
1367	\N	633	\N	https://www.youtube.com/watch?v=NpmS6Fx1WLo	\N	\N
558	\N	307	\N	https://www.youtube.com/watch?v=ci4rsmlOk24	\N	\N
1240	\N	576	\N	https://www.youtube.com/watch?v=4xRpGgttca8	\N	\N
556	\N	319	\N	https://www.youtube.com/watch?v=7drWD3TZFQI	\N	\N
979	\N	311	I'm sure they have a box or something to stand on	\N	\N	\N
1437	\N	686	\N	https://www.youtube.com/watch?v=MdL2qeiC-P4	\N	\N
1438	\N	687	\N	https://www.youtube.com/watch?v=NCdt2mICJuU	\N	\N
1041	\N	441	\N	https://www.youtube.com/watch?v=_BR4ZodkJ2M	\N	\N
1233	\N	314	\N	https://www.youtube.com/watch?v=EABCFPXpQBo	\N	\N
917	\N	355	\N	https://www.youtube.com/watch?v=_ZKzoL9KH8I	\N	\N
937	\N	375	\N	https://www.youtube.com/watch?v=FTWFM-lL5jQ	\N	\N
1110	\N	493	\N	https://www.youtube.com/watch?v=BGuLau6Dn7s	\N	\N
1452	\N	699	\N	https://www.youtube.com/watch?v=Nlu0vWJhss8	\N	\N
569	\N	323	\N	https://www.youtube.com/watch?v=OUgsJ8-Vi0E	\N	\N
1246	\N	579	\N	https://www.youtube.com/watch?v=cOFwFzzLFWw	\N	\N
972	\N	404	\N	https://www.youtube.com/watch?v=Mn6RSIRCV3w	\N	\N
1245	\N	579	\N	https://www.hybridcalisthenics.com/full-pushups	\N	\N
553	\N	314	\N	https://www.youtube.com/watch?v=k8ipHzKeAkQ	\N	\N
559	\N	311	\N	https://www.youtube.com/watch?v=ORT4oJ_R8Qs	\N	\N
984	\N	408	\N	https://www.youtube.com/watch?v=XLcodk8Lbe4	\N	\N
985	\N	407	\N	https://www.youtube.com/watch?v=RUjjKrORHpI	\N	\N
574	\N	317	\N	https://www.hybridcalisthenics.com/full-squats	\N	\N
1473	\N	714	\N	https://www.youtube.com/watch?v=hEykoofS5vk	\N	\N
570	\N	308	\N	https://www.youtube.com/watch?v=VB8doGLjRD8	\N	\N
1061	\N	459	\N	https://www.youtube.com/watch?v=wklI-e2WpFQ	\N	\N
1090	\N	480	\N	https://www.youtube.com/watch?v=tkPiBbsz1Yg	\N	\N
1475	\N	712	\N	https://www.youtube.com/watch?v=sHvur2PUEvg	\N	\N
1122	\N	502	\N	https://www.youtube.com/watch?v=U4s4mEQ5VqU	\N	\N
1134	\N	510	\N	https://www.youtube.com/watch?v=PZPSz905Ovk	\N	\N
1141	\N	512	\N	https://www.youtube.com/watch?v=4xweyzS7Rno	\N	\N
1476	\N	711	\N	https://www.youtube.com/watch?v=LLd8ojz2-o4	\N	\N
1169	\N	525	\N	https://www.youtube.com/watch?v=uEc5hrgIYx4	\N	\N
1174	\N	530	\N	https://www.youtube.com/watch?v=Qz33w9-EZws	\N	\N
1180	\N	536	\N	https://www.youtube.com/watch?v=RSMWpaY_iaQ	\N	\N
1474	\N	713	\N	https://www.youtube.com/watch?v=iUNc_M2VvIU	\N	\N
1495	\N	724	\N	https://www.youtube.com/watch?v=Dx740NIKX94	\N	\N
1221	\N	239	\N	https://www.youtube.com/watch?v=EoYWMB856cA	\N	\N
1222	\N	239	\N	https://www.youtube.com/watch?v=bftFXuQy75A	\N	\N
1227	\N	562	\N	https://www.youtube.com/watch?v=x2K8uH7dcqg	\N	\N
1496	\N	723	\N	https://www.youtube.com/watch?v=R8xNrImzdwI	\N	\N
1311	\N	614	\N	https://www.youtube.com/watch?v=Vce3tIYpzhc	\N	\N
1042	\N	441	\N	https://www.youtube.com/watch?v=_BR4ZodkJ2M	\N	\N
1520	\N	737	\N	https://www.youtube.com/watch?v=-SvV1cPts6s	\N	\N
1521	\N	738	\N	https://www.youtube.com/watch?v=b5O0a01lMfg	\N	\N
1528	\N	745	\N	https://www.youtube.com/watch?v=sE80dr21rA0	\N	\N
1251	\N	584	\N	https://www.youtube.com/watch?v=KRHexHq1PsQ	\N	\N
565	\N	44	\N	https://www.hybridcalisthenics.com/straight-bridges	\N	\N
566	\N	45	\N	https://www.hybridcalisthenics.com/wall-bridges	\N	\N
1538	\N	751	\N	https://www.youtube.com/watch?v=LrIE5onzj68	\N	\N
568	\N	59	\N	https://www.hybridcalisthenics.com/full-clutch-flags	\N	\N
1539	\N	750	\N	https://www.youtube.com/watch?v=dXALCgBfF20	\N	\N
999	1001	249	Just keeping this as a Reverse Lunge	\N	\N	\N
1312	\N	614	\N	https://www.youtube.com/watch?v=Vce3tIYpzhc	\N	\N
1319	\N	619	\N	https://www.youtube.com/watch?v=VDv7QEcoRGg	\N	\N
1330	\N	626	\N	https://www.youtube.com/watch?v=5NU3HsSvP3Y	\N	\N
1339	\N	566	\N	https://www.youtube.com/watch?v=odcPqBOlJhI	\N	\N
1341	\N	583	\N	https://www.youtube.com/watch?v=J8QhVr5Pvig	\N	\N
1350	\N	609	\N	https://www.youtube.com/watch?v=MVSzez2zkHM	\N	\N
1215	\N	240	\N	https://www.youtube.com/watch?v=Zli1UXH9ZeE	\N	\N
1186	\N	543	\N	https://www.youtube.com/watch?v=g78CxAtjkCE	\N	\N
1187	\N	543	\N	https://www.youtube.com/watch?v=oj4D4Nj63ic	\N	\N
1290	\N	603	\N	https://www.youtube.com/watch?v=LvyVdBv8tZM	\N	\N
1301	\N	608	\N	https://www.youtube.com/watch?v=nVlpaNUxO5E	\N	\N
1346	\N	630	\N	https://www.youtube.com/watch?v=K4VAFznrNLk	\N	\N
1325	\N	622	\N	https://www.youtube.com/watch?v=lm4Nt-N6qUk	\N	\N
1295	\N	605	\N	https://www.youtube.com/watch?v=Yp2DmHk3KnY	\N	\N
1264	\N	590	\N	https://www.youtube.com/watch?v=uA_idJVmN6k	\N	\N
576	\N	159	\N	https://www.youtube.com/watch?v=ZbNPNuKYexM	\N	\N
577	\N	155	\N	https://www.youtube.com/watch?v=qRqe0j2v-Kw	\N	\N
578	\N	129	\N	https://www.youtube.com/watch?v=z4J188sFD4g	\N	\N
128	\N	116	\N	\N	\N	\N
1148	\N	517	\N	https://www.youtube.com/watch?v=wvcwMMnVgRs	\N	\N
1401	\N	654	\N	https://www.youtube.com/watch?v=-srl3hTBOM8	\N	\N
243	\N	106	\N	https://www.youtube.com/watch?v=-WArq8wMWQg	\N	\N
126	\N	133	\N	https://www.youtube.com/watch?v=WCFCdxzFBa4	\N	\N
586	\N	142	\N	https://www.youtube.com/watch?v=2zhFTw2epoc	\N	\N
1412	\N	665	\N	https://www.youtube.com/watch?v=FVjhSsE8AT4	\N	\N
1422	\N	675	\N	https://www.youtube.com/watch?v=azvG88MPppg	\N	\N
590	\N	169	\N	https://www.youtube.com/watch?v=Gui5TqiKjZI	\N	\N
1453	\N	700	\N	https://www.youtube.com/watch?v=wXrlbvOigPM	\N	\N
592	\N	1	\N	https://www.hybridcalisthenics.com/wall-pushups	\N	\N
1142	\N	513	\N	https://www.youtube.com/watch?v=HtHxnWmMgzM	\N	\N
1015	\N	422	\N	https://www.youtube.com/watch?v=J4j3AOVWuHE	\N	\N
595	\N	193	\N	https://www.youtube.com/watch?v=X-gv0Ygb3yI	\N	\N
596	\N	192	\N	https://www.youtube.com/watch?v=b8RNli1Bjl4	\N	\N
597	\N	191	\N	https://www.youtube.com/watch?v=lGdDcn5mavs	\N	\N
598	\N	190	\N	https://www.youtube.com/watch?v=C6At19Q9i2Q	\N	\N
599	\N	147	\N	https://www.youtube.com/watch?v=2ZB5hDEHHGE	\N	\N
601	\N	12	\N	https://www.hybridcalisthenics.com/knee-raises	\N	\N
1461	\N	704	\N	https://www.youtube.com/watch?v=R4aX4A1sW2w	\N	\N
1143	\N	513	\N	https://www.youtube.com/watch?v=HtHxnWmMgzM	\N	\N
1020	\N	425	\N	https://www.youtube.com/watch?v=Oy3RWqqlMTg	\N	\N
605	\N	75	\N	https://www.youtube.com/watch?v=z6PJMT2y8GQ	\N	\N
606	\N	76	\N	https://www.youtube.com/watch?v=lVZi-AwxLPo	\N	\N
1239	\N	576	\N	https://www.youtube.com/watch?v=aqet70KyAbk	\N	\N
609	\N	30	\N	https://www.hybridcalisthenics.com/assisted-oneleg-squats	\N	\N
610	\N	28	\N	https://www.hybridcalisthenics.com/front-staggered-squats	\N	\N
1462	\N	703	\N	https://www.youtube.com/watch?v=4ye2_HMmNbs	\N	\N
1477	\N	715	\N	https://www.youtube.com/watch?v=3rpTMDIPh0M	\N	\N
615	\N	151	\N	https://www.youtube.com/watch?v=LgaYt4Hi6-g	\N	\N
616	\N	148	\N	https://www.youtube.com/watch?v=-Dw9Es42eLM	\N	\N
617	\N	149	\N	https://www.youtube.com/watch?v=fTDkzk5GcEY	\N	\N
1540	\N	749	\N	https://www.youtube.com/watch?v=wth8lYoyujU	\N	\N
622	\N	194	\N	https://www.youtube.com/watch?v=jCCs8m09cCk	\N	\N
1505	\N	728	\N	https://www.youtube.com/watch?v=epdBIT32SS0	\N	\N
625	\N	27	\N	https://www.hybridcalisthenics.com/side-staggered-squats	\N	\N
626	\N	2	\N	https://www.hybridcalisthenics.com/incline-pushups	\N	\N
628	\N	4	\N	https://www.hybridcalisthenics.com/knee-pushups	\N	\N
1522	\N	739	\N	https://www.youtube.com/watch?v=7U4aWnHX3ck	\N	\N
630	\N	6	\N	https://www.hybridcalisthenics.com/narrow-pushups	\N	\N
631	\N	7	\N	https://www.hybridcalisthenics.com/side-staggered-pushups	\N	\N
632	\N	8	\N	https://www.hybridcalisthenics.com/archer-pushups	\N	\N
633	\N	9	\N	https://www.hybridcalisthenics.com/sliding-onearm-pushups	\N	\N
1529	\N	746	\N	https://www.youtube.com/watch?v=y3ndxjVhlko	\N	\N
637	\N	261	\N	https://www.youtube.com/watch?v=-9toG6869YY	\N	\N
638	\N	262	\N	https://www.youtube.com/watch?v=2MtAmceBB98	\N	\N
641	\N	14	\N	https://www.hybridcalisthenics.com/alternating-leg-raises	\N	\N
642	\N	15	\N	https://www.hybridcalisthenics.com/full-leg-raises	\N	\N
643	\N	16	\N	https://www.hybridcalisthenics.com/tuck-plow-raises	\N	\N
644	\N	17	\N	https://www.hybridcalisthenics.com/plow-raises	\N	\N
1439	\N	577	\N	https://www.youtube.com/watch?v=pXcG0IH2Nkg	\N	\N
650	\N	31	\N	https://www.hybridcalisthenics.com/oneleg-squats	\N	\N
651	\N	125	\N	https://www.youtube.com/watch?v=SKPab2YC8BE	\N	\N
652	\N	23	\N	https://www.hybridcalisthenics.com/assisted-squats	\N	\N
653	\N	24	\N	https://www.hybridcalisthenics.com/half-squats	\N	\N
1544	\N	753	\N	https://www.youtube.com/watch?v=IuwhGXTc2f0	\N	\N
1043	\N	226	\N	https://www.youtube.com/watch?v=4re6CJ0XNF8	\N	\N
634	\N	10	\N	https://www.hybridcalisthenics.com/onearm-pushups	\N	\N
1112	\N	494	\N	https://www.youtube.com/watch?v=ZlrvmNflFJw	\N	\N
659	\N	233	\N	https://www.youtube.com/watch?v=rr6eFNNDQdU	\N	\N
660	\N	33	\N	https://www.hybridcalisthenics.com/wall-pullups	\N	\N
121	\N	125	Can also use a chair or couch which everybody has at home	\N	\N	\N
1053	\N	451	\N	https://www.youtube.com/watch?v=84Xh1PoQvlA	\N	\N
1062	\N	460	\N	https://www.youtube.com/watch?v=K3T7mTy2ZJ4	\N	\N
1123	\N	503	\N	https://www.youtube.com/watch?v=OyDRyX8ltvc	\N	\N
608	\N	29	\N	https://www.hybridcalisthenics.com/one-leg-chair-squats	\N	\N
1413	\N	666	\N	https://www.youtube.com/watch?v=b6k1BQvcKIE	\N	\N
1423	\N	676	\N	https://www.youtube.com/watch?v=OI9GqVuhaO0	\N	\N
1440	\N	689	\N	https://www.youtube.com/watch?v=wdhgkET8F9w	\N	\N
1441	\N	689	\N	https://www.youtube.com/watch?v=4UkmlkOA4I0	\N	\N
1402	\N	655	\N	https://www.youtube.com/watch?v=WtqAD5-Re18	\N	\N
1454	\N	571	\N	https://www.youtube.com/watch?v=55o-CHIn3kI	\N	\N
1095	\N	484	\N	https://www.youtube.com/watch?v=nczH_7m1TnI	\N	\N
1096	\N	484	Too dangerous, no way to bail the weight	https://www.youtube.com/watch?v=XzD1_jz0si4	\N	\N
1478	\N	715	\N	https://www.youtube.com/watch?v=Z61gRtApY3I	\N	\N
1479	\N	716	\N	https://www.youtube.com/watch?v=efKorH8yzn4	\N	\N
648	\N	21	\N	https://www.hybridcalisthenics.com/toe-to-bars	\N	\N
1003	126	133	\N	https://www.youtube.com/watch?v=9ZknEYboBOQ	\N	\N
1498	\N	725	\N	https://www.youtube.com/watch?v=Xel2zEdfyhM	\N	\N
677	\N	26	\N	https://www.hybridcalisthenics.com/narrow-squats	\N	\N
1506	\N	729	\N	https://www.youtube.com/watch?v=A7HH8DivGB0	\N	\N
1514	\N	110	\N	https://www.youtube.com/watch?v=PQ3Vz8fp73k	\N	\N
1460	\N	702	\N	https://www.youtube.com/watch?v=QuAZknEOxWo	\N	\N
687	\N	207	\N	https://www.youtube.com/watch?v=9FGilxCbdz8	\N	\N
1368	\N	196	\N	https://www.youtube.com/watch?v=uUGDRwge4F8	\N	\N
171	\N	125	\N	https://www.youtube.com/watch?v=4tygIJHECng	\N	\N
1551	\N	758	\N	https://www.youtube.com/watch?v=1VYlOKUdylM	\N	\N
1555	\N	759	\N	https://www.youtube.com/watch?v=-qbPrlf1oxE	\N	\N
1559	\N	763	\N	https://www.youtube.com/watch?v=MZsbHYDve0Q	\N	\N
1563	\N	768	\N	https://www.youtube.com/watch?v=6HYNo1YQsUk	\N	\N
1567	\N	772	\N	https://www.youtube.com/watch?v=GiD1HhdbXjs	\N	\N
1570	\N	775	\N	https://www.youtube.com/watch?v=eM07lqCSuDk	\N	\N
1064	\N	461	\N	https://www.youtube.com/watch?v=h6bGHQR3yDU	\N	\N
1546	1545	754	\N	https://www.youtube.com/watch?v=oQxyhAu7Q5M	\N	\N
702	\N	249	\N	https://www.youtube.com/watch?v=qeJ3Si5r5y0	\N	\N
276	\N	323	\N	https://www.youtube.com/watch?v=ylpfCk3i-0Y	\N	\N
918	\N	357	\N	https://www.youtube.com/watch?v=BFtt4tqD4sU	\N	\N
1044	\N	226	\N	https://www.youtube.com/watch?v=91BDzkXfl3Q	\N	\N
1372	\N	560	\N	https://www.youtube.com/watch?v=IhZLB48kluc	\N	\N
711	\N	46	\N	https://www.hybridcalisthenics.com/incline-bridges	\N	\N
712	\N	47	\N	https://www.hybridcalisthenics.com/head-bridges	\N	\N
713	\N	48	\N	https://www.hybridcalisthenics.com/full-bridges	\N	\N
714	\N	49	\N	https://www.hybridcalisthenics.com/bridges	\N	\N
715	\N	50	\N	https://www.hybridcalisthenics.com/tap-bridges	\N	\N
716	\N	51	\N	https://www.hybridcalisthenics.com/wallwalking-bridges	\N	\N
717	\N	52	\N	https://www.hybridcalisthenics.com/standtostand-bridges	\N	\N
718	\N	53	\N	https://www.hybridcalisthenics.com/straight-leg-twists	\N	\N
719	\N	54	\N	https://www.hybridcalisthenics.com/bent-leg-twists	\N	\N
720	\N	55	\N	https://www.hybridcalisthenics.com/full-twists	\N	\N
1463	\N	707	\N	https://www.youtube.com/watch?v=pE8PJsWEV7k	\N	\N
722	\N	61	\N	https://www.hybridcalisthenics.com/full-elbow-lever	\N	\N
723	\N	63	\N	https://www.youtube.com/watch?v=PBHUfBzxczU	\N	\N
1136	\N	130	\N	https://www.youtube.com/watch?v=FQKfr1YDhEk	\N	\N
725	\N	65	\N	https://www.youtube.com/watch?v=i7zIMuHRDjM	\N	\N
1002	126	133	\N	https://www.youtube.com/watch?v=860722r7v2E	\N	\N
258	\N	91	\N	https://www.youtube.com/watch?v=82jNjDS19lg	\N	\N
250	\N	6	\N	https://www.youtube.com/watch?v=orPv4L77rZQ	\N	\N
731	\N	78	\N	https://www.youtube.com/watch?v=DfjpR6dzLVg	\N	\N
1026	\N	430	\N	https://www.youtube.com/watch?v=k2L97eKS5qk	\N	\N
1286	\N	601	\N	https://www.youtube.com/watch?v=T0eXGAYl6xg	\N	\N
734	\N	81	\N	https://www.youtube.com/watch?v=Jvj2wV0vOYU	\N	\N
1115	\N	496	\N	https://www.youtube.com/watch?v=3mMAsNwQOfk	\N	\N
700	\N	247	\N	https://www.youtube.com/watch?v=L8fvypPrzzs	\N	\N
738	\N	85	\N	https://www.youtube.com/watch?v=nMp3MlTz9fA	\N	\N
739	\N	86	\N	https://www.youtube.com/watch?v=ayQoxw8sRTk	\N	\N
685	\N	205	\N	https://www.youtube.com/watch?v=0UIS7TDHMQU	\N	\N
741	\N	89	\N	https://www.youtube.com/watch?v=kLh-uczlPLg	\N	\N
212	211	521	\N	https://www.youtube.com/watch?v=eozdVDA78K0	\N	\N
1030	1029	431	\N	https://www.youtube.com/watch?v=APSe8CwxIfE	\N	\N
1375	\N	442	\N	https://www.youtube.com/watch?v=DOwKwxjGvbM	\N	\N
940	\N	376	\N	https://www.youtube.com/watch?v=I-eY06IDLmM	\N	\N
1378	\N	639	\N	https://www.youtube.com/watch?v=lklYw2IJWig	\N	\N
1382	\N	643	\N	https://www.youtube.com/watch?v=Adp4EV4OaDM	\N	\N
1383	\N	643	\N	https://www.youtube.com/watch?v=Adp4EV4OaDM	\N	\N
1054	\N	452	\N	https://www.youtube.com/watch?v=i3sWGOZ0-DQ	\N	\N
703	\N	250	\N	https://www.youtube.com/watch?v=vvZHaPGOIWU	\N	\N
1388	\N	646	\N	https://www.youtube.com/watch?v=rYtV-hNCvFA	\N	\N
1124	\N	504	\N	https://www.youtube.com/watch?v=cIqzwOUilR4	\N	\N
902	\N	172	\N	https://www.youtube.com/watch?v=wkD8rjkodUI	\N	\N
1403	\N	656	\N	https://www.youtube.com/watch?v=bxO4MK8YDWE	\N	\N
749	\N	97	\N	https://www.youtube.com/watch?v=6Qz_t5X6j48	\N	\N
1414	\N	667	\N	https://www.youtube.com/watch?v=JOLHu9rI2vY	\N	\N
751	\N	106	\N	https://www.youtube.com/watch?v=B296mZDhrP4	\N	\N
752	\N	107	\N	https://www.youtube.com/watch?v=pSHjTRCQxIw	\N	\N
1424	\N	677	\N	https://www.youtube.com/watch?v=U2oimBogB4k	\N	\N
1425	\N	678	\N	https://www.youtube.com/watch?v=1o7awuDGzag	\N	\N
1442	\N	690	\N	https://www.youtube.com/watch?v=ly5DZSbXH2s	\N	\N
758	\N	110	\N	https://www.youtube.com/watch?v=krrxMqVQPCU	\N	\N
1464	\N	706	\N	https://www.youtube.com/watch?v=LvW1tOPwTBM	\N	\N
1465	\N	705	\N	https://www.youtube.com/watch?v=Cf1r8jdoOTk	\N	\N
1480	\N	717	\N	https://www.youtube.com/watch?v=sAtZ4yAsQnI	\N	\N
1481	\N	717	\N	https://www.youtube.com/watch?v=naMjFXp1MWI	\N	\N
1482	\N	718	\N	https://www.youtube.com/watch?v=rC56fB6jPQM	\N	\N
1045	\N	442	\N	https://www.youtube.com/watch?v=Mk5dUWaZVGk	\N	\N
768	\N	119	\N	https://www.youtube.com/watch?v=HJpcvnQrPY4	\N	\N
1483	\N	718	\N	https://www.youtube.com/watch?v=yK-s3HEe3A0	\N	\N
770	\N	93	\N	https://www.youtube.com/watch?v=auBLPXO8Fww	\N	\N
1499	\N	726	\N	https://www.youtube.com/watch?v=Yzz7LnCY8Pc	\N	\N
1507	\N	730	\N	https://www.youtube.com/watch?v=V1YjtN8gLJs	\N	\N
1151	\N	516	\N	https://www.youtube.com/watch?v=2Hq3ieGH-_0	\N	\N
1098	\N	486	\N	https://www.youtube.com/watch?v=3YcYZvnAYz4	\N	\N
1524	\N	681	\N	https://www.youtube.com/watch?v=XI_WUHS2ooo	\N	\N
247	\N	89	\N	https://www.youtube.com/watch?v=kbPOFMH-Ivk	\N	\N
779	\N	144	\N	https://www.youtube.com/watch?v=BlCbtK9NFRs	\N	\N
797	\N	152	\N	https://www.youtube.com/watch?v=BBUEzjlwM1o	\N	\N
781	\N	146	\N	https://www.youtube.com/watch?v=R1Y_E10zfYA	\N	\N
784	\N	72	\N	https://www.youtube.com/watch?v=_NNnowkcIqU	\N	\N
786	\N	160	\N	https://www.youtube.com/watch?v=ZNAxdJ6Bt00	\N	\N
787	\N	161	\N	https://www.youtube.com/watch?v=uUEKLhpJd1Q	\N	\N
1455	\N	570	\N	https://www.youtube.com/watch?v=2GQI2mNoN2E	\N	\N
899	\N	339	\N	https://www.youtube.com/watch?v=SEdqd1n0cvg	\N	\N
1435	\N	685	\N	https://www.youtube.com/watch?v=yUiZpr9ngIA	\N	\N
791	\N	170	\N	https://www.youtube.com/watch?v=ZE6loKl2tww	\N	\N
796	\N	150	\N	https://www.youtube.com/watch?v=RWk6Sz4St4E	\N	\N
798	\N	184	\N	https://www.youtube.com/watch?v=OgkpItr9DOY	\N	\N
799	\N	156	\N	https://www.youtube.com/watch?v=E4iuGtYV_KU	\N	\N
800	\N	126	\N	https://www.youtube.com/watch?v=Ev7_iSi8hS4	\N	\N
801	\N	127	\N	https://www.youtube.com/watch?v=g7nVDNHc0e0	\N	\N
806	\N	98	\N	https://www.youtube.com/watch?v=-cdph8hv0O0	\N	\N
807	\N	158	\N	https://www.youtube.com/watch?v=8922-DbpYIU	\N	\N
808	\N	154	\N	https://www.youtube.com/watch?v=Ick1_EOA5cQ	\N	\N
564	\N	321	\N	https://www.youtube.com/watch?v=kjlfpqXnyL8	\N	\N
1201	\N	547	\N	https://www.hybridcalisthenics.com/one-hand-pullups	\N	\N
1077	\N	471	\N	https://www.youtube.com/watch?v=gclNWZ_CO0Y	\N	\N
920	\N	359	\N	https://www.youtube.com/watch?v=O8bgSmN_r0Y	\N	\N
1541	889	56	\N	\N	\N	\N
1547	\N	755	\N	https://www.youtube.com/watch?v=gj-QWNeCIng	\N	\N
1548	\N	755	\N	https://www.youtube.com/watch?v=gj-QWNeCIng	\N	\N
1376	\N	637	\N	https://www.youtube.com/watch?v=LTlV-HA6Qt0	\N	\N
1556	\N	760	\N	https://www.youtube.com/watch?v=CPbp3o6jD7s	\N	\N
1560	\N	764	\N	https://www.youtube.com/watch?v=zaongQlYTto	\N	\N
825	\N	265	\N	https://www.youtube.com/watch?v=91s-u0HnRQo	\N	\N
1564	\N	769	\N	https://www.youtube.com/watch?v=UjHTOW9x3WM	\N	\N
833	\N	273	\N	https://www.youtube.com/watch?v=aOpoqD15TLQ	\N	\N
803	\N	116	\N	https://www.youtube.com/watch?v=2C-uNgKwPLE	\N	\N
761	\N	113	\N	https://www.youtube.com/watch?v=gwWv7aPcD88	\N	\N
1055	\N	453	\N	https://www.youtube.com/watch?v=gEvCKTpIh88	\N	\N
1097	\N	486	\N	https://www.youtube.com/watch?v=3YcYZvnAYz4	\N	\N
826	\N	266	\N	https://www.youtube.com/watch?v=ZZkgopVBPMg	\N	\N
1379	\N	640	\N	https://www.youtube.com/watch?v=hrw6dIlLu0Y	\N	\N
802	\N	157	\N	https://www.youtube.com/watch?v=xst2FFsIa74	\N	\N
782	\N	182	\N	\N	\N	\N
827	\N	267	\N	https://www.youtube.com/watch?v=dur4sgCZ70o	\N	\N
1384	\N	644	\N	https://www.youtube.com/watch?v=dB8NDBaQ_Dw	\N	\N
1385	\N	644	\N	https://www.youtube.com/watch?v=dB8NDBaQ_Dw	\N	\N
1389	\N	647	\N	https://www.youtube.com/watch?v=RR5xJ1mXEV4	\N	\N
1404	\N	658	\N	https://www.youtube.com/watch?v=giGl3EpvP68	\N	\N
1405	\N	657	\N	https://www.youtube.com/watch?v=Z64GBfDWtgI	\N	\N
1415	\N	668	\N	https://www.youtube.com/watch?v=Btd_dHxL9EQ	\N	\N
141	\N	314	\N	https://www.youtube.com/watch?v=3UWi44yN-wM	\N	\N
840	\N	276	\N	https://www.youtube.com/watch?v=NOb7EW_q_yg	\N	\N
1029	\N	431	\N	https://www.youtube.com/watch?v=GXH1Rpv5sDw	\N	\N
248	\N	119	\N	https://www.youtube.com/watch?v=Uo-1sdKf9Jw	\N	\N
846	\N	284	\N	https://www.youtube.com/watch?v=W5KVx0ZbB_4	\N	\N
847	\N	285	\N	https://www.youtube.com/watch?v=LGLIyrfTiUc	\N	\N
1247	\N	580	\N	https://www.youtube.com/watch?v=NXr4Fw8q60o	\N	\N
1426	\N	679	\N	https://www.youtube.com/watch?v=j46r9lWAPxE	\N	\N
194	\N	226	You can do this on the floor.	\N	\N	\N
852	\N	289	\N	https://www.youtube.com/watch?v=8vtA2nnxoEI	\N	\N
1427	\N	679	\N	https://www.youtube.com/watch?v=93jCohkGzJQ	\N	\N
854	\N	291	\N	https://www.youtube.com/watch?v=Vf22xvQMCmc	\N	\N
856	\N	293	\N	https://www.youtube.com/watch?v=JDcdhTuycOI	\N	\N
143	\N	177	\N	https://www.youtube.com/watch?v=NBY9-kTuHEk	\N	\N
1487	\N	720	\N	https://www.youtube.com/watch?v=r8vi2RqW5qg	\N	\N
173	\N	205	\N	https://www.youtube.com/watch?v=7MY2agzydDw	\N	\N
860	\N	297	\N	https://www.youtube.com/watch?v=vtuxuqexjmI	\N	\N
1275	\N	595	\N	\N	\N	\N
863	\N	301	\N	https://www.youtube.com/watch?v=z4J188sFD4g	\N	\N
1456	\N	220	\N	https://www.youtube.com/watch?v=mjwkcWDDjPA	\N	\N
867	\N	283	\N	https://www.youtube.com/watch?v=lD9ZDwlHmmE	\N	\N
190	\N	220	\N	https://www.youtube.com/watch?v=e8my9OOCXVo	\N	\N
1466	\N	435	\N	https://www.youtube.com/watch?v=VjswZDuZ89Y	\N	\N
1484	\N	719	\N	https://www.youtube.com/watch?v=o4max7K84vw	\N	\N
1485	\N	719	\N	https://www.youtube.com/watch?v=aXwilZfmDyo	\N	\N
1486	\N	719	\N	https://www.youtube.com/watch?v=KjGvwQl8tis	\N	\N
1488	\N	720	\N	https://www.youtube.com/watch?v=5Fx69TRWARc	\N	\N
1489	\N	720	\N	https://www.youtube.com/watch?v=2YedyLmkDRE	\N	\N
227	\N	245	\N	https://www.youtube.com/watch?v=cvhbznhHxS8	\N	\N
124	\N	131	\N	https://www.youtube.com/watch?v=lJ3QwaXNJfw	\N	\N
1508	\N	731	\N	https://www.youtube.com/watch?v=sRshX8wYOOI	\N	\N
1500	\N	701	\N	https://www.youtube.com/watch?v=IAvAmciUoC4	\N	\N
1516	\N	736	\N	https://www.youtube.com/watch?v=b66GQ4-O8_8	\N	\N
1525	\N	680	\N	https://www.youtube.com/watch?v=a-KqiYR7CZc	\N	\N
1531	\N	195	\N	https://www.youtube.com/watch?v=hlSFgUuy25Y	\N	\N
1535	\N	682	\N	https://www.youtube.com/watch?v=UrzUSf_W3cg	\N	\N
841	\N	277	\N	https://www.youtube.com/watch?v=tNVNSpA_Xkg	\N	\N
211	\N	521	\N	\N	\N	\N
905	\N	343	\N	https://www.youtube.com/watch?v=sPwjvGIbGHQ	\N	\N
855	\N	292	\N	https://www.youtube.com/watch?v=UU7wrD2T1kc	\N	\N
157	\N	196	\N	\N	\N	\N
1443	\N	691	\N	https://www.youtube.com/watch?v=tbh0qyLJRaI	\N	\N
1661	\N	839	\N	\N	\N	\N
1079	\N	472	\N	https://www.youtube.com/watch?v=TVTP8Q1T3K8	\N	\N
156	157	196	\N	https://www.youtube.com/watch?v=rT7DgCr-3pg	\N	\N
202	\N	221	\N	https://www.youtube.com/watch?v=sxeY7kMYhLc	\N	\N
191	\N	221	\N	https://www.youtube.com/watch?v=hikbChhbeLI	\N	\N
123	\N	130	\N	https://www.youtube.com/watch?v=JCXUYuzwNrM	\N	\N
155	\N	127	Can also use a chair or couch which everybody has at home	\N	\N	\N
154	\N	126	Can also use a chair or couch which everybody has at home	\N	\N	\N
188	\N	219	\N	\N	\N	\N
1047	\N	443	\N	https://www.youtube.com/watch?v=wiFNA3sqjCA	\N	\N
1056	\N	454	\N	https://www.youtube.com/watch?v=iHjaVJih6ak	\N	\N
204	\N	229	\N	\N	\N	\N
1144	\N	514	\N	https://www.youtube.com/watch?v=Z1hBVYb3Gi0	\N	\N
1175	\N	531	\N	https://www.youtube.com/watch?v=N1XZj7xs-kI	\N	\N
1181	\N	537	\N	https://www.youtube.com/watch?v=4JuKZA2jT6Y	\N	\N
922	\N	361	\N	https://www.youtube.com/watch?v=S7OsUg7sV5M	\N	\N
220	\N	239	\N	https://www.youtube.com/watch?v=didEQUuieRQ	\N	\N
145	\N	182	\N	https://www.youtube.com/watch?v=aTSjww7jcTY	\N	\N
1223	\N	80	\N	https://www.youtube.com/watch?v=pXS-fSPWpk8	\N	\N
1241	\N	577	\N	https://www.youtube.com/watch?v=Edw8Ur8DNiU	\N	\N
177	\N	80	\N	https://www.youtube.com/watch?v=LY1V6UbRHFM	\N	\N
1189	\N	544	\N	https://www.youtube.com/watch?v=pNismoYr1Fg	\N	\N
1190	\N	544	\N	https://www.youtube.com/watch?v=pNismoYr1Fg	\N	\N
1234	\N	131	\N	https://www.youtube.com/watch?v=obM6SBVa-MU	\N	\N
1139	\N	131	\N	https://www.youtube.com/watch?v=r4MzxtBKyNE	\N	\N
1252	\N	585	\N	https://www.youtube.com/watch?v=oyXoWU8j310	\N	\N
1259	\N	82	\N	https://www.youtube.com/watch?v=oGZpNnBEt6Q	\N	\N
1265	\N	82	\N	https://www.youtube.com/watch?v=Yi_zNoIsNcc	\N	\N
223	\N	240	\N	https://www.youtube.com/watch?v=2yjwXTZQDDI	\N	\N
1160	\N	521	\N	https://www.youtube.com/watch?v=VeiB4nfSpeQ	\N	\N
1358	\N	521	\N	https://www.youtube.com/watch?v=yVcEkvgymt8	\N	\N
1162	\N	522	\N	https://www.youtube.com/watch?v=eCu-wLNpdkk	\N	\N
1373	\N	546	\N	https://www.youtube.com/watch?v=b-ztMQpj8yc	\N	\N
225	\N	113	\N	https://www.youtube.com/watch?v=vtPgvobdWBI	\N	\N
1406	\N	659	\N	https://www.youtube.com/watch?v=t4Zz6-aG8Iw	\N	\N
1361	\N	570	\N	https://www.youtube.com/watch?v=4i53Hkh1rdY	\N	\N
1362	\N	571	\N	https://www.youtube.com/watch?v=74cvWvL_Jv0	\N	\N
1364	\N	166	\N	https://www.youtube.com/watch?v=5bAV_E59xhU	\N	\N
264	\N	307	\N	https://www.youtube.com/watch?v=D7KaRcUTQeE	\N	\N
1102	\N	489	\N	https://www.youtube.com/watch?v=rDqYtzYE-n8	\N	\N
1348	\N	572	\N	https://www.youtube.com/watch?v=QhH783fGtfc	\N	\N
1298	\N	606	\N	https://www.youtube.com/watch?v=Ef7YyS5qoPY	\N	\N
1219	111	195	\N	https://www.youtube.com/watch?v=zZX5AGyg3VQ	\N	\N
242	\N	193	\N	https://www.youtube.com/watch?v=_Iev7PLP6QY	\N	\N
880	\N	334	\N	https://www.youtube.com/watch?v=c3ZGl4pAwZ4	\N	\N
1371	\N	183	\N	https://www.youtube.com/watch?v=m-GMCHG3YlU	\N	\N
612	\N	328	\N	https://www.youtube.com/watch?v=hlth_Of9LEc	\N	\N
1377	\N	638	\N	https://www.youtube.com/watch?v=LCLfv60R9XA	\N	\N
1380	\N	642	\N	https://www.youtube.com/watch?v=3vV1abRARmI	\N	\N
1386	\N	645	\N	https://www.youtube.com/watch?v=LdePxGTLLUQ	\N	\N
1387	\N	645	\N	https://www.youtube.com/watch?v=LdePxGTLLUQ	\N	\N
1416	\N	669	\N	https://www.youtube.com/watch?v=Lv77TE13slE	\N	\N
1428	\N	680	\N	https://www.youtube.com/watch?v=3rtUK_jUv4s	\N	\N
1391	\N	649	\N	https://www.youtube.com/watch?v=yxcJvVvyi1o	\N	\N
1429	\N	681	\N	https://www.youtube.com/watch?v=wjYNzITBDqg	\N	\N
1444	\N	692	\N	https://www.youtube.com/watch?v=r1Aej0sfoKY	\N	\N
1445	\N	693	\N	https://www.youtube.com/watch?v=DrcFCCtHsvE	\N	\N
1457	\N	220	\N	https://www.youtube.com/watch?v=IB3rU0RIpAE	\N	\N
1094	\N	484	We're just using good mornings as an unweighted warmup	https://www.youtube.com/watch?v=jFyAjdK5SbE	\N	\N
1467	\N	436	\N	https://www.youtube.com/watch?v=jdLV7JuTCOY	\N	\N
1490	\N	721	\N	https://www.youtube.com/watch?v=tVEt10lp7HI	\N	\N
1501	\N	399	\N	https://www.youtube.com/watch?v=8h0tSMxLNG4	\N	\N
967	\N	399	Disabled Malleable Ball	https://www.youtube.com/watch?v=8h0tSMxLNG4	\N	\N
1509	\N	732	\N	https://www.youtube.com/watch?v=YOeLWvnN6KI	\N	\N
1154	\N	518	\N	https://www.youtube.com/watch?v=8kr91qSn3OM	\N	\N
990	\N	522	\N	https://www.youtube.com/watch?v=3OYSIWaJJk4	\N	\N
228	227	245	\N	https://www.youtube.com/watch?v=pR6yH5p913I	\N	\N
1517	\N	733	\N	https://www.youtube.com/watch?v=CNMgU5e95hQ	\N	\N
1526	\N	743	\N	https://www.youtube.com/watch?v=whSXi-EXbqI	\N	\N
1532	\N	747	\N	https://www.youtube.com/watch?v=B-xS8BjJJe0	\N	\N
1366	\N	603	\N	https://www.youtube.com/watch?v=cJRVVxmytaM	\N	\N
1536	\N	682	\N	https://www.youtube.com/watch?v=jt7_lWitVUo	\N	\N
1549	\N	756	\N	https://www.youtube.com/watch?v=hUFE3sZytGo	\N	\N
1553	\N	35	\N	https://www.hybridcalisthenics.com/advanced-horizontal-pullups	\N	\N
1557	\N	761	\N	https://www.youtube.com/watch?v=NfVX3yUKORA	\N	\N
1279	1801	597	\N	https://www.youtube.com/watch?v=FK4rHfWKEac	\N	\N
1561	\N	766	\N	https://www.youtube.com/watch?v=Z3xK3trnpfw	\N	\N
1565	\N	770	\N	https://www.youtube.com/watch?v=ja2eab4sWlM	\N	\N
1568	\N	773	\N	https://www.youtube.com/watch?v=VrenTA2IFjI	\N	\N
1571	\N	129	\N	https://www.youtube.com/watch?v=1u5ZDhtYC8s	\N	\N
1572	\N	129	\N	https://www.youtube.com/watch?v=GNY0RKIvkH0	\N	\N
1576	\N	778	\N	https://www.youtube.com/watch?v=rI_AyQsLUNs	\N	\N
1577	\N	779	\N	https://www.youtube.com/watch?v=csErxVR7dpA	\N	\N
1579	\N	780	\N	https://www.youtube.com/watch?v=rMEPHwNhQfo	\N	\N
1581	\N	781	\N	https://www.youtube.com/watch?v=1jflO_tZg_M	\N	\N
1582	\N	782	\N	https://www.youtube.com/watch?v=UxofWGGhWTI	\N	\N
1583	\N	783	\N	https://www.youtube.com/watch?v=ZW8KJdEYpbs	\N	\N
1584	\N	784	\N	https://www.youtube.com/watch?v=CWS240CGV00	\N	\N
1585	\N	785	\N	https://www.youtube.com/watch?v=kbdjnPwCCD0	\N	\N
1001	\N	249	Just keeping this as a Reverse Lunge	https://www.youtube.com/watch?v=gWzF68nOEaw	\N	\N
1587	\N	786	\N	https://www.youtube.com/watch?v=IUJnZTs1rKw	\N	\N
1588	\N	788	\N	https://www.youtube.com/watch?v=PbCgRWzQPc8	\N	\N
1103	\N	489	This is a Wrist Curl	https://www.youtube.com/watch?v=1br9pHPutEw	\N	\N
1374	\N	636	\N	https://www.youtube.com/watch?v=1MgFup8A_0c	\N	\N
1589	\N	789	\N	https://www.youtube.com/watch?v=QY4gCIYbGQk	\N	\N
1590	\N	790	\N	https://www.youtube.com/watch?v=lYj6WB3Hyes	\N	\N
1637	\N	817	\N	https://www.youtube.com/watch?v=kIdXpbiuv4E	\N	\N
221	\N	240	\N	https://www.youtube.com/watch?v=OOe_HrNnQWw	\N	\N
1594	\N	788	\N	https://www.youtube.com/watch?v=54q250IUEAc	\N	\N
1218	\N	560	\N	https://www.youtube.com/watch?v=amCU-ziHITM	\N	\N
1513	\N	560	Combining this with Dumbells, you want to use two kettlebells to keep the hands shoulder-width apart. I can't find a video using kettlebells though.	https://www.youtube.com/watch?v=_VMfDJmuw40	\N	\N
1595	\N	793	\N	https://www.youtube.com/watch?v=9i0J_I4ASow	\N	\N
1597	\N	756	\N	https://www.youtube.com/watch?v=WNKiVHo6sUU	\N	\N
1126	\N	498	\N	https://www.youtube.com/watch?v=VOGCA67oOEQ	\N	\N
1591	\N	498	\N	https://www.youtube.com/watch?v=W3g6tg_EH-o	\N	\N
1599	\N	538	\N	https://www.youtube.com/watch?v=qsDiUSMk3vw	\N	\N
1600	\N	793	\N	https://www.youtube.com/watch?v=9i0J_I4ASow	\N	\N
1638	\N	818	\N	https://www.youtube.com/watch?v=kkt_f-NvlNE	\N	\N
1602	\N	600	\N	\N	\N	\N
1639	\N	819	\N	https://www.youtube.com/watch?v=pgAd7fVWjCQ	\N	\N
1605	\N	595	\N	https://www.youtube.com/watch?v=9XVf_yGLXNk	\N	\N
1607	\N	794	\N	https://www.youtube.com/watch?v=zKZOVD30vKo	\N	\N
1608	\N	795	\N	https://www.youtube.com/watch?v=hxC3chvqnv0	\N	\N
1609	\N	424	\N	https://www.youtube.com/watch?v=i1FPheYZpPs	\N	\N
1610	\N	430	\N	https://www.youtube.com/watch?v=BEzBhpXDkLE	\N	\N
1640	\N	820	\N	https://www.youtube.com/watch?v=UqnCCmzMpdE	\N	\N
1612	\N	798	\N	https://www.youtube.com/watch?v=zw5Y3Em5_0Q	\N	\N
1615	\N	799	\N	https://www.youtube.com/watch?v=X5iIUqd_U7k	\N	\N
1611	\N	799	\N	https://www.youtube.com/watch?v=X5iIUqd_U7k	\N	\N
1613	\N	797	\N	https://www.youtube.com/watch?v=OjLc1b4-kZo	\N	\N
1617	\N	800	\N	https://www.youtube.com/shorts/YlGxadOe0ek	\N	\N
1641	\N	821	\N	https://www.youtube.com/watch?v=CcvAr4JYo0U	\N	\N
1618	\N	801	\N	https://www.youtube.com/watch?v=eFcjeQ9tuEQ	\N	\N
1619	\N	802	\N	https://www.youtube.com/watch?v=SW_C1A-rejs&t=74s	\N	\N
1620	\N	803	\N	https://www.youtube.com/watch?v=SJ1Xuz9D-ZQ	\N	\N
1622	\N	805	\N	https://www.youtube.com/watch?v=FlWTMfgB0Hk	\N	\N
1624	\N	807	\N	https://www.youtube.com/watch?v=londo9WE0yU	\N	\N
1625	\N	808	\N	https://www.youtube.com/watch?v=BEzBhpXDkLE	\N	\N
1621	\N	804	\N	https://www.youtube.com/watch?v=7iXpLxKs1sY	\N	\N
1627	\N	575	\N	https://www.youtube.com/watch?v=a2k082aPBSQ	\N	\N
1628	\N	810	\N	https://www.youtube.com/watch?v=4BNnqZ2gd9k	\N	\N
1629	\N	811	\N	https://www.youtube.com/watch?v=DExb7UaAlbg	\N	\N
1630	\N	812	\N	https://www.youtube.com/watch?v=SmExpR-ilaA	\N	\N
1631	\N	813	\N	https://www.youtube.com/watch?v=SgolPMO0HdE	\N	\N
1633	1632	814	\N	https://www.youtube.com/watch?v=5rR_bzBc1NA	\N	\N
1632	\N	814	\N	\N	\N	\N
1634	\N	815	\N	\N	\N	\N
1635	1634	815	\N	https://www.youtube.com/watch?v=MajmFI5KpUM	\N	\N
1636	\N	816	\N	https://www.youtube.com/watch?v=F9ur8BkHtks	\N	\N
1642	\N	822	\N	https://www.youtube.com/watch?v=UsO66ZUvzb0	\N	\N
1643	\N	823	\N	https://www.youtube.com/watch?v=c_4Y0I8vgzY	\N	\N
1644	\N	824	\N	https://www.youtube.com/watch?v=39MhCZuYdk4	\N	\N
1645	\N	825	\N	https://www.youtube.com/watch?v=RlKS_n8thAk	\N	\N
1646	\N	826	\N	https://www.youtube.com/watch?v=VUiFlZ2FsKA	\N	\N
1606	\N	317	\N	https://www.youtube.com/watch?v=1_r-jPvEVoc	\N	\N
1647	\N	827	\N	https://www.youtube.com/watch?v=IV9w7gwhxN8	\N	\N
1648	\N	828	\N	https://www.youtube.com/watch?v=ASNK54226ts	\N	\N
1649	\N	571	\N	https://www.youtube.com/watch?v=55o-CHIn3kI	\N	\N
1651	\N	830	\N	https://www.youtube.com/shorts/1mmmPWBShSA	\N	\N
1652	\N	831	\N	https://www.youtube.com/shorts/1mmmPWBShSA	\N	\N
1655	\N	834	\N	https://www.youtube.com/watch?v=EL4WX_ulKrc	\N	\N
1653	\N	832	\N	https://www.youtube.com/watch?v=96SKsv89_bk	\N	\N
1650	\N	829	\N	https://www.youtube.com/watch?v=6RJBDHNS7RI	\N	\N
1654	\N	833	\N	https://www.youtube.com/watch?v=pVmOOluGAv8	\N	\N
1730	1729	894	\N	https://www.youtube.com/watch?v=Mooao_wZHv4	\N	\N
1729	\N	894	\N	\N	\N	\N
1604	\N	600	Better with equipment. If the user cannot do this without equipment they should be in physical therapy.	https://www.youtube.com/watch?v=MYBrjpGMb-w	\N	\N
1657	\N	836	\N	https://www.youtube.com/watch?v=Xw7IDn8k-pA	\N	\N
1658	\N	838	\N	https://www.youtube.com/watch?v=lpAFBp4GIVI	\N	\N
1659	\N	837	\N	https://www.youtube.com/watch?v=gGctlSdI8tw	\N	\N
1660	1661	839	\N	https://www.youtube.com/watch?v=63Y149oKYrA	\N	\N
1662	\N	840	\N	https://www.youtube.com/watch?v=cZ3UBTEBd9A	\N	\N
1663	\N	841	\N	\N	\N	\N
1664	1663	841	\N	https://www.youtube.com/watch?v=qUzqwzTWLoc	\N	\N
1665	\N	842	\N	https://www.youtube.com/watch?v=84xXsLH21Cw	\N	\N
1666	\N	679	\N	https://www.youtube.com/watch?v=1bRd85urBqc	\N	\N
1592	\N	792	\N	https://www.youtube.com/watch?v=vWsyqTHoBQY	\N	\N
1667	\N	513	\N	https://www.youtube.com/watch?v=4QoBQlZswBg	\N	\N
1668	\N	513	\N	https://www.youtube.com/watch?v=5_87DdGDw7g	\N	\N
1669	\N	679	\N	https://www.youtube.com/watch?v=ve2QtmRD5U4	\N	\N
1670	\N	130	\N	https://www.youtube.com/watch?v=TYzHvpqEs6s	\N	\N
1593	\N	791	\N	https://www.youtube.com/watch?v=xK2hMDPYiNw	\N	\N
1671	\N	843	\N	https://www.hybridcalisthenics.com/narrow-pullups	\N	\N
1672	\N	844	\N	https://www.hybridcalisthenics.com/narrow-pullups	\N	\N
1673	\N	845	\N	https://www.youtube.com/watch?v=5CAF3huUKG8	\N	\N
1763	\N	920	\N	https://www.youtube.com/watch?v=ABhxC6JPqKA	\N	\N
1764	\N	669	\N	https://www.youtube.com/watch?v=mp61xNRZcrk	\N	\N
1765	899	339	\N	https://www.youtube.com/watch?v=29OfN4ztW_g	\N	\N
903	904	343	\N	https://www.youtube.com/watch?v=nEppV-EZzvA	\N	\N
1074	\N	470	Weighted exercises such as the lateral raise should not have an unweighted instruction. \n        The unweighted instruction is too easy for people who are strength training and don't have any of the exercise's equipment. \n        If the user is too injured to be able to do the recovery exercise with weights, then they should be in physical therapy.	https://www.youtube.com/watch?v=v5bPOsQbq7g	\N	\N
1674	\N	581	\N	https://www.youtube.com/watch?v=gjGovy6NUqA	\N	\N
1675	\N	847	\N	https://www.youtube.com/watch?v=EpvfySmuEGs	\N	\N
1676	\N	625	\N	https://www.youtube.com/watch?v=YGqr6rLaBdM	\N	\N
1677	\N	848	\N	https://www.youtube.com/watch?v=4kaFiGewP08	\N	\N
1678	\N	849	\N	https://www.youtube.com/watch?v=Td06VNk15yI	\N	\N
1679	\N	850	\N	https://www.youtube.com/watch?v=LM8tAla03us	\N	\N
1680	\N	851	\N	https://www.youtube.com/watch?v=_PeTt3o1P6Q	\N	\N
1681	\N	852	\N	https://www.youtube.com/watch?v=sXz0OCjO3p4	\N	\N
1684	\N	855	\N	https://www.youtube.com/watch?v=N0gBlRy5j0k	\N	\N
1685	\N	856	\N	https://www.youtube.com/watch?v=tUdN0g2wugM	\N	\N
1686	\N	857	\N	https://www.youtube.com/watch?v=G8zNa2lR0KM	\N	\N
1687	\N	858	\N	https://www.youtube.com/watch?v=TXNgRNsqcPo	\N	\N
1689	\N	860	\N	https://www.youtube.com/watch?v=01b17_CpyIU	\N	\N
1690	\N	861	\N	https://www.youtube.com/watch?v=VrRQ2FboE50	\N	\N
1691	\N	862	\N	https://www.youtube.com/watch?v=cqZUJP9KNuc	\N	\N
1692	\N	863	\N	https://www.youtube.com/watch?v=8K0ghCn8O_E	\N	\N
1693	\N	864	\N	https://www.youtube.com/watch?v=wIJzVgTTVew	\N	\N
1694	\N	865	\N	https://www.youtube.com/watch?v=_MzGWgX3DOw	\N	\N
1695	\N	866	\N	https://www.youtube.com/watch?v=_MzGWgX3DOw	\N	\N
1696	\N	867	\N	https://www.youtube.com/watch?v=0Bx_r81zl2k	\N	\N
1697	\N	868	\N	https://www.youtube.com/watch?v=6P263Jp5sXk	\N	\N
1698	\N	869	\N	https://www.youtube.com/watch?v=NfLuZsGOtas	\N	\N
1699	\N	870	\N	https://www.youtube.com/watch?v=ncQ0wd4QGTg	\N	\N
1700	\N	871	\N	https://www.youtube.com/watch?v=INtjr2jjtmU	\N	\N
1701	\N	872	\N	https://www.youtube.com/watch?v=NzvlDwSteZc	\N	\N
1682	\N	853	\N	https://www.youtube.com/watch?v=I3nzkQTLWkE	\N	\N
1702	\N	873	\N	https://www.youtube.com/watch?v=0LamiLdn1V0	\N	\N
1703	\N	874	\N	https://www.youtube.com/watch?v=l5nMszaaJ28	\N	\N
1683	\N	854	\N	https://www.youtube.com/watch?v=PGAntbDQ6Xg	\N	\N
1225	\N	80	\N	https://www.youtube.com/watch?v=6AOo5BtcqO4	\N	\N
1706	\N	876	\N	https://www.youtube.com/watch?v=uFcyCj2-Cdk	\N	\N
1707	\N	877	\N	https://www.youtube.com/watch?v=BLafvgOeELQ	\N	\N
1709	\N	879	\N	https://www.youtube.com/watch?v=iPlNl2wY3ro	\N	\N
1710	\N	880	\N	https://www.youtube.com/watch?v=HwAkRrqbXo8	\N	\N
1711	\N	881	\N	https://www.youtube.com/watch?v=Gf4zDlIXxBg	\N	\N
1712	\N	882	\N	https://www.youtube.com/watch?v=DKW4P6RkJps	\N	\N
1713	\N	883	\N	https://www.youtube.com/watch?v=QRIKGOUJILs	\N	\N
1714	\N	884	\N	https://www.youtube.com/watch?v=NYhH8Gr35cI	\N	\N
1715	\N	885	\N	https://www.youtube.com/watch?v=rlAjIXb-8BM	\N	\N
1716	\N	886	\N	https://www.youtube.com/watch?v=6dUCEwQLixU	\N	\N
1717	\N	887	\N	https://www.youtube.com/watch?v=2L6OLqqw3SI	\N	\N
1718	\N	473	\N	https://www.youtube.com/watch?v=Fadu_1dGVbE	\N	\N
1719	\N	889	\N	https://www.youtube.com/watch?v=ak-LQboTk24	\N	\N
1720	\N	888	\N	https://www.youtube.com/watch?v=9bdOZ-1usoM	\N	\N
1721	\N	891	\N	https://www.youtube.com/watch?v=3d2S7a3D9YY	\N	\N
1722	\N	311	Moved to Ankle Planter Flexion	https://www.youtube.com/watch?v=9bdOZ-1usoM	\N	\N
1723	\N	259	\N	https://www.youtube.com/watch?v=xHu_b5PgHKM	\N	\N
1724	\N	605	\N	https://www.youtube.com/watch?v=b65s5BtdOEc	\N	\N
1705	1704	875	\N	https://www.youtube.com/watch?v=xJiyXM5EW8c	\N	\N
1316	\N	616	This instruction isn't exactly a copenhagen plank.	https://www.youtube.com/watch?v=UIKCQ8rpwg8	\N	\N
1725	\N	892	\N	https://www.youtube.com/watch?v=_VXhLwE_FJI	\N	\N
1726	\N	597	\N	https://www.youtube.com/watch?v=I3b8FyV9vZQ	\N	\N
1704	\N	875	Found a video explaining how to do this at home.	\N	\N	\N
1727	\N	875	\N	https://www.youtube.com/watch?v=6z7Fl98jGAQ	\N	\N
1728	\N	444	\N	https://www.youtube.com/watch?v=xJiyXM5EW8c	\N	\N
1336	\N	444	Found a video that explains how to do this at home.	https://www.youtube.com/watch?v=ygdv2gZiT6Y	\N	\N
848	\N	286	\N	https://www.youtube.com/watch?v=sTHqKEj6YwE	\N	\N
1731	\N	893	\N	https://www.youtube.com/watch?v=cIoUZOnypS8	\N	\N
1733	\N	895	\N	https://www.youtube.com/watch?v=3d9_W--eUcI	\N	\N
1732	1733	895	\N	https://www.youtube.com/watch?v=3d9_W--eUcI	\N	\N
1734	\N	895	\N	https://www.youtube.com/watch?v=Uk7bQVw4ggY	\N	\N
1340	\N	625	\N	https://www.youtube.com/watch?v=81riMKjNBuA	\N	\N
1735	\N	625	\N	https://www.youtube.com/watch?v=TL3oQn7YsJg	\N	\N
133	\N	138	\N	https://www.youtube.com/watch?v=Buz6gaVzVZs	\N	\N
1736	\N	896	\N	https://www.youtube.com/watch?v=-yf6BI9d4Us	\N	\N
1737	\N	897	\N	https://www.youtube.com/watch?v=9svtEV4vkp0	\N	\N
1738	\N	113	\N	https://www.youtube.com/watch?v=rzgR6DKkc2w	\N	\N
1739	\N	898	\N	https://www.youtube.com/watch?v=1MgFup8A_0c	\N	\N
1741	\N	898	\N	\N	\N	\N
1742	\N	899	\N	https://www.youtube.com/watch?v=LFv4Gp_QDAg	\N	\N
1743	\N	900	\N	https://www.youtube.com/watch?v=F9I16nVwo4o	\N	\N
1744	\N	901	\N	https://www.youtube.com/watch?v=4qMoh3-3EpY	\N	\N
1545	\N	754	\N	https://www.youtube.com/watch?v=oQxyhAu7Q5M	\N	\N
1745	\N	902	\N	https://www.youtube.com/watch?v=w8_8VCwTFV4	\N	\N
1747	\N	904	\N	https://www.youtube.com/watch?v=dVDMUuWtX00	\N	\N
1748	\N	905	\N	https://www.youtube.com/watch?v=7C8uoq98x2A	\N	\N
1749	\N	906	\N	https://www.youtube.com/watch?v=YMLytmxNcZs	\N	\N
1750	\N	907	\N	https://www.youtube.com/watch?v=4_OFxSHtzUo	\N	\N
1751	\N	908	\N	https://www.youtube.com/watch?v=yc7Nn-iu3C8	\N	\N
1752	\N	909	\N	https://www.youtube.com/watch?v=K8ESIJoqSUA	\N	\N
1753	\N	910	\N	https://www.youtube.com/watch?v=9ffu6kLp5Eo	\N	\N
1754	\N	911	\N	https://www.youtube.com/watch?v=QbSDSItNGl0	\N	\N
1755	\N	912	\N	https://www.youtube.com/watch?v=dkFissmuCrk	\N	\N
1756	\N	913	\N	https://www.youtube.com/watch?v=b0_lsnoDjpc	\N	\N
1757	\N	914	\N	https://www.youtube.com/watch?v=O35ZHhzAd_w	\N	\N
1758	\N	915	\N	https://www.youtube.com/watch?v=18NLhrMjvmQ	\N	\N
1746	\N	903	\N	https://www.youtube.com/watch?v=rS7tZQTFEV0	\N	\N
1759	\N	916	\N	https://www.youtube.com/watch?v=y5x_berzthc	\N	\N
1760	\N	917	\N	https://www.youtube.com/watch?v=WezwL19AQcU	\N	\N
1761	\N	918	\N	https://www.youtube.com/watch?v=BcJ1H7Sm-gU	\N	\N
1762	\N	919	\N	https://www.youtube.com/watch?v=FDooBV2Q-VM	\N	\N
1766	904	343	\N	https://www.youtube.com/watch?v=L4nTaesNm0E	\N	\N
904	\N	343	\N	https://www.youtube.com/watch?v=3KKVWOATE-Q	\N	\N
645	\N	18	\N	https://www.hybridcalisthenics.com/hanging-knee-raises	\N	\N
1230	\N	565	\N	https://www.hybridcalisthenics.com/hanging-leg-raises	\N	\N
1365	1230	565	\N	https://www.youtube.com/watch?v=H0rlb8_G4F4	\N	\N
1767	\N	921	\N	https://www.youtube.com/watch?v=stUQ7ekPJMM	\N	\N
1768	\N	922	\N	https://www.youtube.com/watch?v=8xnS3iQXIK8	\N	\N
1769	\N	922	\N	https://www.youtube.com/watch?v=8xnS3iQXIK8	\N	\N
1801	\N	597	\N	\N	\N	\N
1534	1801	597	\N	https://www.youtube.com/watch?v=E4NQ5DfqwbU	\N	\N
1802	\N	597	\N	https://www.youtube.com/watch?v=ieFKuQAGYIA	\N	\N
1688	\N	859	\N	https://www.youtube.com/watch?v=rAbabfidKiw	\N	\N
1803	\N	955	\N	https://www.youtube.com/watch?v=usfu415_0AI	\N	\N
1804	\N	804	\N	https://www.youtube.com/watch?v=wDJKAczVXP0	\N	\N
1805	\N	956	\N	https://www.youtube.com/watch?v=-ruAdV34H54	\N	\N
1806	\N	622	\N	https://www.youtube.com/watch?v=eznMrkPZO8E	\N	\N
1324	\N	622	\N	https://www.youtube.com/watch?v=uX5W2kynMIo	\N	\N
1	\N	957	\N	https://www.youtube.com/watch?v=GtTEoLTz1JI	\N	\N
1807	\N	958	\N	https://www.youtube.com/watch?v=u3Ocw5UIpYs	\N	\N
1808	\N	959	\N	https://www.youtube.com/watch?v=q-gSFsrphPg	\N	\N
1614	\N	796	You can do these on stairs or with a soccer ball or something.	https://www.youtube.com/watch?v=TvppoqEGlD8	\N	\N
1809	\N	960	\N	https://www.youtube.com/watch?v=j3Igk5nyZE4	\N	\N
1596	\N	776	\N	https://www.youtube.com/watch?v=OJQQVp73lnQ	3-Point Row	\N
1820	\N	968	\N	https://www.youtube.com/watch?v=5u4PiC7I5Yg	\N	\N
1821	\N	969	\N	https://www.youtube.com/watch?v=kvzwU0KSF3w	\N	\N
\.


--
-- Data for Name: instruction_equipment; Type: TABLE DATA; Schema: public; Owner: -
--

COPY public.instruction_equipment ("EquipmentId", "InstructionsId") FROM stdin;
2	1393
5	1394
1	1394
5	1402
18	1418
9	100
8	100
9	101
8	101
9	103
8	103
9	104
8	104
2	1426
9	106
8	106
9	108
5	1435
6	1437
6	1438
20	111
6	1433
1	1402
9	114
8	114
2	115
7	1449
2	1456
1	1459
9	1463
8	1463
11	121
18	121
20	121
19	121
6	1467
1	1281
2	123
1	124
9	1494
11	126
18	126
20	126
19	126
5	1502
1	1502
9	1332
5	128
2	1504
5	129
5	1512
1	1512
5	1513
5	1518
1	1518
5	1519
1	1519
6	1531
31	1534
5	133
7	1535
1	128
14	171
5	1548
1	1548
9	1553
8	1553
6	1554
20	1574
17	1578
1	1578
2	1580
2	141
5	1591
18	143
5	1372
2	145
1	146
1	147
1	1103
3	1606
17	1606
1	152
3	1614
6	1627
9	1634
8	1634
21	154
18	154
20	154
7	154
11	154
21	155
18	155
20	155
7	155
11	155
2	156
20	157
6	1635
6	1657
17	1661
6	1666
4	1114
1	163
4	1112
1	171
3	173
1	174
2	177
20	188
1	189
17	190
17	191
1	192
1	193
20	194
1	201
2	202
1	203
20	204
20	211
1	212
2	220
1	221
2	223
2	225
1	226
21	227
2	228
5	230
1	230
5	232
1	232
5	233
1	233
17	234
5	234
2	235
2	237
2	238
2	240
9	242
9	243
9	244
6	245
6	246
9	247
9	248
9	249
3	250
2	251
1	253
5	254
17	254
3	254
6	1395
1	256
1	1400
26	1411
6	1419
13	258
16	259
15	259
9	260
8	260
2	261
5	1427
3	262
1	264
5	264
15	264
1	265
5	265
1	1427
1	267
5	267
7	1432
2	269
1	270
5	1439
5	1444
23	272
24	272
1	1444
5	274
1	274
5	1445
1	1445
2	1454
2	276
1	1457
2	277
1	277
5	1140
6	1465
26	1469
22	1469
26	1471
22	1471
5	1480
1	1481
1	1482
21	282
20	282
18	282
11	282
7	282
5	1483
1	1484
5	1485
2	1486
2	1487
5	1488
1	1489
9	1496
17	280
2	280
1	280
3	793
17	793
8	1496
9	1495
8	1495
26	1327
5	124
17	1439
1	1439
2	1505
1	1435
3	1435
4	1435
17	1435
5	884
17	884
3	884
1	884
1	888
10	889
9	889
9	1514
5	1528
1	1528
6	1526
2	1534
6	1536
16	1541
15	1541
20	893
18	893
11	893
9	893
7	899
20	899
33	1543
12	1397
1	1571
2	1572
5	1575
2	900
7	904
20	904
2	903
1	934
5	934
1	1575
5	1398
18	1587
5	1596
1	1596
1	955
20	963
11	963
25	967
22	1599
15	976
21	977
17	977
19	977
15	978
17	979
21	979
19	979
22	1600
6	1602
21	1614
7	1618
9	1632
8	1632
5	1649
1	1649
1	986
2	987
1	989
6	1658
8	1663
6	990
5	999
2	998
1	999
21	1001
19	1001
17	1001
2	1002
1	1003
5	1003
2	1667
9	1671
8	1671
6	1674
29	1021
28	1021
29	1020
28	1020
29	1019
28	1019
30	1019
30	1021
30	1026
29	1026
28	1026
1	1030
21	1029
22	1042
31	1043
2	1044
1	1045
7	1064
6	1071
6	1075
6	1077
6	1079
26	1081
22	1087
6	1094
2	1096
22	1098
6	1103
3	1106
4	1106
3	1108
4	1108
4	1110
3	1110
3	1112
3	1114
18	1115
21	1117
17	1126
1	1128
17	1128
18	1130
1	1136
5	1138
2	1139
1	1140
1	1143
3	1146
22	1148
22	1151
22	1154
27	1160
27	1162
9	1160
9	1162
1	1164
20	1163
12	1166
1	1167
26	1187
26	1190
22	1190
1	1398
9	1197
9	1199
8	1199
9	1201
8	1201
9	1203
8	1203
9	1211
8	1211
8	1197
9	1195
8	1195
5	1396
6	1214
6	1215
6	1216
2	1218
1	1219
6	1220
6	1222
1	1221
6	1223
9	1225
6	1226
1	1396
6	1231
6	1233
6	1234
6	1236
17	1238
1	1238
17	1239
1	1239
6	1244
6	1246
1	1248
1	1256
18	1417
9	1259
9	1262
1	1261
6	1264
6	1265
26	1420
2	1268
1	1272
6	1275
1	1279
2	1281
1	1286
5	1428
6	1290
9	1291
9	1293
2	1294
6	1295
6	1298
8	1300
9	1300
2	1301
1	1304
9	1306
8	1306
6	1311
1	1428
2	1314
1	1316
6	1321
6	1324
9	1325
6	1327
6	1329
8	1332
9	1334
32	1336
32	1337
5	226
20	1340
6	1342
6	1344
6	1346
6	1348
1	1349
10	1334
6	1350
1	1352
5	1356
1	1356
2	1357
6	1358
6	1364
6	1365
26	1154
26	1148
26	1151
1	1366
1	1368
20	880
18	880
9	880
5	1143
5	1136
1	1372
8	1243
5	1030
15	1373
16	1373
5	1382
1	1382
5	1384
1	1384
5	1386
1	1386
5	1429
1	1429
7	1440
3	1440
5	1446
1	1446
5	1447
1	1447
5	1448
1	1448
1	1455
25	1458
10	1460
9	1460
6	1466
6	1478
5	1477
1	1477
2	1493
5	1492
1	1492
5	1497
1	1497
6	1498
6	1503
3	1439
4	1439
8	1508
9	1508
22	1311
5	1517
1	1517
5	1455
5	1366
5	1537
1	1537
17	1537
4	1537
3	1537
16	1542
15	1542
21	1545
5	1546
1	1546
27	108
1	1573
7	1588
5	1597
1	1597
1	1605
6	1615
9	1618
6	1633
6	1659
6	1660
6	1664
6	1668
9	1672
8	1672
5	1675
7	1676
6	1705
32	1704
27	1225
6	1719
6	1720
6	1722
1	1723
1	1724
4	1614
6	1726
20	1729
12	1729
17	1730
1	1730
17	1731
1	1731
20	1733
12	1733
26	1732
7	1734
12	1735
4	1606
6	1736
4	1146
20	227
6	1738
1	129
5	270
2	1741
5	1740
1	1740
6	1743
1	1744
20	1545
1	1416
2	1764
1	1765
1	1766
9	645
8	645
9	1230
8	1230
9	648
8	648
6	1769
20	1801
5	1802
1	1802
5	1279
26	1804
1	1806
27	1553
2	1809
1	1810
1	1811
1	1812
8	108
1	1828
\.


--
-- Data for Name: instruction_location; Type: TABLE DATA; Schema: public; Owner: -
--

COPY public.instruction_location ("Location", "InstructionId", "Link") FROM stdin;
1	128	https://www.youtube.com/watch?v=BQFAYMlhQms
2	128	https://www.youtube.com/watch?v=9QAnqXGsyyo
3	987	https://www.youtube.com/watch?v=dE00f1zYnis
2	987	https://www.youtube.com/watch?v=3YduT91V898
1	232	https://www.youtube.com/watch?v=CeKu0fh1kk8
2	232	https://www.youtube.com/watch?v=Mog2evZymVE
3	238	https://www.youtube.com/watch?v=r1jukGZPnZI
2	238	https://www.youtube.com/watch?v=t2aTPR9gjkg
3	998	https://www.youtube.com/watch?v=BhTQjfTXSW0
2	998	https://www.youtube.com/watch?v=MnloAvfiN80
3	237	https://www.youtube.com/watch?v=n8q1hQMw4xE&t=92s
2	237	https://www.youtube.com/watch?v=Vlgh0ImT5oU
1	233	https://www.youtube.com/watch?v=jfQCcFm7SyA
2	233	https://www.youtube.com/watch?v=2d0r0PqpXtY
1	999	https://www.youtube.com/watch?v=S8UKm6oHGis
2	999	https://www.youtube.com/watch?v=VIMbpSJ-cQY
1	1497	https://www.youtube.com/watch?v=1v9rrOULVT8
4	269	https://www.youtube.com/watch?v=pn8mqlG0nkE
3	269	https://www.youtube.com/watch?v=ultWZbUMPL8
2	269	https://www.youtube.com/watch?v=uYumuL_G_V0
1	1492	https://www.youtube.com/watch?v=cVYnf2CFO9M
2	1492	https://www.youtube.com/watch?v=a9NpF5eVjgY
3	1493	https://www.youtube.com/watch?v=msvF1e9w2aQ
3	1580	https://www.youtube.com/watch?v=rMEPHwNhQfo
2	1578	https://www.youtube.com/watch?v=Pk17wYyx0h8
1	270	https://www.youtube.com/watch?v=kYsve71SYQ0
2	270	https://www.youtube.com/watch?v=MJao9o7ROs0
7	1602	https://www.youtube.com/watch?v=Y5mx9js7BlA
7	1281	https://www.youtube.com/watch?v=qMtmHwaCmYI
8	1281	https://www.youtube.com/watch?v=FW7URAaC-vE
8	1602	https://www.youtube.com/watch?v=V_hB6gVx154
10	1275	https://www.youtube.com/watch?v=5udUcINEMS4
9	1275	https://www.youtube.com/watch?v=w8AgmGRfcEA
5	129	https://www.youtube.com/watch?v=6DMXBtF_Spg
1	129	https://www.youtube.com/watch?v=HLDhxSqMQyE
2	129	https://www.youtube.com/watch?v=MqmaVyaAFRI
5	270	https://www.youtube.com/watch?v=MeIiIdhvXT4
5	1492	https://www.youtube.com/watch?v=vVAOT8MdmPs
3	1741	https://www.youtube.com/watch?v=msvF1e9w2aQ
1	1740	https://www.youtube.com/watch?v=cVYnf2CFO9M
2	1740	https://www.youtube.com/watch?v=a9NpF5eVjgY
5	1740	https://www.youtube.com/watch?v=vVAOT8MdmPs
5	232	https://www.youtube.com/watch?v=bf03qSMQfWc
\.


--
-- Data for Name: intensity; Type: TABLE DATA; Schema: public; Owner: -
--

COPY public.intensity ("Id", "VariationId", "DisabledReason", "IntensityLevel", "Proficiency_MaxReps", "Proficiency_MaxSecs", "Proficiency_MinReps", "Proficiency_MinSecs", "Proficiency_Sets") FROM stdin;
2078	502	\N	3	20	\N	15	\N	1
2088	504	\N	3	20	\N	15	\N	1
103	52	\N	0	15	\N	12	\N	1
2622	651	\N	0	15	\N	12	\N	2
4130	472	\N	2	15	\N	12	\N	3
2623	651	\N	1	12	\N	8	\N	3
2624	651	\N	2	8	\N	6	\N	4
3516	811	\N	0	15	\N	12	\N	2
104	51	\N	0	15	\N	12	\N	1
4131	472	\N	1	12	\N	8	\N	3
4132	472	\N	0	8	\N	6	\N	3
4133	472	\N	3	20	\N	15	\N	3
3517	811	\N	1	12	\N	8	\N	3
127	220	\N	0	15	\N	12	\N	2
125	209	\N	0	15	\N	12	\N	2
94	45	\N	0	15	\N	12	\N	2
120	170	\N	0	15	\N	12	\N	2
4199	868	\N	4	\N	30	\N	30	\N
15	306	\N	0	15	\N	12	\N	2
2766	682	\N	2	8	\N	6	\N	4
2767	682	\N	1	12	\N	8	\N	3
4323	894	\N	0	15	\N	12	\N	2
2768	682	\N	0	15	\N	12	\N	2
4324	894	\N	1	12	\N	8	\N	3
4325	894	\N	2	8	\N	6	\N	4
4326	894	\N	3	20	\N	15	\N	1
4137	471	\N	0	15	\N	12	\N	2
4135	471	\N	2	8	\N	6	\N	4
23	240	\N	0	15	\N	12	\N	2
4134	471	\N	3	20	\N	15	\N	1
4352	898	\N	0	15	\N	12	\N	2
4353	898	\N	1	12	\N	8	\N	3
4354	898	\N	2	8	\N	6	\N	4
4356	898	\N	3	20	\N	15	\N	1
3518	811	\N	2	8	\N	6	\N	4
3519	811	\N	3	20	\N	15	\N	1
2045	495	\N	0	15	\N	12	\N	2
22	239	\N	0	15	\N	12	\N	2
54	205	\N	0	15	\N	12	\N	2
2960	725	\N	0	15	\N	12	\N	2
2961	725	\N	1	12	\N	8	\N	3
2046	495	\N	1	12	\N	8	\N	3
2962	725	\N	2	8	\N	6	\N	4
152	307	\N	0	12	\N	8	\N	2
18	4	\N	0	15	\N	12	\N	2
2047	495	\N	2	8	\N	6	\N	4
3238	743	\N	0	15	\N	12	\N	2
21	14	\N	0	15	\N	12	\N	2
3239	743	\N	1	12	\N	8	\N	3
3240	743	\N	2	8	\N	6	\N	4
4136	471	\N	1	12	\N	8	\N	3
2671	550	\N	3	20	\N	15	\N	1
4243	878	\N	5	\N	30	\N	30	\N
284	17	\N	0	15	\N	12	\N	2
289	16	\N	0	15	\N	12	\N	2
4198	868	\N	5	\N	30	\N	30	\N
4195	867	\N	5	\N	30	\N	30	\N
3245	738	\N	5	\N	30	\N	30	\N
4144	850	\N	5	\N	30	\N	30	\N
11	250	\N	0	15	1	12	1	2
168	308	\N	0	15	\N	12	\N	2
302	233	\N	0	15	\N	12	\N	2
288	15	\N	0	15	\N	12	\N	2
222	12	\N	0	15	\N	12	\N	2
1705	428	\N	5	\N	30	\N	15	\N
179	131	\N	0	15	\N	12	\N	2
213	346	\N	0	\N	30	\N	15	4
265	353	\N	0	10	\N	10	\N	3
2781	685	\N	2	8	\N	6	\N	4
2782	685	\N	1	12	\N	8	\N	3
2783	685	\N	0	15	\N	12	\N	2
2786	686	\N	2	8	\N	6	\N	4
2787	686	\N	1	12	\N	8	\N	3
277	8	\N	0	15	\N	12	\N	2
298	35	\N	0	15	\N	12	\N	2
3570	823	\N	0	15	1	12	1	2
297	36	\N	0	15	\N	12	\N	2
3571	823	\N	1	12	1	8	1	3
299	33	\N	0	15	\N	12	\N	2
2215	532	\N	0	15	\N	12	\N	2
2216	532	\N	1	12	\N	8	\N	3
3573	823	\N	2	8	1	6	1	4
3572	823	\N	3	20	1	15	1	1
303	34	\N	0	15	\N	12	\N	2
4201	869	\N	2	\N	60	\N	60	4
4202	869	\N	1	\N	60	\N	60	3
4203	869	\N	0	\N	60	\N	60	2
4204	869	\N	3	\N	90	\N	90	3
4147	851	\N	5	\N	30	\N	30	\N
169	46	\N	0	15	\N	12	\N	2
278	7	\N	0	15	\N	12	\N	2
290	10	\N	0	15	\N	12	\N	2
276	9	\N	0	15	\N	12	\N	2
287	6	\N	0	15	\N	12	\N	2
285	2	\N	0	15	\N	12	\N	2
205	276	\N	0	15	\N	12	\N	2
1675	72	\N	5	\N	30	\N	30	\N
206	277	\N	0	15	\N	12	\N	2
291	219	\N	0	15	\N	12	\N	2
1674	146	\N	5	\N	30	\N	30	\N
2218	532	\N	3	20	\N	15	\N	1
1711	382	\N	5	\N	30	\N	30	\N
1699	350	\N	5	\N	30	\N	30	\N
1706	379	\N	5	\N	30	\N	30	\N
4196	867	\N	4	\N	30	\N	30	3
283	18	\N	0	15	1	12	1	2
1930	464	\N	4	10	\N	10	\N	3
279	21	\N	0	15	1	12	1	2
67	26	\N	0	15	1	12	1	2
36	61	\N	0	\N	30	\N	15	4
4244	878	\N	6	\N	60	\N	30	\N
1955	476	\N	5	10	3	10	3	\N
3260	751	\N	5	10	3	10	3	\N
4357	898	\N	6	10	\N	10	\N	\N
4206	869	\N	6	\N	60	\N	60	\N
4200	868	\N	6	\N	60	\N	30	\N
4246	879	\N	6	6	10	6	10	\N
4197	867	\N	6	\N	60	\N	30	\N
3160	660	\N	6	5	1	3	1	\N
4245	879	\N	5	10	3	10	3	\N
4355	898	\N	5	10	\N	10	\N	\N
2769	682	\N	5	10	\N	10	\N	\N
2784	685	\N	5	15	\N	12	\N	\N
4139	848	\N	4	\N	30	\N	30	3
237	113	\N	0	15	1	12	1	2
933	172	\N	2	8	\N	6	\N	4
921	249	\N	2	8	1	6	1	4
4358	899	\N	0	15	\N	12	\N	2
4359	899	\N	1	12	\N	8	\N	3
106	48	\N	0	15	\N	12	\N	2
33	49	\N	0	15	\N	12	\N	2
105	50	\N	0	15	\N	12	\N	2
4360	899	\N	2	8	\N	6	\N	4
920	247	\N	2	8	\N	6	\N	4
4362	899	\N	3	20	\N	15	\N	1
4217	872	\N	4	\N	30	\N	30	\N
899	195	\N	2	8	\N	6	\N	4
4216	872	\N	5	\N	30	\N	30	\N
859	196	\N	2	8	\N	6	\N	4
855	166	\N	2	8	\N	6	\N	4
2217	532	\N	2	8	\N	6	\N	4
842	245	\N	2	8	\N	6	\N	4
2788	686	\N	0	15	\N	12	\N	2
841	81	\N	2	8	\N	6	\N	4
329	39	\N	0	15	\N	12	\N	2
398	133	\N	1	12	\N	8	\N	3
2703	559	\N	3	20	\N	15	\N	1
400	306	\N	1	12	\N	8	\N	3
328	38	\N	0	15	\N	12	\N	2
331	41	\N	0	15	\N	12	\N	2
4247	880	\N	5	\N	30	\N	30	\N
215	324	\N	0	\N	30	\N	30	2
2101	506	\N	1	\N	30	\N	30	3
4253	881	\N	5	\N	30	\N	30	\N
4255	882	\N	5	\N	30	\N	30	\N
4257	883	\N	5	\N	30	\N	30	\N
4211	870	\N	5	\N	30	\N	30	\N
2258	540	\N	3	\N	24	\N	24	1
1677	404	\N	5	\N	30	\N	30	\N
4213	871	\N	5	\N	30	\N	30	\N
196	317	\N	0	15	1	12	1	2
1715	361	\N	5	\N	30	\N	30	\N
3357	778	\N	5	15	30	12	30	\N
949	131	\N	2	8	\N	6	\N	4
408	240	\N	1	12	\N	8	\N	3
2724	668	\N	3	20	\N	15	\N	1
598	346	\N	1	\N	40	\N	20	3
597	129	\N	1	12	1	8	1	3
982	129	\N	2	8	1	6	1	4
406	14	\N	1	12	\N	8	\N	3
439	205	\N	1	12	\N	8	\N	3
489	51	\N	1	12	\N	8	\N	2
554	46	\N	1	12	\N	8	\N	3
488	52	\N	1	12	\N	8	\N	2
479	45	\N	1	12	\N	8	\N	3
3524	813	\N	0	15	\N	12	\N	2
3525	813	\N	1	12	\N	8	\N	3
4208	870	\N	1	\N	60	\N	30	\N
4207	870	\N	2	\N	60	\N	30	\N
4210	870	\N	3	\N	60	\N	30	\N
1704	355	\N	5	\N	30	\N	30	\N
4328	473	\N	3	20	\N	15	\N	3
4329	473	\N	2	8	\N	6	\N	4
4330	473	\N	1	12	\N	8	\N	3
4331	473	\N	0	15	\N	12	\N	2
4332	581	\N	4	10	\N	10	\N	3
3221	736	\N	5	\N	30	\N	30	\N
4364	900	\N	2	8	\N	6	\N	4
4365	900	\N	1	12	\N	8	\N	3
4366	900	\N	0	15	\N	12	\N	2
4367	900	\N	3	20	\N	15	\N	1
564	131	\N	1	12	\N	8	\N	3
607	12	\N	1	12	\N	8	\N	3
470	166	\N	1	12	\N	8	\N	3
3526	813	\N	2	8	\N	6	\N	4
791	14	\N	2	8	\N	6	\N	4
3527	813	\N	3	20	\N	15	\N	1
487	42	\N	1	12	\N	8	\N	3
505	170	\N	1	12	\N	8	\N	3
553	308	\N	1	12	\N	8	\N	3
2007	486	\N	0	15	\N	12	\N	2
2008	486	\N	1	12	\N	8	\N	3
2009	486	\N	2	8	\N	6	\N	4
3348	776	\N	0	15	\N	12	\N	2
3349	776	\N	1	12	\N	8	\N	3
3350	776	\N	2	8	\N	6	\N	4
555	1	\N	1	12	\N	8	\N	3
1709	357	\N	5	\N	30	\N	30	\N
359	301	\N	0	\N	30	\N	30	2
1880	452	\N	1	\N	30	\N	30	3
1881	452	\N	2	\N	30	\N	30	4
1979	484	\N	3	20	\N	15	\N	1
1539	226	\N	3	20	\N	15	\N	1
3351	776	\N	3	20	\N	15	\N	1
669	17	\N	1	12	\N	8	\N	3
674	16	\N	1	12	\N	8	\N	3
1676	367	\N	5	\N	30	\N	30	\N
673	15	\N	1	12	\N	8	\N	3
1660	365	\N	5	\N	30	\N	30	\N
650	353	\N	1	4	\N	4	\N	3
324	183	\N	0	15	\N	12	\N	2
3352	777	\N	0	15	\N	12	\N	2
668	18	\N	1	12	1	8	1	3
664	21	\N	1	12	1	8	1	3
1552	12	\N	4	10	\N	10	\N	3
1931	464	\N	5	10	\N	10	\N	\N
4214	871	\N	4	\N	30	\N	30	3
431	97	\N	1	\N	40	\N	20	3
1554	15	\N	4	10	\N	10	\N	3
2069	500	\N	4	10	\N	10	\N	3
4363	899	\N	6	10	\N	10	\N	\N
3244	738	\N	6	\N	30	\N	30	\N
4215	871	\N	6	\N	30	\N	30	\N
4218	872	\N	6	\N	60	\N	30	\N
4248	880	\N	6	\N	60	\N	30	\N
4254	881	\N	6	\N	60	\N	30	\N
4256	882	\N	6	\N	60	\N	30	\N
4258	883	\N	6	\N	60	\N	30	\N
4212	870	\N	6	\N	60	\N	30	\N
4219	575	\N	6	\N	60	\N	30	\N
2964	647	\N	5	10	\N	10	\N	\N
4361	899	\N	5	10	\N	10	\N	\N
3353	777	\N	1	12	\N	8	\N	3
621	373	\N	1	12	\N	8	\N	3
620	392	\N	1	12	\N	8	\N	3
4142	849	\N	4	\N	30	\N	30	3
1964	480	\N	4	10	\N	10	\N	3
3354	777	\N	2	8	\N	6	\N	4
4259	884	\N	4	\N	30	\N	30	\N
4333	895	\N	0	15	\N	12	\N	2
4260	884	\N	5	\N	30	\N	30	\N
4334	895	\N	1	12	\N	8	\N	3
1672	53	\N	5	\N	30	\N	30	\N
4335	895	\N	2	8	\N	6	\N	4
4336	895	\N	3	20	\N	15	\N	1
1753	431	\N	0	15	\N	12	\N	2
1720	286	\N	5	\N	30	\N	30	\N
1754	431	\N	1	12	\N	8	\N	3
1755	431	\N	2	8	\N	6	\N	4
1665	86	\N	5	\N	30	\N	30	\N
727	399	\N	1	12	1	8	1	3
1757	431	\N	4	10	\N	10	\N	3
622	113	\N	1	12	1	8	1	3
3355	777	\N	3	20	\N	15	\N	1
491	48	\N	1	12	\N	8	\N	3
4368	901	\N	0	\N	30	\N	30	2
4369	901	\N	1	\N	30	\N	30	3
4370	901	\N	2	\N	30	\N	30	4
4371	901	\N	3	\N	30	\N	30	3
683	35	\N	1	12	\N	8	\N	3
682	36	\N	1	12	\N	8	\N	3
684	33	\N	1	12	\N	8	\N	3
688	34	\N	1	12	\N	8	\N	3
713	38	\N	1	12	\N	8	\N	3
714	39	\N	1	12	\N	8	\N	3
3528	814	\N	0	15	\N	12	\N	2
685	125	\N	1	12	\N	8	\N	3
663	7	\N	1	12	\N	8	\N	3
672	6	\N	1	12	\N	8	\N	3
687	233	\N	1	12	\N	8	\N	3
670	2	\N	1	12	\N	8	\N	3
716	41	\N	1	12	\N	8	\N	3
676	219	\N	1	12	\N	8	\N	3
3529	814	\N	1	12	\N	8	\N	3
3530	814	\N	2	8	\N	6	\N	4
3531	814	\N	3	20	\N	15	\N	1
2136	513	\N	0	15	\N	12	\N	2
2137	513	\N	1	12	\N	8	\N	3
2138	513	\N	2	8	\N	6	\N	4
872	42	\N	2	8	\N	6	\N	4
890	170	\N	2	8	\N	6	\N	4
824	205	\N	2	8	\N	6	\N	4
4372	901	\N	5	\N	30	\N	30	\N
3375	782	\N	5	3	30	3	30	\N
581	317	\N	1	12	1	8	1	3
1661	319	\N	5	\N	30	\N	30	\N
4183	863	\N	5	\N	30	\N	30	\N
2969	726	\N	5	\N	30	\N	30	\N
3653	840	\N	5	\N	30	\N	30	\N
874	51	\N	2	8	\N	6	\N	3
873	52	\N	2	8	\N	6	\N	3
2816	440	\N	5	\N	30	\N	30	\N
785	306	\N	2	8	\N	6	\N	4
983	346	\N	2	\N	60	\N	30	2
4262	478	\N	3	20	\N	15	\N	3
4263	478	\N	2	8	\N	6	\N	4
864	45	\N	2	8	\N	6	\N	4
895	209	\N	2	8	\N	6	\N	4
4264	478	\N	1	12	\N	8	\N	3
4265	478	\N	0	15	\N	12	\N	2
879	160	\N	2	\N	60	\N	30	2
792	239	\N	2	8	\N	6	\N	4
897	220	\N	2	8	\N	6	\N	4
3544	817	\N	5	\N	30	\N	60	\N
3255	748	\N	1	\N	40	\N	20	3
3256	748	\N	2	\N	60	\N	30	2
3258	748	\N	3	\N	24	\N	12	5
818	107	\N	2	\N	60	\N	30	2
1007	113	\N	2	8	1	6	1	4
1352	113	\N	3	20	1	15	1	1
151	249	\N	0	15	1	12	1	2
4374	902	\N	0	10	\N	10	\N	3
4375	902	\N	1	4	\N	4	\N	3
4376	902	\N	2	10	\N	10	\N	3
4377	902	\N	3	20	\N	15	\N	1
4138	848	\N	5	\N	30	\N	30	\N
1386	219	\N	3	20	\N	15	\N	1
1381	2	\N	3	20	\N	15	\N	1
3532	815	\N	0	15	\N	12	\N	2
3533	815	\N	1	12	\N	8	\N	3
793	240	\N	2	8	\N	6	\N	4
3534	815	\N	2	8	\N	6	\N	4
3535	815	\N	3	20	\N	15	\N	1
2179	524	\N	0	15	\N	12	\N	2
939	46	\N	2	8	\N	6	\N	4
1067	36	\N	2	8	\N	6	\N	4
1047	8	\N	2	8	\N	6	\N	4
72	245	\N	0	15	\N	12	\N	2
2180	524	\N	1	12	\N	8	\N	3
70	82	\N	0	15	\N	12	\N	2
13	133	\N	0	15	\N	12	\N	2
1068	35	\N	2	8	\N	6	\N	4
1046	9	\N	2	8	\N	6	\N	4
922	307	\N	2	12	\N	12	\N	2
992	12	\N	2	8	\N	6	\N	4
2757	679	\N	3	20	\N	15	\N	1
4189	865	\N	5	\N	30	\N	30	\N
3331	773	Unused	5	\N	\N	\N	\N	\N
1049	21	\N	2	8	1	6	1	4
1742	392	\N	4	10	\N	10	\N	3
1053	18	\N	2	8	1	6	1	4
2027	490	\N	4	10	\N	10	\N	3
1379	18	\N	3	20	1	15	1	1
709	183	\N	1	12	\N	8	\N	3
2328	565	\N	0	15	1	12	1	2
4261	884	\N	6	\N	60	\N	30	\N
4373	901	\N	6	\N	30	\N	30	\N
4143	849	\N	6	\N	60	\N	30	\N
3098	286	\N	6	\N	60	\N	30	\N
4379	902	\N	6	10	\N	10	\N	\N
3627	834	\N	6	10	1	10	1	\N
4141	849	\N	5	\N	60	\N	30	\N
2068	500	\N	5	10	\N	10	\N	\N
1748	93	\N	5	\N	60	\N	30	\N
1370	75	\N	3	15	1	12	1	1
1893	455	\N	0	\N	30	\N	30	2
1896	455	\N	2	\N	30	\N	30	4
2044	494	\N	3	\N	60	\N	60	3
901	321	\N	2	8	1	6	1	4
2120	510	\N	0	\N	30	\N	30	2
782	314	\N	2	8	1	6	1	5
1057	6	\N	2	8	\N	6	\N	4
1035	353	\N	2	10	\N	10	\N	3
2181	524	\N	2	8	\N	6	\N	4
4145	850	\N	4	\N	30	\N	30	3
2182	523	\N	0	15	\N	12	\N	2
975	276	\N	2	8	\N	6	\N	4
976	277	\N	2	8	\N	6	\N	4
2183	523	\N	1	12	\N	8	\N	3
2686	548	\N	3	20	\N	15	\N	1
1846	442	\N	3	20	\N	15	\N	1
1249	48	\N	3	20	\N	15	\N	1
2685	547	\N	3	20	\N	15	\N	1
2688	622	\N	3	20	\N	15	\N	1
2729	669	\N	3	20	\N	15	\N	1
2659	647	\N	3	20	\N	15	\N	1
2660	624	\N	3	20	\N	15	\N	1
1048	7	\N	2	8	\N	6	\N	4
2915	715	\N	3	20	\N	15	\N	1
1060	10	\N	2	8	\N	6	\N	4
2664	601	\N	3	20	\N	15	\N	1
1061	219	\N	2	8	\N	6	\N	4
940	1	\N	2	8	\N	6	\N	4
1055	2	\N	2	8	\N	6	\N	4
937	47	\N	2	8	\N	6	\N	4
876	48	\N	2	8	\N	6	\N	4
803	49	\N	2	8	\N	6	\N	4
875	50	\N	2	8	\N	6	\N	4
4221	873	\N	4	\N	30	\N	30	\N
57	80	\N	0	15	\N	12	\N	2
2878	705	\N	3	20	\N	15	\N	1
1668	401	\N	5	\N	30	\N	30	\N
1099	39	\N	2	8	\N	6	\N	4
4266	847	\N	0	\N	30	\N	30	4
4267	847	\N	1	\N	40	\N	40	3
2184	523	\N	2	8	\N	6	\N	4
71	81	\N	0	15	\N	12	\N	2
4268	847	\N	2	\N	60	\N	60	2
1069	33	\N	2	8	\N	6	\N	4
4269	847	\N	3	\N	24	\N	24	5
1181	343	\N	3	20	1	15	1	1
1101	41	\N	2	8	\N	6	\N	4
840	82	\N	2	8	\N	6	\N	4
4337	896	\N	2	8	\N	6	\N	4
4338	896	\N	1	12	\N	8	\N	3
4339	896	\N	0	15	\N	12	\N	2
1073	34	\N	2	8	\N	6	\N	4
835	130	\N	2	8	\N	6	\N	4
4340	896	\N	3	20	\N	15	\N	1
2721	668	\N	0	15	\N	12	\N	2
1561	245	\N	4	10	\N	10	\N	3
2722	668	\N	1	12	\N	8	\N	3
2723	668	\N	2	8	\N	6	\N	4
1112	399	\N	2	8	1	6	1	4
827	80	\N	2	8	\N	6	\N	4
102	42	\N	0	15	\N	12	\N	2
1562	133	\N	4	10	\N	10	\N	3
1098	38	\N	2	8	\N	6	\N	4
537	307	\N	1	8	\N	6	\N	2
512	220	\N	1	12	\N	8	\N	3
2281	548	\N	2	8	\N	6	\N	4
2282	548	\N	1	12	\N	8	\N	3
407	239	\N	1	12	\N	8	\N	3
510	209	\N	1	12	\N	8	\N	3
3377	783	\N	5	\N	30	\N	30	\N
2283	548	\N	0	15	\N	12	\N	2
2330	567	\N	1	12	\N	8	\N	3
2284	547	\N	0	15	\N	12	\N	2
783	133	\N	2	8	\N	6	\N	4
3237	742	\N	3	20	\N	15	\N	1
2285	547	\N	1	12	\N	8	\N	3
2329	567	\N	2	8	\N	6	\N	4
3282	755	\N	3	20	\N	15	\N	1
2158	518	\N	3	20	\N	15	\N	1
2874	706	\N	3	12	\N	8	\N	1
1308	1	\N	3	20	\N	15	\N	1
1325	10	\N	3	20	\N	15	\N	1
1307	46	\N	3	20	\N	15	\N	1
2744	672	\N	3	20	\N	15	\N	1
2048	495	\N	3	20	\N	15	\N	1
1486	82	\N	3	20	\N	15	\N	1
929	169	\N	2	8	1	6	1	4
4222	873	\N	5	\N	30	\N	30	\N
1015	75	\N	2	8	1	6	1	4
2761	680	\N	3	20	1	15	1	1
817	106	\N	2	\N	60	\N	30	2
1045	151	\N	2	\N	30	\N	30	2
2765	681	\N	3	20	1	15	1	1
239	116	\N	0	15	1	12	1	2
137	138	\N	0	\N	20	\N	20	2
3216	734	\N	3	20	5	15	5	1
970	390	\N	2	8	4	6	4	4
961	222	\N	2	8	\N	6	\N	4
2286	547	\N	2	8	\N	6	\N	4
1072	233	\N	2	8	\N	6	\N	4
661	9	\N	1	12	\N	8	\N	3
1070	125	\N	2	8	\N	6	\N	4
1976	484	\N	0	15	\N	12	\N	2
1977	484	\N	1	12	\N	8	\N	3
1978	484	\N	2	8	\N	6	\N	4
2075	502	\N	0	15	\N	12	\N	2
2076	502	\N	1	12	\N	8	\N	3
2077	502	\N	2	8	\N	6	\N	4
1054	17	\N	2	8	\N	6	\N	4
1937	467	\N	4	10	\N	10	\N	3
1059	16	\N	2	8	\N	6	\N	4
1058	15	\N	2	8	\N	6	\N	4
1853	444	\N	1	12	\N	8	\N	3
878	127	\N	2	\N	60	\N	30	2
1947	472	\N	4	10	\N	10	\N	3
1957	478	\N	4	10	\N	10	\N	3
971	193	\N	2	\N	60	\N	30	2
972	192	\N	2	\N	60	\N	30	2
3206	732	\N	6	\N	60	\N	30	\N
4223	873	\N	6	\N	60	\N	30	\N
4146	850	\N	6	\N	60	\N	30	\N
1764	438	\N	0	\N	30	\N	15	4
918	95	\N	2	\N	60	\N	30	2
806	61	\N	2	\N	60	\N	30	2
1197	61	\N	3	\N	24	\N	12	5
4273	885	\N	4	\N	30	\N	30	3
3403	788	\N	3	\N	24	\N	12	5
3400	788	\N	0	\N	30	\N	15	4
3401	788	\N	1	\N	40	\N	20	3
3402	788	\N	2	\N	60	\N	30	2
1094	183	\N	2	8	\N	6	\N	4
4520	903	\N	4	10	\N	10	\N	3
4521	903	\N	6	\N	60	\N	30	\N
235	392	\N	0	15	\N	12	\N	2
4150	852	\N	4	\N	30	\N	30	\N
4224	874	\N	4	\N	30	\N	30	\N
4274	886	\N	0	\N	30	\N	30	4
2726	669	\N	0	15	\N	12	\N	2
4275	886	\N	1	\N	40	\N	40	3
2727	669	\N	1	12	\N	8	\N	3
2728	669	\N	2	8	\N	6	\N	4
3406	789	\N	4	\N	30	\N	30	\N
4276	886	\N	2	\N	60	\N	60	2
4277	886	\N	3	\N	24	\N	24	5
702	330	\N	1	\N	40	\N	20	3
1473	133	\N	3	20	\N	15	\N	1
1478	80	\N	3	20	\N	15	\N	1
2010	486	\N	3	20	\N	15	\N	1
2645	566	\N	3	20	\N	15	\N	1
2646	572	\N	3	20	\N	15	\N	1
1756	431	\N	3	20	\N	15	\N	1
2923	718	\N	0	15	\N	12	\N	2
2749	674	\N	3	20	\N	15	\N	1
2924	718	\N	1	12	\N	8	\N	3
2925	718	\N	2	8	\N	6	\N	4
2884	708	\N	3	20	\N	15	\N	1
2888	709	\N	3	20	\N	15	\N	1
308	229	\N	0	15	\N	12	\N	2
163	172	\N	0	15	\N	12	\N	2
150	247	\N	0	15	\N	12	\N	2
1791	435	\N	0	15	\N	12	\N	2
1795	436	\N	0	15	\N	12	\N	2
129	195	\N	0	15	\N	12	\N	2
89	196	\N	0	15	\N	12	\N	2
85	166	\N	0	15	\N	12	\N	2
1794	436	\N	1	12	\N	8	\N	3
2927	717	\N	0	15	\N	12	\N	2
1793	436	\N	2	8	\N	6	\N	4
3277	754	\N	3	20	\N	15	\N	1
2928	717	\N	1	12	\N	8	\N	3
2929	717	\N	2	8	\N	6	\N	4
2139	513	\N	3	20	\N	15	\N	1
1852	444	\N	0	15	\N	12	\N	2
1854	444	\N	2	8	\N	6	\N	4
236	373	\N	0	15	\N	12	\N	2
191	222	\N	0	15	\N	12	\N	2
1790	435	\N	1	12	\N	8	\N	3
457	245	\N	1	12	\N	8	\N	3
1789	435	\N	2	8	\N	6	\N	4
65	130	\N	0	15	\N	12	\N	2
1006	373	\N	2	8	\N	6	\N	4
1005	392	\N	2	8	\N	6	\N	4
456	81	\N	1	12	\N	8	\N	3
1078	229	\N	2	8	\N	6	\N	4
1042	226	\N	2	8	\N	6	\N	4
1040	221	\N	2	8	\N	6	\N	4
442	80	\N	1	12	\N	8	\N	3
474	196	\N	1	12	\N	8	\N	3
455	82	\N	1	12	\N	8	\N	3
450	130	\N	1	12	\N	8	\N	3
1845	442	\N	2	8	\N	6	\N	4
1844	442	\N	1	12	\N	8	\N	3
1843	442	\N	0	15	\N	12	\N	2
2170	521	\N	0	15	\N	12	\N	2
2171	521	\N	1	12	\N	8	\N	3
2172	521	\N	2	8	\N	6	\N	4
2931	720	\N	0	15	\N	12	\N	2
590	276	\N	1	12	\N	8	\N	3
2932	720	\N	1	12	\N	8	\N	3
270	221	\N	0	15	\N	12	\N	2
272	226	\N	0	15	\N	12	\N	2
2185	525	\N	5	\N	30	\N	30	\N
3407	789	\N	5	\N	30	\N	30	\N
4151	852	\N	5	\N	30	\N	30	\N
2635	654	\N	1	12	4	8	4	3
4225	874	\N	5	\N	30	\N	30	\N
2636	654	\N	2	8	5	6	5	4
2639	603	\N	3	20	\N	15	\N	1
2327	565	\N	1	12	1	8	1	3
693	229	\N	1	12	\N	8	\N	3
657	226	\N	1	12	\N	8	\N	3
655	221	\N	1	12	\N	8	\N	3
2148	515	\N	3	20	\N	15	\N	1
576	222	\N	1	12	\N	8	\N	3
2933	720	\N	2	8	\N	6	\N	4
548	172	\N	1	12	\N	8	\N	3
535	247	\N	1	12	\N	8	\N	3
514	195	\N	1	12	\N	8	\N	3
2501	622	\N	2	8	\N	6	\N	4
662	8	\N	1	12	\N	8	\N	3
2935	719	\N	0	15	\N	12	\N	2
2936	719	\N	1	12	\N	8	\N	3
2937	719	\N	2	8	\N	6	\N	4
4278	887	\N	0	\N	30	\N	30	4
1908	458	\N	1	12	\N	8	\N	3
1910	458	\N	2	8	\N	6	\N	4
1911	458	\N	0	15	\N	12	\N	2
938	308	\N	2	8	\N	6	\N	4
2029	492	\N	0	15	\N	12	\N	2
2030	492	\N	1	12	\N	8	\N	3
2031	492	\N	2	8	\N	6	\N	4
1276	4	\N	3	20	\N	15	\N	1
591	277	\N	1	12	\N	8	\N	3
4279	887	\N	1	\N	40	\N	40	3
4280	887	\N	2	\N	60	\N	60	2
4281	887	\N	3	\N	24	\N	24	5
1857	444	\N	4	10	\N	10	\N	3
2331	567	\N	0	15	\N	12	\N	2
2428	600	\N	2	8	\N	6	\N	4
2429	600	\N	1	12	\N	8	\N	3
2430	600	\N	0	15	\N	12	\N	2
863	158	\N	2	\N	60	\N	30	2
2145	515	\N	0	15	\N	12	\N	2
2146	515	\N	1	12	\N	8	\N	3
2147	515	\N	2	8	\N	6	\N	4
2326	565	\N	2	8	1	6	1	4
536	249	\N	1	12	1	8	1	3
3227	739	\N	4	10	\N	10	\N	3
4506	704	\N	6	\N	60	\N	30	\N
2434	579	\N	2	8	\N	6	\N	4
2435	579	\N	1	12	\N	8	\N	3
2174	522	\N	0	15	\N	12	\N	2
2175	522	\N	1	12	\N	8	\N	3
2436	579	\N	0	15	\N	12	\N	2
2176	522	\N	2	8	\N	6	\N	4
2149	515	\N	5	10	\N	10	\N	\N
4152	852	\N	6	\N	60	\N	30	\N
4507	704	\N	5	\N	30	\N	30	\N
4522	955	\N	0	15	1	12	1	2
4523	955	\N	1	12	1	8	1	3
4526	955	\N	5	10	\N	10	\N	\N
4527	955	\N	6	10	\N	10	\N	\N
4226	874	\N	6	\N	60	\N	30	\N
4149	851	\N	6	\N	60	\N	30	\N
4153	853	\N	4	\N	30	\N	30	\N
2392	614	\N	2	8	1	6	1	4
2393	614	\N	1	12	1	8	1	3
2394	614	\N	0	15	1	12	1	2
2495	605	\N	2	8	\N	6	\N	4
2496	605	\N	1	12	\N	8	\N	3
2497	605	\N	0	15	\N	12	\N	2
2498	559	\N	2	8	\N	6	\N	4
2499	559	\N	1	12	\N	8	\N	3
2500	559	\N	0	15	\N	12	\N	2
2502	622	\N	1	12	\N	8	\N	3
2503	622	\N	0	15	\N	12	\N	2
2504	581	\N	0	15	\N	12	\N	2
2505	581	\N	1	12	\N	8	\N	3
2506	581	\N	2	8	\N	6	\N	4
2507	609	\N	0	15	\N	12	\N	2
2508	609	\N	1	12	\N	8	\N	3
2509	609	\N	2	8	\N	6	\N	4
2510	589	\N	0	15	\N	12	\N	2
2511	589	\N	1	12	\N	8	\N	3
2512	589	\N	2	8	\N	6	\N	4
2528	566	\N	0	15	\N	12	\N	2
2529	566	\N	1	12	\N	8	\N	3
1484	130	\N	3	20	\N	15	\N	1
1487	81	\N	3	20	\N	15	\N	1
1488	245	\N	3	20	\N	15	\N	1
2040	493	\N	3	20	\N	15	\N	1
1369	8	\N	3	20	\N	15	\N	1
3199	731	\N	5	\N	30	\N	30	\N
2293	549	\N	2	8	\N	6	\N	4
2294	549	\N	1	12	\N	8	\N	3
2295	549	\N	0	15	\N	12	\N	2
2296	550	\N	2	8	\N	6	\N	4
2297	550	\N	1	12	\N	8	\N	3
2298	550	\N	0	15	\N	12	\N	2
2302	552	\N	2	8	\N	6	\N	4
2303	552	\N	1	12	\N	8	\N	3
2304	552	\N	0	15	\N	12	\N	2
2332	615	\N	2	8	\N	6	\N	4
2333	615	\N	1	12	\N	8	\N	3
2334	615	\N	0	15	\N	12	\N	2
2335	575	\N	2	8	\N	6	\N	4
2336	575	\N	1	12	\N	8	\N	3
2037	493	\N	0	15	\N	12	\N	2
2337	575	\N	0	15	\N	12	\N	2
2338	577	\N	2	8	\N	6	\N	4
2339	577	\N	1	12	\N	8	\N	3
2340	577	\N	0	15	\N	12	\N	2
2085	504	\N	0	15	\N	12	\N	2
2398	572	\N	2	8	\N	6	\N	4
2733	670	\N	2	\N	30	\N	30	4
1288	177	\N	3	\N	60	\N	60	3
4154	853	\N	5	\N	30	\N	30	\N
2399	572	\N	1	12	\N	8	\N	3
2400	572	\N	0	15	\N	12	\N	2
2437	610	\N	2	8	\N	6	\N	4
2438	610	\N	1	12	\N	8	\N	3
2439	610	\N	0	15	\N	12	\N	2
2513	626	\N	0	15	\N	12	\N	2
2086	504	\N	1	12	\N	8	\N	3
2514	626	\N	1	12	\N	8	\N	3
2515	626	\N	2	8	\N	6	\N	4
2087	504	\N	2	8	\N	6	\N	4
2530	566	\N	2	8	\N	6	\N	4
2534	630	\N	2	8	\N	6	\N	4
2535	630	\N	1	12	\N	8	\N	3
2536	630	\N	0	15	\N	12	\N	2
300	125	\N	0	15	\N	12	\N	2
2867	707	\N	0	15	\N	12	\N	2
2868	707	\N	1	12	\N	8	\N	3
2869	707	\N	2	8	\N	6	\N	4
4282	888	\N	0	15	\N	12	\N	2
2038	493	\N	1	12	\N	8	\N	3
2039	493	\N	2	8	\N	6	\N	4
4283	888	\N	1	12	\N	8	\N	3
4284	888	\N	2	8	\N	6	\N	4
2177	522	\N	3	20	\N	15	\N	1
1414	233	\N	3	20	\N	15	\N	1
1413	125	\N	3	20	\N	15	\N	1
1190	240	\N	3	20	\N	15	\N	1
1189	14	\N	3	20	\N	15	\N	1
1215	205	\N	3	20	\N	15	\N	1
1906	457	\N	2	8	\N	6	\N	4
4285	888	\N	3	20	\N	15	\N	1
1526	41	\N	3	20	\N	15	\N	1
1395	277	\N	3	20	\N	15	\N	1
2864	703	\N	1	\N	40	\N	20	3
4288	889	\N	0	15	\N	12	\N	2
4289	889	\N	1	12	\N	8	\N	3
4290	889	\N	2	8	\N	6	\N	4
4291	889	\N	3	20	\N	15	\N	1
4229	742	\N	4	10	\N	10	\N	3
2647	565	\N	3	20	1	15	1	1
1281	44	\N	3	20	1	15	1	1
1903	457	\N	0	15	\N	12	\N	2
1904	457	\N	1	12	\N	8	\N	3
2871	706	\N	0	15	\N	12	\N	2
2872	706	\N	1	12	\N	8	\N	3
2873	706	\N	2	8	\N	6	\N	4
2531	625	\N	0	15	\N	12	\N	2
2532	625	\N	1	12	\N	8	\N	3
2533	625	\N	2	8	\N	6	\N	4
2875	705	\N	0	15	\N	12	\N	2
2876	705	\N	1	12	\N	8	\N	3
2877	705	\N	2	8	\N	6	\N	4
2344	601	\N	2	8	\N	6	\N	4
2345	601	\N	1	12	\N	8	\N	3
2346	601	\N	0	15	\N	12	\N	2
2401	574	\N	2	8	\N	6	\N	4
2402	574	\N	1	12	\N	8	\N	3
2403	574	\N	0	15	\N	12	\N	2
2404	573	\N	0	15	\N	12	\N	2
2405	573	\N	1	12	\N	8	\N	3
2406	573	\N	2	8	\N	6	\N	4
2440	624	\N	2	8	\N	6	\N	4
2441	624	\N	1	12	\N	8	\N	3
2442	624	\N	0	15	\N	12	\N	2
2443	623	\N	0	15	\N	12	\N	2
2444	623	\N	1	12	\N	8	\N	3
2445	623	\N	2	8	\N	6	\N	4
2493	586	\N	1	\N	40	\N	20	3
4508	703	\N	6	\N	60	\N	30	\N
3017	404	\N	6	\N	60	\N	30	\N
3092	428	\N	6	\N	30	\N	15	\N
4155	853	\N	6	\N	60	\N	30	\N
4286	888	\N	5	10	\N	10	\N	\N
4228	742	\N	5	10	\N	10	\N	\N
4509	703	\N	5	\N	30	\N	30	\N
2089	504	\N	5	10	\N	10	\N	\N
4469	921	\N	4	10	2	10	2	3
4227	742	\N	6	10	\N	10	\N	\N
2741	672	\N	0	15	\N	12	\N	2
2742	672	\N	1	12	\N	8	\N	3
2743	672	\N	2	8	\N	6	\N	4
170	1	\N	0	15	\N	12	\N	2
2736	671	\N	0	\N	30	\N	30	2
2737	671	\N	1	\N	30	\N	30	3
3296	767	\N	4	\N	30	\N	30	\N
3299	766	\N	4	\N	30	\N	30	\N
2738	671	\N	2	\N	30	\N	30	4
4159	854	\N	4	\N	30	\N	30	\N
4156	855	\N	4	\N	30	\N	30	\N
1945	471	\N	4	10	\N	10	\N	3
2314	560	\N	2	8	\N	6	\N	4
2315	560	\N	1	12	\N	8	\N	3
2316	560	\N	0	15	\N	12	\N	2
2410	603	\N	2	8	\N	6	\N	4
2411	603	\N	1	12	\N	8	\N	3
2412	603	\N	0	15	\N	12	\N	2
2413	604	\N	0	15	\N	12	\N	2
2414	604	\N	1	12	\N	8	\N	3
2415	604	\N	2	8	\N	6	\N	4
2449	558	\N	2	8	\N	6	\N	4
2450	558	\N	1	12	\N	8	\N	3
2451	558	\N	0	15	\N	12	\N	2
4157	855	\N	5	\N	30	\N	30	\N
4160	854	\N	5	\N	30	\N	30	\N
2558	636	\N	0	15	\N	12	\N	2
2559	636	\N	1	12	\N	8	\N	3
2643	651	\N	3	20	\N	15	\N	1
2560	636	\N	2	8	\N	6	\N	4
2585	643	\N	2	8	\N	6	\N	4
3329	772	\N	5	\N	30	\N	30	\N
2161	518	\N	0	15	\N	12	\N	2
2587	644	\N	0	15	\N	12	\N	2
2159	518	\N	2	8	\N	6	\N	4
2588	644	\N	1	12	\N	8	\N	3
2160	518	\N	1	12	\N	8	\N	3
2589	644	\N	2	8	\N	6	\N	4
2591	645	\N	0	15	\N	12	\N	2
2592	645	\N	1	12	\N	8	\N	3
2593	645	\N	2	8	\N	6	\N	4
2600	467	\N	2	8	\N	6	\N	4
2601	467	\N	1	12	\N	8	\N	3
2602	467	\N	0	15	\N	12	\N	2
2603	470	\N	0	15	\N	12	\N	2
2604	470	\N	1	12	\N	8	\N	3
2605	470	\N	2	8	\N	6	\N	4
2606	647	\N	0	15	\N	12	\N	2
2607	647	\N	1	12	\N	8	\N	3
2608	647	\N	2	8	\N	6	\N	4
2946	722	\N	0	15	\N	12	\N	2
2947	722	\N	1	12	\N	8	\N	3
2948	722	\N	2	8	\N	6	\N	4
3298	766	\N	5	\N	30	\N	30	\N
3295	767	\N	5	\N	30	\N	30	\N
2043	494	\N	2	\N	30	\N	30	4
4300	891	\N	5	\N	30	\N	30	\N
3338	774	\N	2	\N	60	\N	30	2
3284	756	\N	1	12	1	8	1	3
3285	756	\N	0	15	1	12	1	2
1943	470	\N	4	10	\N	10	\N	3
3342	775	\N	0	\N	30	\N	30	2
3343	775	\N	1	\N	30	\N	30	3
1796	428	\N	3	\N	24	\N	12	5
3341	774	\N	6	\N	60	\N	30	\N
3278	754	\N	4	10	\N	10	\N	3
3332	773	\N	6	\N	60	\N	30	\N
1412	33	\N	3	20	\N	15	\N	1
3463	801	\N	0	15	\N	12	\N	2
3464	801	\N	1	12	\N	8	\N	3
3465	801	\N	2	8	\N	6	\N	4
3466	801	\N	3	20	\N	15	\N	1
4303	891	\N	3	\N	30	\N	30	1
4304	891	\N	2	\N	30	\N	30	1
3550	819	\N	0	15	\N	12	\N	2
3551	819	\N	1	12	\N	8	\N	3
3552	819	\N	2	8	\N	6	\N	4
3553	819	\N	3	20	\N	15	\N	1
4305	891	\N	1	\N	30	\N	30	1
4306	891	\N	0	\N	30	\N	30	1
4472	804	\N	6	10	1	10	1	1
2416	620	\N	2	8	\N	6	\N	4
2417	620	\N	1	12	\N	8	\N	3
2418	620	\N	0	15	\N	12	\N	2
4164	856	\N	6	\N	60	\N	30	\N
2746	674	\N	0	15	\N	12	\N	1
2747	674	\N	1	12	\N	8	\N	2
2748	674	\N	2	8	\N	6	\N	3
172	265	\N	0	\N	30	\N	15	4
4158	855	\N	6	\N	60	\N	30	\N
942	265	\N	2	\N	60	\N	30	2
4302	891	\N	4	\N	30	\N	30	3
4510	912	\N	6	\N	60	\N	30	\N
2578	642	\N	5	10	\N	10	\N	\N
4163	856	\N	4	\N	30	\N	30	3
4511	916	\N	6	\N	60	\N	30	\N
4343	744	\N	4	10	2	10	2	3
3405	788	\N	6	\N	30	\N	30	\N
4344	897	\N	4	10	2	10	2	3
4471	804	\N	5	10	3	10	3	1
4161	854	\N	6	\N	60	\N	30	\N
3118	631	\N	6	\N	60	\N	30	\N
3330	772	\N	6	\N	60	\N	30	\N
4301	891	\N	6	\N	30	\N	30	\N
4342	897	\N	5	10	3	10	3	\N
3105	525	\N	6	\N	60	\N	30	\N
4525	955	\N	3	20	1	15	1	1
4524	955	\N	2	8	1	6	1	4
3347	775	\N	6	\N	30	\N	30	\N
4528	955	\N	4	10	2	10	2	3
3410	790	\N	6	6	10	3	10	\N
4470	804	\N	4	10	2	10	2	3
1019	337	\N	2	8	1	6	1	4
4529	337	\N	4	10	2	10	2	3
2561	636	\N	5	10	\N	10	\N	\N
2879	706	\N	5	10	\N	10	\N	\N
1946	471	\N	5	10	\N	10	\N	\N
2062	499	\N	4	10	\N	10	\N	3
2881	708	\N	0	15	\N	12	\N	2
2885	709	\N	0	15	\N	12	\N	2
2886	709	\N	1	12	\N	8	\N	3
2887	709	\N	2	8	\N	6	\N	4
2882	708	\N	1	12	\N	8	\N	3
2883	708	\N	2	8	\N	6	\N	4
3274	754	\N	0	15	\N	12	\N	2
3275	754	\N	1	12	\N	8	\N	3
3276	754	\N	2	8	\N	6	\N	4
2173	521	\N	3	20	\N	15	\N	1
1280	45	\N	3	20	\N	15	\N	1
1912	458	\N	3	20	\N	15	\N	1
2032	492	\N	3	20	\N	15	\N	1
4169	858	\N	4	\N	30	\N	30	\N
1284	50	\N	3	20	\N	15	\N	1
1285	170	\N	3	20	\N	15	\N	1
1287	51	\N	3	20	\N	15	\N	1
2201	529	\N	2	\N	30	\N	30	4
2202	529	\N	1	\N	30	\N	30	3
2203	529	\N	0	\N	30	\N	30	2
3252	747	\N	5	\N	30	\N	30	\N
4168	858	\N	5	\N	30	\N	30	\N
3211	733	\N	5	\N	30	\N	30	\N
2269	543	\N	5	\N	30	\N	30	\N
3291	758	\N	5	\N	30	\N	60	\N
4530	522	\N	4	10	\N	10	\N	3
4238	875	\N	4	10	\N	10	\N	3
4230	866	\N	3	\N	24	\N	12	5
4231	866	\N	2	\N	60	\N	30	2
4232	866	\N	1	\N	40	\N	20	3
4473	922	\N	2	8	1	6	1	4
2950	724	\N	0	15	\N	12	\N	2
2951	724	\N	1	12	\N	8	\N	3
2952	724	\N	2	8	\N	6	\N	4
4233	866	\N	0	\N	30	\N	15	4
2954	723	\N	0	15	\N	12	\N	2
2955	723	\N	1	12	\N	8	\N	3
2956	723	\N	2	8	\N	6	\N	4
4474	922	\N	1	12	1	8	1	3
4307	870	\N	0	\N	60	\N	30	\N
4475	922	\N	0	15	1	12	1	2
4476	922	\N	3	20	1	15	1	1
1907	457	\N	3	25	\N	25	\N	1
1493	166	\N	3	20	\N	15	\N	1
1494	196	\N	3	20	\N	15	\N	1
1498	195	\N	3	20	\N	15	\N	1
1506	247	\N	3	20	\N	15	\N	1
4479	922	\N	6	10	1	10	1	1
3471	803	\N	2	8	\N	6	\N	4
3472	803	\N	1	12	\N	8	\N	3
3473	803	\N	0	15	\N	12	\N	2
3474	803	\N	3	20	\N	15	\N	1
4531	606	\N	4	10	2	10	2	3
2991	476	\N	6	10	\N	10	\N	\N
3002	464	\N	6	10	\N	10	\N	\N
3467	802	\N	0	15	1	12	1	2
3468	802	\N	1	12	1	8	1	3
3000	666	\N	6	5	\N	3	\N	\N
4512	701	\N	4	\N	30	\N	30	3
4478	922	\N	5	10	3	10	3	1
2347	608	\N	2	\N	30	\N	30	4
2348	608	\N	1	\N	30	\N	30	3
2349	608	\N	0	\N	30	\N	30	2
1839	400	\N	4	10	2	10	2	3
4345	399	\N	4	10	2	10	2	3
4477	922	\N	4	10	2	10	2	3
4234	875	\N	0	15	\N	12	\N	2
4235	875	\N	1	12	\N	8	\N	3
1512	222	\N	3	20	\N	15	\N	1
4236	875	\N	2	8	\N	6	\N	4
4237	875	\N	3	20	\N	15	\N	1
4308	480	\N	3	20	\N	15	\N	3
4309	480	\N	2	8	\N	6	\N	4
4310	480	\N	1	12	\N	8	\N	3
4311	480	\N	0	15	\N	12	\N	2
4346	107	\N	4	\N	40	\N	20	3
2320	562	\N	2	8	\N	6	\N	4
2321	562	\N	1	12	\N	8	\N	3
2322	562	\N	0	15	\N	12	\N	2
2356	591	\N	2	8	\N	6	\N	4
2357	591	\N	1	12	\N	8	\N	3
2358	591	\N	0	15	\N	12	\N	2
2365	595	\N	2	8	\N	6	\N	4
2366	595	\N	1	12	\N	8	\N	3
2367	595	\N	0	15	\N	12	\N	2
2371	587	\N	2	8	\N	6	\N	4
2372	587	\N	1	12	\N	8	\N	3
2373	587	\N	0	15	\N	12	\N	2
2983	682	\N	6	10	\N	10	\N	\N
2997	685	\N	6	15	\N	12	\N	\N
3006	686	\N	6	15	\N	12	\N	\N
3253	747	\N	6	\N	60	\N	30	\N
2750	675	\N	5	5	\N	3	\N	\N
2204	529	\N	5	\N	60	\N	30	\N
4172	859	\N	4	\N	30	\N	30	3
4166	857	\N	4	\N	30	\N	30	3
2374	593	\N	2	8	\N	6	\N	4
2375	593	\N	1	12	\N	8	\N	3
2376	593	\N	0	15	\N	12	\N	2
2455	597	\N	2	8	\N	6	\N	4
2456	597	\N	1	12	\N	8	\N	3
2457	597	\N	0	15	\N	12	\N	2
2458	590	\N	2	8	\N	6	\N	4
2459	590	\N	1	12	\N	8	\N	3
2460	590	\N	0	15	\N	12	\N	2
4347	375	\N	4	\N	30	\N	30	\N
403	4	\N	1	12	\N	8	\N	3
788	4	\N	2	8	\N	6	\N	4
1170	131	\N	3	20	\N	15	\N	1
4175	860	\N	4	\N	30	\N	30	\N
2275	544	\N	0	15	1	12	1	2
2278	544	\N	3	20	1	15	1	1
1311	190	\N	3	\N	24	\N	24	5
4178	861	\N	4	\N	30	\N	30	\N
675	10	\N	1	12	\N	8	\N	3
2583	643	\N	0	15	\N	12	\N	2
2584	643	\N	1	12	\N	8	\N	3
2912	715	\N	2	8	\N	6	\N	4
2913	715	\N	1	12	\N	8	\N	3
2914	715	\N	0	15	\N	12	\N	2
2754	679	\N	0	15	\N	12	\N	2
2755	679	\N	1	12	\N	8	\N	3
2756	679	\N	2	8	\N	6	\N	4
4177	861	\N	5	\N	30	\N	30	\N
3624	833	\N	5	\N	30	\N	30	\N
4174	860	\N	5	\N	30	\N	30	\N
4180	862	\N	5	\N	30	\N	30	\N
3568	822	\N	5	\N	30	\N	30	\N
4313	619	\N	3	\N	30	\N	30	1
4314	619	\N	2	\N	30	\N	30	1
4315	619	\N	1	\N	30	\N	30	1
4316	619	\N	0	\N	30	\N	30	1
2665	552	\N	3	20	\N	15	\N	1
2770	682	\N	3	20	\N	15	\N	1
2963	725	\N	3	20	\N	15	\N	1
3241	743	\N	3	20	\N	15	\N	1
2785	685	\N	3	20	\N	15	\N	1
2684	470	\N	3	20	\N	15	\N	1
2790	686	\N	3	20	\N	15	\N	1
3479	805	\N	2	8	\N	6	\N	4
3480	805	\N	1	12	\N	8	\N	3
3481	805	\N	0	15	\N	12	\N	2
3482	805	\N	3	20	\N	15	\N	1
1952	473	\N	4	10	\N	10	\N	3
3234	742	\N	0	15	\N	12	\N	2
3235	742	\N	1	12	\N	8	\N	3
3236	742	\N	2	8	\N	6	\N	4
2845	699	\N	0	\N	30	\N	15	4
3279	755	\N	0	15	\N	12	\N	2
3280	755	\N	1	12	\N	8	\N	3
3281	755	\N	2	8	\N	6	\N	4
3668	843	\N	2	8	\N	6	\N	4
3669	843	\N	1	12	\N	8	\N	3
3670	843	\N	0	15	\N	12	\N	2
3671	843	\N	3	20	\N	15	\N	1
2846	699	\N	1	\N	40	\N	20	3
2847	699	\N	2	\N	60	\N	30	2
1373	148	\N	3	\N	24	\N	12	5
3672	844	\N	0	15	\N	12	\N	2
3673	844	\N	1	12	\N	8	\N	3
3674	844	\N	2	8	\N	6	\N	4
3675	844	\N	3	20	\N	15	\N	1
1509	172	\N	3	20	\N	15	\N	1
1393	35	\N	3	20	\N	15	\N	1
2586	643	\N	3	20	\N	15	\N	1
2590	644	\N	3	20	\N	15	\N	1
2594	645	\N	3	20	\N	15	\N	1
2478	612	\N	0	\N	60	\N	60	2
4516	706	\N	4	10	\N	10	\N	3
2092	498	\N	2	\N	30	\N	30	4
1194	49	\N	3	20	\N	15	\N	1
2663	560	\N	3	20	\N	15	\N	1
1855	444	\N	3	20	\N	15	\N	1
1788	435	\N	3	20	\N	15	\N	1
1334	346	\N	3	\N	24	\N	12	5
4532	328	\N	4	10	2	10	2	3
2719	666	\N	5	5	\N	3	\N	\N
3478	804	\N	3	20	1	15	1	1
3477	804	\N	0	15	1	12	1	2
3476	804	\N	1	12	1	8	1	3
3475	804	\N	2	8	1	6	1	4
4517	600	\N	4	10	\N	10	\N	3
1423	330	\N	3	\N	24	\N	12	5
3508	620	\N	4	10	\N	10	\N	3
2853	337	\N	5	10	\N	10	\N	\N
1956	476	\N	4	10	2	10	2	3
1507	249	\N	3	20	1	15	1	1
1792	436	\N	3	20	\N	15	\N	1
2691	609	\N	3	20	\N	15	\N	1
2692	615	\N	3	20	\N	15	\N	1
2694	636	\N	3	20	\N	15	\N	1
2667	549	\N	3	20	\N	15	\N	1
2674	595	\N	3	20	\N	15	\N	1
4312	619	\N	4	\N	30	\N	30	3
2479	580	\N	2	\N	60	\N	30	2
3180	544	\N	6	10	1	10	1	\N
4513	622	\N	4	10	\N	10	\N	3
4514	605	\N	4	10	\N	10	\N	3
2280	544	\N	5	10	3	10	3	\N
2617	649	\N	5	10	3	10	3	\N
2481	580	\N	0	\N	30	\N	15	4
4515	459	\N	4	10	2	10	2	3
4348	825	\N	4	10	2	10	2	3
4349	824	\N	4	10	2	10	2	3
4318	892	\N	5	\N	300	\N	60	\N
1951	473	\N	5	10	\N	10	\N	\N
3074	329	\N	6	\N	30	\N	30	\N
3077	330	\N	6	\N	30	\N	30	\N
3569	822	\N	6	\N	30	\N	30	\N
3082	510	\N	6	\N	30	\N	30	\N
3086	514	\N	6	\N	30	\N	30	\N
3152	449	\N	6	\N	20	\N	20	\N
2717	664	\N	5	10	\N	10	\N	\N
2668	575	\N	3	20	\N	15	\N	1
2670	581	\N	3	20	\N	15	\N	1
2676	597	\N	3	20	\N	15	\N	1
2677	562	\N	3	20	\N	15	\N	1
2679	558	\N	3	20	\N	15	\N	1
2681	577	\N	3	20	\N	15	\N	1
2682	623	\N	3	20	\N	15	\N	1
4534	837	\N	4	10	2	10	2	3
1558	380	\N	4	\N	30	\N	30	\N
2953	724	\N	3	20	\N	15	\N	1
2957	723	\N	3	20	\N	15	\N	1
1187	306	\N	3	12	\N	8	\N	1
1185	220	\N	3	20	\N	15	\N	1
1306	308	\N	3	20	\N	15	\N	1
1222	42	\N	3	20	\N	15	\N	1
1225	239	\N	3	20	\N	15	\N	1
1229	209	\N	3	20	\N	15	\N	1
1305	47	\N	3	20	\N	15	\N	1
1392	36	\N	3	20	\N	15	\N	1
1516	34	\N	3	20	\N	15	\N	1
1384	15	\N	3	20	\N	15	\N	1
1371	9	\N	3	20	\N	15	\N	1
1383	6	\N	3	20	\N	15	\N	1
1537	221	\N	3	20	\N	15	\N	1
1531	373	\N	3	20	\N	15	\N	1
1354	307	\N	3	20	\N	15	\N	1
1530	392	\N	3	20	\N	15	\N	1
1540	229	\N	3	20	\N	15	\N	1
1556	382	\N	4	\N	30	\N	30	\N
2678	584	\N	3	20	5	15	5	1
2178	512	\N	4	\N	30	\N	30	\N
2093	498	\N	3	\N	30	\N	30	3
1205	86	\N	4	\N	30	\N	30	\N
3292	759	\N	5	\N	30	\N	30	\N
1690	406	\N	5	\N	30	\N	30	\N
4350	705	\N	4	10	\N	10	\N	3
2697	620	\N	3	20	\N	15	\N	1
2698	579	\N	3	20	\N	15	\N	1
2699	625	\N	3	20	\N	15	\N	1
2701	605	\N	3	20	\N	15	\N	1
2689	567	\N	3	20	\N	15	\N	1
2926	718	\N	3	20	\N	15	\N	1
2930	717	\N	3	20	\N	15	\N	1
2934	720	\N	3	20	\N	15	\N	1
2938	719	\N	3	20	\N	15	\N	1
2650	614	\N	3	20	1	15	1	1
2870	707	\N	3	12	\N	8	\N	1
1691	370	\N	5	\N	30	\N	30	\N
2940	600	\N	3	20	\N	15	\N	1
1230	52	\N	3	20	\N	15	\N	1
1372	353	\N	3	20	\N	15	\N	1
1399	12	\N	3	20	\N	15	\N	1
1375	7	\N	3	20	\N	15	\N	1
1394	276	\N	3	20	\N	15	\N	1
1525	38	\N	3	20	\N	15	\N	1
1380	17	\N	3	20	\N	15	\N	1
1385	16	\N	3	20	\N	15	\N	1
1522	39	\N	3	20	\N	15	\N	1
2651	467	\N	3	20	\N	15	\N	1
2654	630	\N	3	20	\N	15	\N	1
2655	626	\N	3	20	\N	15	\N	1
2656	590	\N	3	20	\N	15	\N	1
1523	183	\N	3	20	\N	15	\N	1
1460	285	\N	3	\N	60	\N	30	\N
363	284	\N	0	\N	60	\N	30	\N
364	285	\N	0	\N	60	\N	30	\N
2720	667	\N	5	\N	30	\N	30	\N
1673	144	\N	5	\N	30	\N	30	\N
4535	838	\N	4	10	2	10	2	3
3210	733	\N	3	\N	24	\N	12	5
2026	489	\N	4	\N	30	\N	30	3
1459	284	\N	3	\N	60	\N	30	\N
748	284	\N	1	\N	60	\N	30	\N
749	285	\N	1	\N	60	\N	30	\N
4518	158	\N	4	\N	30	\N	15	3
3356	778	\N	4	\N	30	\N	30	\N
4519	157	\N	4	\N	30	\N	15	3
3511	801	\N	4	10	\N	10	\N	3
4536	839	\N	4	10	2	10	2	3
1376	21	\N	3	20	1	15	1	1
2004	476	\N	2	8	1	6	1	4
4533	836	\N	4	10	2	10	2	3
2036	491	\N	3	\N	60	\N	60	3
4184	863	\N	4	\N	30	\N	30	3
2135	503	\N	4	\N	30	\N	30	3
3509	801	\N	6	10	\N	10	\N	\N
4185	863	\N	6	\N	30	\N	30	\N
3265	749	\N	6	10	1	10	1	\N
3358	778	\N	6	\N	60	\N	30	\N
3334	763	\N	4	\N	30	\N	30	\N
1133	284	\N	2	\N	60	\N	30	\N
1134	285	\N	2	\N	60	\N	30	\N
3317	760	\N	4	\N	30	\N	30	\N
3314	761	\N	4	\N	30	\N	30	\N
3308	762	\N	4	\N	30	\N	30	\N
3293	759	\N	4	\N	30	\N	30	\N
3198	731	\N	4	\N	30	\N	30	\N
1659	363	\N	5	\N	30	\N	30	\N
1664	85	\N	5	\N	30	\N	30	\N
3359	779	\N	5	\N	30	\N	30	\N
1692	349	\N	5	\N	30	\N	30	\N
1710	380	\N	5	\N	30	\N	30	\N
1719	285	\N	5	\N	30	\N	30	\N
1714	359	\N	5	\N	30	\N	30	\N
1716	385	\N	5	\N	30	\N	30	\N
1718	284	\N	5	\N	30	\N	30	\N
1721	289	\N	5	\N	30	\N	30	\N
1724	293	\N	5	\N	30	\N	30	\N
1725	297	\N	5	\N	30	\N	30	\N
1702	376	\N	5	\N	30	\N	30	\N
1701	375	\N	5	\N	30	\N	30	\N
2810	690	\N	5	\N	30	\N	30	\N
3272	753	\N	5	\N	30	\N	30	\N
2709	656	\N	5	\N	30	\N	30	\N
2710	658	\N	5	\N	30	\N	30	\N
2550	633	\N	5	\N	30	\N	30	\N
2599	646	\N	5	\N	30	\N	30	\N
2711	657	\N	5	\N	30	\N	30	\N
3313	761	\N	5	\N	30	\N	30	\N
2712	659	\N	5	\N	30	\N	30	\N
3310	762	\N	5	\N	30	\N	30	\N
3316	760	\N	5	\N	30	\N	30	\N
3333	763	\N	5	\N	30	\N	30	\N
2751	676	\N	5	\N	30	\N	30	\N
2752	677	\N	5	\N	30	\N	30	\N
2753	678	\N	5	\N	30	\N	30	\N
2716	663	\N	5	\N	30	\N	30	\N
2916	712	\N	5	\N	30	\N	30	\N
2917	713	\N	5	\N	30	\N	30	\N
2134	512	\N	5	\N	30	\N	30	\N
4186	864	\N	5	\N	30	\N	30	\N
2546	489	\N	5	\N	60	\N	30	\N
1264	98	\N	3	\N	24	\N	12	5
3250	746	\N	5	\N	30	\N	30	\N
212	129	\N	0	15	1	12	1	2
3288	757	\N	5	10	3	10	3	\N
3360	779	\N	6	\N	60	\N	30	\N
3376	782	\N	6	\N	60	\N	30	\N
3287	757	\N	4	10	2	10	2	3
4537	956	\N	0	\N	30	\N	15	4
4538	956	\N	1	\N	40	\N	20	3
4539	956	\N	2	\N	60	\N	30	2
4540	956	\N	3	\N	24	\N	12	5
1726	283	\N	5	10	3	10	3	\N
5	343	\N	0	15	1	12	1	2
1252	160	\N	3	\N	24	\N	12	5
3618	832	\N	5	\N	30	\N	30	\N
26	207	\N	0	\N	30	\N	30	2
3612	831	\N	5	\N	30	\N	30	\N
1995	448	\N	2	\N	1500	\N	1500	3
3599	829	\N	3	\N	24	\N	12	5
1996	448	\N	1	\N	1500	\N	1500	2
1997	448	\N	0	\N	1500	\N	1500	1
3598	829	\N	2	\N	60	\N	30	2
171	155	\N	0	\N	30	\N	15	4
3283	756	\N	2	8	1	6	1	4
1422	24	\N	3	20	6	15	6	1
131	321	\N	0	15	1	12	1	2
97	311	\N	0	15	1	12	1	3
1898	456	\N	0	\N	30	\N	30	2
1900	456	\N	1	\N	30	\N	30	3
3608	831	\N	0	\N	30	\N	30	2
1818	426	\N	2	\N	1500	\N	1500	3
1819	426	\N	1	\N	1500	\N	1500	2
1820	426	\N	0	\N	1500	\N	1500	1
1901	456	\N	2	\N	30	\N	30	4
55	89	\N	0	\N	30	\N	30	2
1289	78	\N	3	\N	90	\N	90	3
1824	425	\N	2	\N	1500	\N	1500	3
1825	425	\N	1	\N	1500	\N	1500	2
1826	425	\N	0	\N	1500	\N	1500	1
3609	831	\N	1	\N	30	\N	30	3
1989	447	\N	2	\N	1500	\N	1500	3
1990	447	\N	1	\N	1500	\N	1500	2
1991	447	\N	0	\N	1500	\N	1500	1
91	154	\N	0	\N	30	\N	30	4
174	273	\N	0	\N	30	\N	30	4
3610	831	\N	2	\N	30	\N	30	4
3611	831	\N	3	\N	30	\N	30	1
138	177	\N	0	\N	30	\N	30	2
3614	832	\N	0	\N	30	\N	30	2
3615	832	\N	1	\N	30	\N	30	3
3616	832	\N	2	\N	30	\N	30	4
3617	832	\N	3	\N	30	\N	30	1
162	147	\N	0	\N	30	\N	15	4
12	314	\N	0	15	1	12	1	3
1301	147	\N	3	\N	24	\N	12	5
156	78	\N	0	\N	60	\N	60	2
2100	506	\N	0	\N	30	\N	30	2
225	56	\N	0	15	1	12	1	2
259	259	\N	0	15	1	12	1	2
2253	539	\N	3	\N	24	\N	12	5
203	272	\N	0	\N	30	\N	30	4
2102	506	\N	2	\N	30	\N	30	4
181	142	\N	0	\N	30	\N	30	2
160	323	\N	0	15	1	12	1	2
173	190	\N	0	\N	30	\N	30	4
159	169	\N	0	16	1	12	1	2
1833	441	\N	2	8	1	6	1	4
1875	451	\N	1	\N	30	\N	30	3
1873	451	\N	0	\N	30	\N	30	2
1876	451	\N	2	\N	30	\N	30	4
1831	441	\N	0	15	1	12	1	2
2054	497	\N	0	\N	30	\N	30	2
1274	314	\N	3	20	1	15	1	2
1799	428	\N	0	\N	30	\N	15	4
1798	428	\N	1	\N	40	\N	20	3
1797	428	\N	2	\N	60	\N	30	2
304	339	\N	0	15	1	12	1	2
109	160	\N	0	\N	30	\N	15	4
220	408	\N	0	\N	30	\N	15	4
293	396	\N	0	\N	30	\N	15	4
111	161	\N	0	\N	30	\N	15	4
1254	161	\N	3	\N	24	\N	12	5
48	107	\N	0	\N	30	\N	15	4
95	44	\N	0	15	1	12	1	2
93	158	\N	0	\N	30	\N	15	4
2629	653	\N	0	\N	30	\N	30	2
2630	653	\N	1	\N	30	\N	30	3
2631	653	\N	2	\N	30	\N	30	4
2632	653	\N	3	\N	30	\N	30	3
1878	452	\N	0	\N	30	\N	30	2
397	314	\N	1	12	1	8	1	4
2675	578	\N	3	10	1	8	1	1
47	106	\N	0	\N	30	\N	15	4
1735	424	\N	5	\N	300	\N	60	\N
4187	864	\N	4	\N	30	\N	30	3
154	157	\N	0	\N	30	\N	15	4
1295	157	\N	3	\N	24	\N	12	5
2053	496	\N	5	\N	60	\N	30	\N
4541	661	\N	4	10	2	10	2	3
766	334	\N	1	12	1	8	1	3
200	390	\N	0	15	1	12	1	2
133	182	\N	0	15	1	12	1	2
3200	731	\N	6	\N	60	\N	30	\N
4188	864	\N	6	\N	30	\N	30	\N
3605	830	\N	3	\N	24	\N	12	5
223	407	\N	0	\N	30	\N	15	4
3613	831	\N	6	\N	30	\N	30	\N
3619	832	\N	6	\N	30	\N	30	\N
3242	737	\N	6	\N	30	\N	30	\N
155	156	\N	0	\N	30	\N	15	4
266	149	\N	0	\N	30	\N	15	4
145	150	\N	0	\N	30	\N	15	4
1879	452	\N	5	\N	60	\N	30	\N
1884	453	\N	5	\N	60	\N	30	\N
2058	497	\N	5	\N	60	\N	30	\N
101	126	\N	0	\N	30	\N	15	4
1248	126	\N	3	\N	24	\N	12	5
108	127	\N	0	\N	30	\N	15	4
1251	127	\N	3	\N	24	\N	12	5
3339	774	\N	3	\N	24	\N	12	5
112	65	\N	0	\N	30	\N	15	4
153	152	\N	0	\N	30	\N	15	4
1765	438	\N	1	\N	40	\N	20	3
273	148	\N	0	\N	30	\N	15	4
2	261	\N	0	\N	30	\N	15	4
1	262	\N	0	\N	30	\N	15	4
130	184	\N	0	\N	30	\N	15	4
148	95	\N	0	\N	30	\N	15	4
100	59	\N	0	\N	30	\N	15	4
255	328	\N	0	15	1	12	1	2
267	395	\N	0	\N	30	\N	15	4
123	98	\N	0	\N	30	\N	15	4
46	97	\N	0	\N	30	\N	15	4
249	337	\N	0	15	1	12	1	2
2229	534	\N	5	\N	60	\N	30	\N
2791	687	\N	2	8	1	6	1	4
1707	330	\N	5	\N	30	\N	30	\N
1708	329	\N	5	\N	30	\N	30	\N
1679	98	\N	5	\N	30	\N	30	\N
2055	497	\N	1	\N	30	\N	30	3
2056	497	\N	2	\N	30	\N	30	4
1678	95	\N	5	\N	30	\N	30	\N
440	89	\N	1	\N	30	\N	30	3
347	119	\N	0	\N	30	\N	30	2
3523	812	\N	3	20	6	15	6	1
2921	716	\N	3	\N	60	\N	60	3
2968	726	\N	3	\N	60	\N	60	3
411	207	\N	1	\N	45	\N	45	2
2112	507	\N	2	\N	30	\N	30	4
2111	507	\N	1	\N	30	\N	30	3
2110	507	\N	0	\N	30	\N	30	2
2105	508	\N	0	\N	30	\N	30	2
2106	508	\N	1	\N	30	\N	30	3
2107	508	\N	2	\N	30	\N	30	4
381	334	\N	0	15	1	12	1	2
3191	729	\N	2	\N	15	\N	15	4
275	151	\N	0	\N	15	\N	15	4
907	138	\N	2	\N	20	\N	20	4
314	23	\N	0	15	1	12	1	2
2792	687	\N	1	12	1	8	1	3
2793	687	\N	0	15	1	12	1	2
556	155	\N	1	\N	40	\N	20	3
547	147	\N	1	\N	40	\N	20	3
432	106	\N	1	\N	40	\N	20	3
2220	533	\N	3	\N	45	\N	45	3
2221	533	\N	2	\N	30	\N	30	4
2222	533	\N	1	\N	30	\N	30	3
541	78	\N	1	\N	60	\N	60	3
482	311	\N	1	12	1	8	1	4
1932	465	\N	4	10	6	10	6	3
545	323	\N	1	12	1	8	1	3
539	157	\N	1	\N	40	\N	20	3
2223	533	\N	0	\N	30	\N	30	2
600	324	\N	1	\N	30	\N	30	2
516	321	\N	1	12	1	8	1	3
476	154	\N	1	\N	40	\N	40	3
608	407	\N	1	\N	40	\N	20	3
558	190	\N	1	\N	40	\N	40	3
559	273	\N	1	14	40	14	40	3
1883	453	\N	0	\N	30	\N	30	2
1885	453	\N	1	\N	30	\N	30	3
523	177	\N	1	\N	30	\N	30	3
1312	273	\N	3	20	24	15	24	1
494	160	\N	1	\N	40	\N	20	3
1341	408	\N	3	\N	24	\N	12	5
605	408	\N	1	\N	40	\N	20	3
496	161	\N	1	\N	40	\N	20	3
478	158	\N	1	\N	40	\N	20	3
317	330	\N	0	\N	30	\N	15	4
480	44	\N	1	12	1	8	1	3
433	107	\N	1	\N	40	\N	20	3
530	150	\N	1	\N	40	\N	20	3
1886	453	\N	2	\N	30	\N	30	4
486	126	\N	1	\N	40	\N	20	3
544	169	\N	1	12	1	8	1	3
1850	443	\N	3	20	10	15	10	1
644	259	\N	1	12	1	8	1	3
2018	488	\N	3	\N	24	\N	12	5
624	116	\N	1	12	1	8	1	3
493	127	\N	1	\N	40	\N	20	3
497	65	\N	1	\N	40	\N	20	3
744	301	\N	1	\N	30	\N	30	3
2019	487	\N	3	\N	24	\N	12	5
402	253	\N	1	12	1	8	1	3
2021	487	\N	1	\N	40	\N	20	3
538	152	\N	1	\N	40	\N	20	3
158	191	\N	0	\N	30	\N	15	4
610	56	\N	1	12	1	8	1	3
396	250	\N	1	12	1	8	1	3
312	31	\N	0	15	1	12	1	2
557	265	\N	1	\N	40	\N	20	3
543	191	\N	1	\N	40	\N	20	3
201	193	\N	0	\N	30	\N	15	4
2224	533	\N	5	\N	300	\N	60	\N
1741	177	\N	5	\N	60	\N	30	\N
3419	793	\N	2	\N	60	\N	30	2
2794	687	\N	5	15	3	12	3	\N
586	193	\N	1	\N	40	\N	20	3
3420	793	\N	3	\N	24	\N	12	5
3418	793	\N	1	\N	40	\N	20	3
3417	793	\N	0	\N	30	\N	15	4
1933	465	\N	5	8	10	8	10	\N
3422	793	\N	6	\N	30	\N	30	\N
340	110	\N	0	\N	30	\N	15	4
202	192	\N	0	\N	30	\N	15	4
587	192	\N	1	\N	40	\N	20	3
175	159	\N	0	\N	30	\N	15	4
560	159	\N	1	\N	40	\N	20	3
2119	509	\N	5	\N	60	\N	60	\N
1766	438	\N	2	\N	60	\N	30	2
224	267	\N	0	\N	30	\N	15	4
609	267	\N	1	\N	40	\N	20	3
387	261	\N	1	\N	40	\N	20	3
386	262	\N	1	\N	40	\N	20	3
292	194	\N	0	\N	30	\N	15	4
515	184	\N	1	\N	40	\N	20	3
533	95	\N	1	\N	40	\N	20	3
1874	451	\N	5	\N	60	\N	30	\N
2109	508	\N	5	\N	60	\N	30	\N
1680	78	\N	5	\N	60	\N	30	\N
1025	328	\N	2	8	1	6	1	4
421	61	\N	1	\N	40	\N	20	3
485	59	\N	1	\N	40	\N	20	3
318	329	\N	0	\N	30	\N	15	4
652	395	\N	1	\N	40	\N	20	3
2006	476	\N	0	15	1	12	1	2
1775	440	\N	3	\N	24	\N	12	5
508	98	\N	1	\N	40	\N	20	3
2005	476	\N	1	12	1	8	1	3
4542	98	\N	4	\N	30	\N	15	3
4543	733	\N	4	\N	30	\N	15	3
1890	454	\N	1	\N	30	\N	30	3
1662	54	\N	5	\N	30	\N	30	\N
1663	55	\N	5	\N	30	\N	30	\N
2854	701	\N	5	\N	30	\N	30	\N
2234	535	\N	5	\N	30	\N	30	\N
2115	509	\N	0	\N	60	\N	60	2
2116	509	\N	1	\N	60	\N	60	3
2117	509	\N	2	\N	60	\N	60	4
2225	534	\N	0	\N	30	\N	30	2
1888	454	\N	0	\N	30	\N	30	2
1891	454	\N	2	\N	30	\N	30	4
2226	534	\N	1	\N	30	\N	30	3
2227	534	\N	2	\N	30	\N	30	4
660	151	\N	1	\N	20	\N	20	3
2380	571	\N	2	8	1	6	1	5
699	23	\N	1	12	1	8	1	3
630	75	\N	1	12	1	8	1	3
1322	169	\N	3	15	1	12	1	1
2382	571	\N	0	15	1	12	1	3
1895	455	\N	1	\N	30	\N	30	3
941	155	\N	2	\N	60	\N	30	2
2381	571	\N	1	12	1	8	1	4
1897	455	\N	3	\N	60	\N	60	3
932	147	\N	2	\N	60	\N	30	2
825	89	\N	2	\N	30	\N	30	4
867	311	\N	2	8	1	6	1	5
924	157	\N	2	\N	60	\N	30	2
993	407	\N	2	\N	60	\N	30	2
2121	510	\N	1	\N	30	\N	30	3
1299	323	\N	3	20	1	15	1	1
925	156	\N	2	\N	60	\N	30	2
3632	836	\N	2	8	1	6	1	4
1364	259	\N	3	20	1	15	1	1
3633	836	\N	1	12	1	8	1	3
903	182	\N	2	8	4	6	4	4
2232	535	\N	2	\N	30	\N	30	4
2231	535	\N	1	\N	30	\N	30	3
2230	535	\N	0	\N	30	\N	30	2
2638	654	\N	3	20	6	15	6	1
796	207	\N	2	\N	60	\N	60	2
2233	535	\N	3	\N	30	\N	30	3
3634	836	\N	0	15	1	12	1	2
3635	836	\N	3	20	1	15	1	1
926	78	\N	2	\N	60	\N	60	4
1036	149	\N	2	\N	60	\N	30	2
871	126	\N	2	\N	60	\N	30	2
2015	488	\N	0	\N	30	\N	15	4
1029	259	\N	2	8	1	6	1	4
966	317	\N	2	8	1	6	1	4
930	323	\N	2	8	1	6	1	4
985	324	\N	2	\N	30	\N	30	2
678	396	\N	1	\N	40	\N	20	3
1388	396	\N	3	\N	24	\N	12	5
881	161	\N	2	\N	60	\N	30	2
865	44	\N	2	8	1	6	1	4
944	273	\N	2	8	60	8	60	2
2016	488	\N	1	\N	40	\N	20	3
1084	23	\N	2	8	1	6	1	4
3369	770	\N	0	\N	30	\N	15	4
3226	738	\N	4	\N	30	\N	30	3
17	253	\N	0	15	1	12	1	2
3370	770	\N	1	\N	40	\N	20	3
3371	770	\N	2	\N	60	\N	30	2
3372	770	\N	3	\N	24	\N	12	5
2020	487	\N	2	\N	60	\N	30	2
2022	487	\N	0	\N	30	\N	15	4
3225	737	\N	4	\N	30	\N	30	3
725	110	\N	1	\N	40	\N	20	3
2017	488	\N	2	\N	60	\N	30	2
3432	795	\N	3	\N	24	\N	12	5
1697	422	\N	5	\N	300	\N	60	\N
3431	795	\N	2	\N	60	\N	30	2
3247	744	\N	5	10	3	10	3	\N
3430	795	\N	1	\N	40	\N	20	3
3374	781	\N	6	\N	60	\N	30	\N
3246	744	\N	6	3	10	3	10	\N
3429	795	\N	0	\N	30	\N	15	4
1770	437	\N	2	\N	60	\N	30	2
882	65	\N	2	\N	60	\N	30	2
923	152	\N	2	\N	60	\N	30	2
928	191	\N	2	\N	60	\N	30	2
228	266	\N	0	\N	30	\N	15	4
1671	44	\N	5	10	3	10	3	\N
2704	426	\N	5	\N	300	\N	300	\N
1894	455	\N	5	\N	60	\N	30	\N
1899	456	\N	5	\N	60	\N	30	\N
613	266	\N	1	\N	40	\N	20	3
998	266	\N	2	\N	60	\N	30	2
2124	510	\N	5	\N	60	\N	30	\N
1767	438	\N	3	\N	24	\N	12	5
3368	771	\N	0	\N	30	\N	15	4
3367	771	\N	1	\N	40	\N	20	3
3366	771	\N	2	\N	60	\N	30	2
3365	771	\N	3	\N	24	\N	12	5
994	267	\N	2	\N	60	\N	30	2
658	148	\N	1	\N	40	\N	20	3
1043	148	\N	2	\N	60	\N	30	2
772	261	\N	2	\N	60	\N	30	2
1178	261	\N	3	\N	24	\N	12	5
771	262	\N	2	\N	60	\N	30	2
1177	262	\N	3	\N	24	\N	12	5
677	194	\N	1	\N	40	\N	20	3
1062	194	\N	2	\N	60	\N	30	2
900	184	\N	2	\N	60	\N	30	2
1925	461	\N	3	\N	24	\N	12	5
640	328	\N	1	12	1	8	1	3
703	329	\N	1	\N	40	\N	20	3
870	59	\N	2	\N	60	\N	30	2
1247	59	\N	3	\N	24	\N	12	5
1037	395	\N	2	\N	60	\N	30	2
1368	395	\N	3	\N	24	\N	12	5
893	98	\N	2	\N	60	\N	30	2
1772	440	\N	0	\N	30	\N	15	4
1773	440	\N	1	\N	40	\N	20	3
2003	476	\N	3	20	1	15	1	1
816	97	\N	2	\N	60	\N	30	2
1207	97	\N	3	\N	24	\N	12	5
2861	704	\N	2	\N	60	\N	30	2
1804	424	\N	4	\N	30	\N	30	3
2287	546	\N	0	15	1	12	1	2
1847	443	\N	0	20	5	20	5	2
1117	119	\N	2	\N	30	\N	30	4
3224	265	\N	5	\N	30	\N	30	\N
2249	538	\N	5	\N	30	\N	30	\N
245	75	\N	0	15	1	12	1	2
2254	539	\N	5	\N	30	\N	30	\N
2099	505	\N	5	\N	30	\N	30	\N
1983	395	\N	5	\N	30	\N	30	\N
2918	716	\N	0	\N	30	\N	30	2
2965	726	\N	0	\N	30	\N	30	2
2919	716	\N	1	\N	30	\N	30	3
2920	716	\N	2	\N	30	\N	30	4
2966	726	\N	1	\N	30	\N	30	3
2967	726	\N	2	\N	30	\N	30	4
3190	729	\N	1	\N	15	\N	15	3
3189	729	\N	0	\N	15	\N	15	2
3322	769	\N	5	\N	30	\N	30	\N
2487	619	\N	5	\N	30	\N	30	\N
1848	443	\N	1	20	5	20	5	2
1849	443	\N	2	20	5	20	5	2
1129	301	\N	2	\N	30	\N	30	4
2189	526	\N	3	20	5	15	5	1
3286	756	\N	3	20	1	15	1	1
2862	704	\N	3	\N	24	\N	12	5
2625	652	\N	0	\N	30	\N	30	2
2626	652	\N	1	\N	30	\N	30	3
2288	546	\N	1	12	1	8	1	3
2627	652	\N	2	\N	30	\N	30	4
2122	510	\N	2	\N	30	\N	30	4
1768	437	\N	0	\N	30	\N	15	4
2734	670	\N	3	\N	60	\N	60	3
2142	514	\N	2	\N	30	\N	30	4
2141	514	\N	1	\N	30	\N	30	3
2140	514	\N	0	\N	30	\N	30	2
2289	546	\N	2	8	1	6	1	4
2855	702	\N	0	15	1	12	1	2
2640	628	\N	3	\N	24	\N	12	5
2863	703	\N	0	\N	30	\N	15	4
2865	703	\N	2	\N	60	\N	30	2
1278	207	\N	3	\N	90	\N	90	3
1267	321	\N	3	20	1	15	1	1
2859	704	\N	0	\N	30	\N	15	4
2731	670	\N	0	\N	30	\N	30	2
2732	670	\N	1	\N	30	\N	30	3
2383	570	\N	0	15	1	12	1	3
2385	570	\N	2	8	1	6	1	5
522	138	\N	1	\N	20	\N	20	3
2860	704	\N	1	\N	40	\N	20	3
1769	437	\N	1	\N	40	\N	20	3
1286	65	\N	3	\N	24	\N	12	5
2494	586	\N	0	\N	30	\N	15	4
990	408	\N	2	\N	60	\N	30	2
1063	396	\N	2	\N	60	\N	30	2
1087	330	\N	2	\N	60	\N	30	2
1834	441	\N	3	20	1	15	1	1
2492	586	\N	2	\N	60	\N	30	2
1290	95	\N	3	\N	24	\N	12	5
3248	745	\N	5	8	3	6	3	\N
1271	182	\N	3	20	5	15	5	1
3536	816	\N	0	15	1	12	1	2
1088	329	\N	2	\N	60	\N	30	2
1009	116	\N	2	8	1	6	1	4
1913	459	\N	0	15	1	12	1	2
1914	459	\N	1	12	1	8	1	3
1455	301	\N	3	\N	60	\N	60	3
3539	816	\N	3	20	1	15	1	1
1915	459	\N	2	8	1	6	1	4
1774	440	\N	2	\N	60	\N	30	2
3323	769	\N	4	\N	30	\N	30	3
2190	526	\N	5	10	3	10	3	\N
2856	702	\N	1	12	1	8	1	3
1472	250	\N	3	20	1	15	1	1
1696	76	\N	5	\N	300	\N	60	\N
1474	253	\N	3	20	1	15	1	1
787	253	\N	2	8	1	6	1	4
1110	110	\N	2	\N	60	\N	30	2
2482	583	\N	5	10	3	10	3	\N
2557	635	\N	5	\N	300	\N	60	\N
2566	638	\N	5	10	3	10	3	\N
3537	816	\N	1	12	1	8	1	3
1805	430	\N	5	\N	300	\N	60	\N
3270	752	\N	5	\N	300	\N	60	\N
2735	670	\N	5	\N	60	\N	30	\N
2245	538	\N	0	\N	30	\N	15	4
2246	538	\N	1	\N	40	\N	20	3
2247	538	\N	2	\N	60	\N	30	2
2248	538	\N	3	\N	24	\N	12	5
3385	785	\N	4	10	2	10	2	3
1667	207	\N	5	\N	60	\N	30	\N
3249	745	\N	6	5	6	3	6	\N
3324	769	\N	6	\N	30	\N	30	\N
3014	508	\N	6	\N	30	\N	30	\N
3018	465	\N	6	8	10	8	10	\N
3021	78	\N	6	\N	60	\N	60	\N
3378	783	\N	6	\N	60	\N	30	\N
3223	265	\N	6	\N	30	\N	30	\N
3271	752	\N	6	\N	300	\N	60	\N
3387	785	\N	6	10	1	10	1	\N
2740	671	\N	5	\N	60	\N	30	\N
1871	449	\N	5	\N	20	\N	20	\N
1987	426	Don't show as a warmup	5	\N	1500	\N	1500	\N
1832	441	\N	1	12	1	8	1	3
2384	570	\N	1	12	1	8	1	4
1533	116	\N	3	20	1	15	1	1
3636	839	\N	2	8	1	6	1	4
3637	839	\N	1	12	1	8	1	3
3638	839	\N	0	15	1	12	1	2
3639	839	\N	3	20	1	15	1	1
3640	838	\N	2	8	1	6	1	4
3641	838	\N	1	12	1	8	1	3
3642	838	\N	0	15	1	12	1	2
3643	838	\N	3	20	1	15	1	1
3644	837	\N	2	8	1	6	1	4
3645	837	\N	1	12	1	8	1	3
3646	837	\N	0	15	1	12	1	2
3647	837	\N	3	20	1	15	1	1
3439	797	\N	0	\N	30	\N	30	1
2123	510	\N	3	\N	60	\N	60	3
3388	786	\N	0	\N	30	\N	30	2
2255	540	\N	0	\N	30	\N	30	4
2341	606	\N	2	8	1	6	1	4
2342	606	\N	1	12	1	8	1	3
1865	446	\N	0	\N	30	\N	30	2
1864	446	\N	1	\N	30	\N	30	3
1863	446	\N	2	\N	30	\N	30	4
2540	631	\N	5	\N	30	\N	30	\N
2343	606	\N	0	15	1	12	1	2
3389	786	\N	1	\N	30	\N	30	3
3205	732	\N	5	\N	30	\N	30	\N
3390	786	\N	2	\N	30	\N	30	4
3391	786	\N	3	\N	60	\N	60	3
2544	632	\N	5	\N	30	\N	30	\N
2971	727	\N	2	\N	30	\N	30	4
2250	539	\N	0	\N	30	\N	15	4
2972	727	\N	1	\N	30	\N	30	3
2973	727	\N	0	\N	30	\N	30	2
2251	539	\N	1	\N	40	\N	20	3
2041	494	\N	0	\N	30	\N	30	2
2042	494	\N	1	\N	30	\N	30	3
3344	775	\N	2	\N	30	\N	30	4
2252	539	\N	2	\N	60	\N	30	2
1343	407	\N	3	\N	24	\N	12	5
3336	774	\N	0	\N	30	\N	15	4
3440	797	\N	1	\N	30	\N	30	2
3441	797	\N	2	\N	30	\N	30	3
3442	797	\N	3	\N	30	\N	30	4
3337	774	\N	1	\N	40	\N	20	3
2157	516	\N	0	\N	30	\N	15	4
2448	607	\N	0	15	1	12	1	2
3448	798	\N	3	\N	30	\N	30	4
2156	516	\N	1	\N	40	\N	20	3
3540	817	\N	2	\N	60	\N	60	4
3541	817	\N	1	\N	60	\N	60	3
3542	817	\N	0	\N	60	\N	60	2
3543	817	\N	3	\N	90	\N	90	3
2447	607	\N	1	12	1	8	1	3
2155	516	\N	2	\N	60	\N	30	2
2446	607	\N	2	8	1	6	1	4
2256	540	\N	1	\N	40	\N	40	3
2257	540	\N	2	\N	60	\N	60	2
3457	800	\N	0	\N	30	\N	30	1
2153	517	\N	0	\N	30	\N	15	4
2152	517	\N	1	\N	40	\N	20	3
1209	107	\N	3	\N	24	\N	12	5
689	339	\N	1	12	1	8	1	3
1074	339	\N	2	8	1	6	1	4
1441	399	\N	3	20	1	15	1	1
342	399	\N	0	15	1	12	1	2
2196	528	\N	0	5	5	3	5	2
2197	528	\N	1	5	5	3	5	3
3458	800	\N	1	\N	30	\N	30	2
2198	528	\N	2	5	5	3	5	4
3459	800	\N	2	\N	30	\N	30	3
2199	528	\N	3	5	10	3	10	1
2151	517	\N	2	\N	60	\N	30	2
3460	800	\N	3	\N	30	\N	30	4
2817	692	\N	0	\N	30	\N	30	2
2818	692	\N	1	\N	30	\N	30	3
2819	692	\N	2	\N	30	\N	30	4
2821	693	\N	0	\N	30	\N	30	2
2822	693	\N	1	\N	30	\N	30	3
2823	693	\N	2	\N	30	\N	30	4
732	119	\N	1	\N	30	\N	30	3
2517	627	\N	1	\N	40	\N	20	3
3546	818	\N	0	15	1	12	1	2
3547	818	\N	1	12	1	8	1	3
3548	818	\N	2	8	1	6	1	4
3549	818	\N	3	20	1	15	1	1
2276	544	\N	1	12	1	8	1	3
1868	449	\N	2	\N	20	\N	20	3
1869	449	\N	1	\N	20	\N	20	3
1870	449	\N	0	\N	20	\N	20	3
908	177	\N	2	\N	30	\N	30	4
2707	655	\N	2	\N	60	\N	30	2
2516	627	\N	0	\N	30	\N	15	4
2518	627	\N	2	\N	60	\N	30	2
1924	461	\N	2	\N	60	\N	30	2
2519	627	\N	5	\N	24	\N	24	\N
3545	817	\N	6	\N	60	\N	60	\N
1345	56	\N	3	20	1	15	1	1
1923	461	\N	1	\N	40	\N	20	3
1922	461	\N	0	\N	30	\N	15	4
1410	328	\N	3	20	1	15	1	1
2944	721	\N	5	10	3	10	3	\N
2814	691	\N	5	10	3	10	3	\N
3652	840	\N	6	\N	30	\N	30	\N
3104	502	\N	6	\N	30	\N	30	\N
3450	798	\N	6	\N	300	\N	60	\N
3393	786	\N	6	\N	60	\N	30	\N
3444	797	\N	6	\N	60	\N	30	\N
3462	800	\N	6	\N	60	\N	30	\N
3449	798	\N	5	\N	300	\N	60	\N
2049	496	\N	0	\N	30	\N	30	2
2050	496	\N	1	\N	30	\N	30	3
2051	496	\N	2	\N	30	\N	30	4
2264	541	\N	5	\N	30	\N	30	\N
2265	543	\N	0	\N	30	\N	30	2
3654	841	\N	2	4	1	3	1	4
3655	841	\N	1	6	1	4	1	3
3656	841	\N	0	8	1	6	1	2
3657	841	\N	3	10	1	8	1	1
2266	543	\N	1	\N	30	\N	30	3
2267	543	\N	2	\N	30	\N	30	4
2825	694	\N	0	\N	30	\N	30	2
2826	694	\N	1	\N	30	\N	30	3
2827	694	\N	2	\N	30	\N	30	4
2829	695	\N	0	\N	30	\N	30	2
2830	695	\N	1	\N	30	\N	30	3
2831	695	\N	2	\N	30	\N	30	4
2833	696	\N	0	\N	30	\N	30	2
2834	696	\N	1	\N	30	\N	30	3
2835	696	\N	2	\N	30	\N	30	4
2975	728	\N	2	\N	30	\N	30	4
2976	728	\N	1	\N	30	\N	30	3
2977	728	\N	0	\N	30	\N	30	2
2035	491	\N	2	\N	30	\N	30	4
2034	491	\N	1	\N	30	\N	30	3
2033	491	\N	0	\N	30	\N	30	2
2350	584	\N	2	8	4	6	4	4
3469	802	\N	2	8	1	6	1	4
3470	802	\N	3	20	1	15	1	1
2244	537	\N	5	\N	30	\N	30	\N
3554	820	\N	0	15	1	12	1	2
3555	820	\N	1	12	1	8	1	3
3556	820	\N	2	8	1	6	1	4
3557	820	\N	3	20	1	15	1	1
3304	764	\N	5	\N	30	\N	30	\N
3415	792	\N	5	\N	30	\N	30	\N
3412	791	\N	5	\N	30	\N	30	\N
3325	770	\N	5	\N	30	\N	30	\N
3562	821	\N	5	\N	30	\N	30	\N
2839	698	\N	2	\N	60	\N	30	2
2838	698	\N	1	\N	40	\N	20	3
2837	698	\N	0	\N	30	\N	15	4
2841	697	\N	0	\N	30	\N	15	4
2842	697	\N	1	\N	40	\N	20	3
2843	697	\N	2	\N	60	\N	30	2
1282	311	\N	3	20	1	15	1	2
3207	733	\N	0	\N	30	\N	15	4
3208	733	\N	1	\N	40	\N	20	3
3658	842	\N	0	\N	30	\N	30	2
3659	842	\N	1	\N	30	\N	30	3
3209	733	\N	2	\N	60	\N	30	2
3660	842	\N	2	\N	30	\N	30	4
3661	842	\N	3	\N	60	\N	60	3
3455	799	\N	5	10	3	10	3	\N
3409	790	\N	5	10	3	10	3	\N
390	343	\N	1	12	1	8	1	3
1415	339	\N	3	20	1	15	1	1
775	343	\N	2	8	1	6	1	4
2893	710	\N	5	\N	300	\N	60	\N
1279	26	\N	3	20	1	15	1	1
1500	138	\N	3	\N	30	\N	30	3
3648	840	\N	0	\N	30	\N	15	4
3649	840	\N	1	\N	40	\N	20	3
2351	584	\N	1	12	1	8	1	3
3662	842	\N	5	\N	60	\N	30	\N
3212	733	\N	6	\N	30	\N	30	\N
2352	584	\N	0	15	1	12	1	2
3650	840	\N	2	\N	60	\N	30	2
3651	840	\N	3	\N	24	\N	12	5
3561	821	\N	3	\N	24	\N	12	5
3306	764	\N	6	\N	30	\N	30	\N
3106	207	\N	6	\N	30	\N	30	\N
3107	538	\N	6	\N	30	\N	30	\N
2980	665	\N	6	\N	30	\N	30	\N
2982	425	Don't show as a warmup	6	\N	1500	\N	1500	\N
2984	448	Don't show as a warmup	6	\N	1500	\N	1500	\N
2985	119	\N	6	\N	30	\N	30	\N
3305	764	\N	4	\N	30	\N	30	3
2562	637	\N	5	\N	30	\N	30	\N
3451	799	\N	0	15	1	12	1	2
3452	799	\N	1	12	1	8	1	3
3453	799	\N	2	8	1	6	1	4
3454	799	\N	3	20	1	15	1	1
3127	440	\N	6	\N	60	\N	30	\N
2804	689	\N	5	\N	30	\N	30	\N
2094	498	\N	5	\N	30	\N	30	\N
1682	142	\N	5	\N	30	\N	30	\N
1324	142	\N	3	\N	30	\N	30	3
2850	700	\N	1	\N	40	\N	20	3
2959	612	\N	5	\N	30	\N	60	\N
2851	700	\N	2	\N	60	\N	30	2
3134	460	\N	6	\N	60	\N	30	\N
1309	155	\N	3	\N	24	\N	12	5
2377	594	\N	2	8	1	6	1	4
3174	628	\N	6	\N	60	\N	30	\N
2527	628	\N	5	\N	60	\N	30	\N
588	272	\N	1	\N	40	\N	40	3
861	154	\N	2	\N	60	\N	60	2
973	272	\N	2	\N	60	\N	60	2
1296	156	\N	3	\N	24	\N	12	5
566	142	\N	1	\N	30	\N	30	3
951	142	\N	2	\N	30	\N	30	4
540	156	\N	1	\N	40	\N	20	3
651	149	\N	1	\N	40	\N	20	3
2526	628	\N	2	\N	60	\N	30	2
915	150	\N	2	\N	60	\N	30	2
2524	628	\N	0	\N	30	\N	15	4
2525	628	\N	1	\N	40	\N	20	3
2849	700	\N	0	\N	30	\N	15	4
1273	150	\N	3	\N	24	\N	12	5
943	190	\N	2	\N	60	\N	60	2
2476	612	\N	2	\N	60	\N	60	4
2477	612	\N	1	\N	60	\N	60	3
2091	498	\N	1	\N	30	\N	30	3
2090	498	\N	0	\N	30	\N	30	2
2277	544	\N	2	8	1	6	1	4
2379	594	\N	0	15	1	12	1	2
2378	594	\N	1	12	1	8	1	3
945	159	\N	2	\N	60	\N	30	2
2452	578	\N	2	4	1	3	1	4
2453	578	\N	1	6	1	4	1	3
2454	578	\N	0	8	1	6	1	2
2463	616	\N	0	\N	30	\N	15	4
2462	616	\N	1	\N	40	\N	20	3
2461	616	\N	2	\N	60	\N	30	2
3327	771	\N	5	\N	60	\N	30	\N
1858	445	\N	0	15	1	12	1	2
1859	445	\N	1	12	1	8	1	3
1860	445	\N	2	8	1	6	1	4
3667	773	\N	0	\N	30	\N	15	4
3666	773	\N	1	\N	40	\N	20	3
3665	773	\N	2	\N	60	\N	30	2
3664	773	\N	3	\N	24	\N	12	5
2705	655	\N	0	\N	30	\N	15	4
2706	655	\N	1	\N	40	\N	20	3
2469	576	\N	0	\N	30	\N	15	4
2468	576	\N	1	\N	40	\N	20	3
3215	734	\N	2	8	4	6	4	4
2467	576	\N	2	\N	60	\N	30	2
2260	541	\N	0	\N	30	\N	15	2
2480	580	\N	1	\N	40	\N	20	3
2715	662	\N	5	5	3	3	3	\N
3566	822	\N	2	\N	60	\N	30	2
3213	734	\N	0	15	1	12	1	2
2262	541	\N	2	\N	60	\N	30	4
2261	541	\N	1	\N	40	\N	20	3
2242	537	\N	2	\N	60	\N	30	4
2240	537	\N	0	\N	30	\N	15	2
2241	537	\N	1	\N	40	\N	20	3
2574	640	\N	5	10	3	10	3	\N
3214	734	\N	1	12	1	8	1	3
2279	544	\N	4	10	2	10	2	3
3564	822	\N	0	\N	30	\N	15	4
3565	822	\N	1	\N	40	\N	20	3
3567	822	\N	3	\N	24	\N	12	5
3320	768	\N	4	10	2	10	2	3
2898	714	\N	4	10	2	10	2	3
3663	842	\N	6	\N	30	\N	30	\N
3116	526	\N	6	10	1	10	1	\N
3071	291	\N	6	3	10	3	10	\N
3154	426	Don't show as a warmup	6	\N	1500	\N	1500	\N
3155	505	\N	6	\N	30	\N	30	\N
3159	529	\N	6	\N	30	\N	30	\N
3162	710	\N	6	\N	60	\N	60	\N
3165	537	\N	6	\N	30	\N	30	\N
3166	541	\N	6	\N	30	\N	30	\N
3129	627	\N	6	\N	30	\N	30	\N
3131	446	\N	6	\N	30	\N	30	\N
3175	142	\N	6	\N	30	\N	30	\N
3052	53	\N	6	\N	60	\N	30	\N
2188	526	\N	2	8	4	6	4	4
3574	824	\N	0	15	1	12	1	2
3575	824	\N	1	12	1	8	1	3
3576	824	\N	2	8	1	6	1	4
3577	824	\N	3	20	1	15	1	1
2795	687	\N	3	20	1	15	1	1
2758	680	\N	0	15	1	12	1	2
2759	680	\N	1	12	1	8	1	3
2760	680	\N	2	8	1	6	1	4
2762	681	\N	0	15	1	12	1	2
2763	681	\N	1	12	1	8	1	3
2764	681	\N	2	8	1	6	1	4
3590	828	\N	5	\N	30	\N	30	\N
3578	825	\N	0	15	1	12	1	2
3579	825	\N	1	12	1	8	1	3
3580	825	\N	2	8	1	6	1	4
3581	825	\N	3	20	1	15	1	1
2661	607	\N	3	15	1	12	1	1
3488	807	\N	4	\N	30	\N	30	3
1827	430	\N	4	\N	30	\N	30	3
2840	698	\N	3	\N	24	\N	12	5
1374	151	\N	3	\N	12	\N	12	5
2680	571	\N	3	20	1	15	1	2
2228	534	\N	3	\N	60	\N	60	3
2820	692	\N	3	\N	60	\N	60	3
2824	693	\N	3	\N	60	\N	60	3
1994	448	\N	3	\N	1500	\N	1500	4
1817	426	\N	3	\N	1500	\N	1500	4
1823	425	\N	3	\N	1500	\N	1500	4
1988	447	\N	3	\N	1500	\N	1500	4
2057	497	\N	3	\N	60	\N	60	3
1444	119	\N	3	\N	60	\N	60	3
1882	452	\N	3	\N	60	\N	60	3
2108	508	\N	3	\N	60	\N	60	3
1902	456	\N	3	\N	60	\N	60	3
2143	514	\N	3	\N	60	\N	60	3
3582	826	\N	0	15	1	12	1	2
3583	826	\N	1	12	1	8	1	3
3584	826	\N	2	8	1	6	1	4
3585	826	\N	3	20	1	15	1	1
2662	594	\N	3	20	1	15	1	1
2693	546	\N	3	20	1	15	1	1
2672	606	\N	3	20	1	15	1	1
3676	845	\N	0	\N	30	\N	30	2
3677	845	\N	1	\N	30	\N	30	3
3678	845	\N	2	\N	30	\N	30	4
2852	700	\N	3	\N	24	\N	12	5
1208	106	\N	3	\N	24	\N	12	5
2844	697	\N	3	\N	24	\N	12	5
2866	703	\N	3	\N	24	\N	12	5
2154	516	\N	3	\N	24	\N	12	5
1346	266	\N	3	\N	24	\N	12	5
3254	748	\N	0	\N	30	\N	15	4
3586	827	\N	0	15	1	12	1	2
3587	827	\N	1	12	1	8	1	3
3588	827	\N	2	8	1	6	1	4
3589	827	\N	3	20	1	15	1	1
3505	768	\N	0	15	1	12	1	2
3504	768	\N	1	12	1	8	1	3
3503	768	\N	2	8	1	6	1	4
3502	768	\N	3	20	1	15	1	1
1226	27	\N	3	20	6	15	6	1
1349	29	\N	3	20	6	15	6	1
1397	159	\N	3	\N	24	\N	12	5
1517	23	\N	3	20	1	15	1	1
1326	317	\N	3	20	1	15	1	1
3595	828	\N	0	\N	30	\N	15	4
1216	89	\N	3	\N	60	\N	60	3
2696	612	\N	3	\N	90	\N	90	3
3192	729	\N	3	\N	15	\N	15	3
2628	652	\N	3	\N	60	\N	60	3
3594	828	\N	1	\N	40	\N	20	3
2739	671	\N	3	\N	60	\N	60	3
1862	446	\N	3	\N	45	\N	45	3
1336	324	\N	3	\N	60	\N	60	3
3593	828	\N	2	\N	60	\N	30	2
2974	727	\N	3	\N	60	\N	60	3
3345	775	\N	3	\N	60	\N	60	3
2052	496	\N	3	\N	60	\N	60	3
2118	509	\N	3	\N	90	\N	90	3
2268	543	\N	3	\N	60	\N	60	3
2828	694	\N	3	\N	60	\N	60	3
2832	695	\N	3	\N	60	\N	60	3
2836	696	\N	3	\N	60	\N	60	3
2103	506	\N	3	\N	60	\N	60	3
1887	453	\N	3	\N	60	\N	60	3
1892	454	\N	3	\N	60	\N	60	3
1877	451	\N	3	\N	60	\N	60	3
2113	507	\N	3	\N	60	\N	60	3
2200	529	\N	3	\N	60	\N	60	3
2978	728	\N	3	\N	60	\N	60	3
2648	570	\N	3	20	1	15	1	2
3592	828	\N	3	\N	24	\N	12	5
3591	828	\N	6	\N	60	\N	30	\N
2187	526	\N	1	12	1	8	1	3
1344	267	\N	3	\N	24	\N	12	5
3679	845	\N	3	\N	30	\N	30	3
2708	655	\N	3	\N	24	\N	12	5
1424	329	\N	3	\N	24	\N	12	5
2700	627	\N	3	\N	24	\N	12	5
1835	441	\N	4	10	2	10	2	3
2186	526	\N	0	15	1	12	1	2
1681	169	\N	5	10	3	10	3	\N
1470	334	\N	3	20	1	15	1	1
2803	689	\N	0	\N	30	\N	15	4
3487	807	\N	5	\N	300	\N	60	\N
2802	689	\N	1	\N	40	\N	20	3
2801	689	\N	2	\N	60	\N	30	2
3493	807	\N	6	\N	300	\N	60	\N
2805	689	\N	3	\N	24	\N	12	5
3319	768	\N	5	10	3	10	3	\N
1409	337	\N	3	20	1	15	1	1
1998	448	Don't show as a warmup	5	\N	1500	\N	1500	\N
4193	866	\N	4	\N	30	\N	30	\N
4192	866	\N	5	\N	30	\N	30	\N
1867	449	\N	3	\N	30	\N	30	4
1916	459	\N	3	20	1	15	1	1
1861	445	\N	3	20	1	15	1	1
2652	608	\N	3	\N	60	\N	60	3
1175	154	\N	3	\N	24	\N	24	5
1398	272	\N	3	\N	24	\N	24	5
1407	390	\N	3	20	5	15	5	1
3384	784	\N	5	\N	30	\N	30	\N
3600	829	\N	5	\N	30	\N	30	\N
3606	830	\N	5	\N	30	\N	30	\N
3515	810	\N	3	20	6	15	6	1
4351	664	\N	4	10	\N	10	\N	3
1333	129	\N	3	20	1	15	1	1
3597	829	\N	1	\N	40	\N	20	3
3596	829	\N	0	\N	30	\N	15	4
3602	830	\N	0	\N	30	\N	15	4
4319	893	\N	0	15	\N	12	\N	2
4320	893	\N	1	12	\N	8	\N	3
4321	893	\N	2	8	\N	6	\N	4
4322	893	\N	3	20	\N	15	\N	1
1244	158	\N	3	\N	24	\N	12	5
4380	904	\N	0	15	\N	12	\N	2
4381	904	\N	1	12	\N	8	\N	3
4382	904	\N	2	8	\N	6	\N	4
4383	904	\N	3	20	\N	15	\N	1
4384	904	\N	4	10	\N	10	\N	3
4385	905	\N	2	8	\N	6	\N	4
4386	905	\N	1	12	\N	8	\N	3
4387	905	\N	0	15	\N	12	\N	2
4388	905	\N	3	20	\N	15	\N	1
4389	906	\N	2	8	\N	6	\N	4
4390	906	\N	1	12	\N	8	\N	3
4391	906	\N	0	15	\N	12	\N	2
4392	906	\N	3	20	\N	15	\N	1
4393	907	\N	2	8	\N	6	\N	4
4394	907	\N	1	12	\N	8	\N	3
4395	907	\N	0	15	\N	12	\N	2
4396	907	\N	3	20	\N	15	\N	1
4397	907	\N	4	10	\N	10	\N	3
4402	908	\N	4	\N	30	\N	30	3
2730	669	\N	4	10	\N	10	\N	3
3603	830	\N	1	\N	40	\N	20	3
3379	784	\N	0	\N	60	\N	30	\N
3380	784	\N	1	\N	60	\N	30	\N
3381	784	\N	2	\N	60	\N	30	\N
3382	784	\N	3	\N	60	\N	30	\N
1439	110	\N	3	\N	24	\N	12	5
4190	865	\N	4	\N	30	\N	30	3
4413	905	\N	4	10	\N	10	\N	3
4414	906	\N	4	10	\N	10	\N	3
4424	912	\N	4	\N	30	\N	30	3
4429	913	\N	4	\N	30	\N	30	3
4434	914	\N	4	\N	30	\N	30	3
4401	908	\N	3	\N	30	\N	30	1
4398	908	\N	2	\N	30	\N	30	4
4399	908	\N	1	\N	30	\N	30	3
4400	908	\N	0	\N	30	\N	30	2
4439	915	\N	4	10	\N	10	\N	3
3604	830	\N	2	\N	60	\N	30	2
1367	149	\N	3	\N	24	\N	12	5
1771	437	\N	3	\N	24	\N	12	5
1310	265	\N	3	\N	24	\N	12	5
1294	152	\N	3	\N	24	\N	12	5
2848	699	\N	3	\N	24	\N	12	5
1298	191	\N	3	\N	24	\N	12	5
1327	193	\N	3	\N	24	\N	12	5
1328	192	\N	3	\N	24	\N	12	5
2658	616	\N	3	\N	24	\N	12	5
2150	517	\N	3	\N	24	\N	12	5
1387	194	\N	3	\N	24	\N	12	5
1266	184	\N	3	\N	24	\N	12	5
2653	586	\N	3	\N	24	\N	12	5
2683	576	\N	3	\N	24	\N	12	5
2641	580	\N	3	\N	24	\N	12	5
4419	911	\N	4	10	2	10	2	3
2858	702	\N	3	20	1	15	1	1
4407	909	\N	4	10	2	10	2	3
4415	911	\N	0	15	1	12	1	2
4412	910	\N	4	\N	30	\N	30	3
1669	91	\N	5	\N	300	\N	60	\N
3601	829	\N	6	\N	30	\N	30	\N
3607	830	\N	6	\N	30	\N	30	\N
4191	865	\N	6	\N	30	\N	30	\N
4194	866	\N	6	\N	60	\N	30	\N
1670	63	\N	5	\N	300	\N	60	\N
2209	530	\N	5	\N	300	\N	60	\N
3427	794	\N	5	\N	300	\N	60	\N
2491	585	\N	5	\N	300	\N	60	\N
3437	796	\N	5	\N	300	\N	60	\N
4416	911	\N	1	12	1	8	1	3
4417	911	\N	2	8	1	6	1	4
4418	911	\N	3	20	1	15	1	1
4406	909	\N	6	5	10	3	10	\N
4405	909	\N	5	10	3	10	3	\N
1982	484	\N	4	10	\N	10	\N	3
4148	851	\N	4	\N	30	\N	30	3
3438	796	\N	6	\N	300	\N	60	\N
4171	859	\N	5	\N	30	\N	30	\N
4165	857	\N	5	\N	30	\N	30	\N
4444	916	\N	4	\N	30	\N	30	3
4459	919	\N	4	10	\N	10	\N	3
4464	920	\N	4	10	\N	10	\N	3
4162	856	\N	5	\N	30	\N	30	\N
2263	541	\N	3	\N	24	\N	12	5
2243	537	\N	3	\N	24	\N	12	5
4465	867	\N	3	\N	24	\N	12	5
4466	867	\N	2	\N	60	\N	30	2
4467	867	\N	1	\N	40	\N	20	3
4468	867	\N	0	\N	30	\N	15	4
1920	460	\N	5	\N	30	\N	30	\N
3373	781	\N	5	10	3	10	3	\N
3680	845	\N	5	\N	60	\N	30	\N
3499	808	\N	6	\N	300	\N	60	\N
3681	845	\N	6	\N	60	\N	30	\N
3112	503	\N	6	\N	30	\N	30	\N
3146	641	\N	6	10	1	10	1	\N
1723	292	\N	5	10	3	10	3	\N
2238	536	\N	3	20	1	15	1	1
1032	28	\N	2	8	1	6	1	4
995	56	\N	2	8	1	6	1	4
836	27	\N	2	8	1	6	1	4
837	26	\N	2	8	1	6	1	4
3522	812	\N	2	8	1	6	1	4
1151	334	\N	2	8	1	6	1	4
1031	29	\N	2	8	1	6	1	4
781	250	\N	2	8	1	6	1	4
1030	30	\N	2	8	1	6	1	4
3538	816	\N	2	8	1	6	1	4
3514	810	\N	2	8	1	6	1	4
2857	702	\N	2	8	1	6	1	4
2237	536	\N	2	8	1	6	1	4
1083	24	\N	2	8	1	6	1	4
2236	536	\N	1	12	1	8	1	3
645	30	\N	1	12	1	8	1	3
646	29	\N	1	12	1	8	1	3
647	28	\N	1	12	1	8	1	3
698	24	\N	1	12	1	8	1	3
585	390	\N	1	12	1	8	1	3
3521	812	\N	1	12	1	8	1	3
451	27	\N	1	12	1	8	1	3
452	26	\N	1	12	1	8	1	3
697	31	\N	1	12	1	8	1	3
3513	810	\N	1	12	1	8	1	3
518	182	\N	1	12	1	8	1	3
3520	812	\N	0	15	1	12	1	2
3361	780	\N	0	15	1	12	1	2
66	27	\N	0	15	1	12	1	2
262	28	\N	0	15	1	12	1	2
3512	810	\N	0	15	1	12	1	2
261	29	\N	0	15	1	12	1	2
2235	536	\N	0	15	1	12	1	2
260	30	\N	0	15	1	12	1	2
2634	654	\N	0	15	1	12	1	2
313	24	\N	0	15	1	12	1	2
4454	918	\N	4	\N	30	\N	30	3
2903	711	\N	4	10	2	10	2	3
4449	917	\N	4	10	2	10	2	3
3558	821	\N	0	\N	30	\N	15	4
3559	821	\N	1	\N	40	\N	20	3
3560	821	\N	2	\N	60	\N	30	2
634	337	\N	1	12	1	8	1	3
3020	533	\N	6	\N	300	\N	60	\N
3121	583	\N	6	10	1	10	1	\N
3063	536	\N	6	8	1	6	1	\N
3163	711	\N	6	10	1	10	1	\N
3178	582	\N	6	10	1	10	1	\N
3494	808	\N	5	\N	300	\N	60	\N
1703	353	\N	5	10	\N	10	\N	\N
3346	775	\N	5	\N	60	\N	30	\N
1851	443	\N	5	10	\N	10	\N	\N
1993	425	Don't show as a warmup	5	\N	1500	\N	1500	\N
4167	857	\N	6	\N	60	\N	30	\N
3148	470	\N	6	10	\N	10	\N	\N
3084	392	\N	6	10	\N	10	\N	\N
3113	515	\N	6	10	\N	10	\N	\N
3153	472	\N	6	10	\N	10	\N	\N
3012	532	\N	6	10	\N	10	\N	\N
3055	668	\N	6	10	\N	10	\N	\N
4287	888	\N	6	10	\N	10	\N	\N
3186	337	\N	6	10	\N	10	\N	\N
3143	642	\N	6	10	\N	10	\N	\N
3067	467	\N	6	10	\N	10	\N	\N
3078	490	\N	6	10	\N	10	\N	\N
4293	889	\N	6	10	\N	10	\N	\N
4140	848	\N	6	\N	60	\N	30	\N
3009	478	\N	6	10	\N	10	\N	\N
3300	766	\N	6	\N	60	\N	30	\N
3297	767	\N	6	\N	60	\N	30	\N
3108	581	\N	6	10	\N	10	\N	\N
2987	473	\N	6	10	\N	10	\N	\N
4341	897	\N	6	3	10	3	10	\N
3290	758	\N	6	\N	60	\N	60	\N
3111	458	\N	6	10	\N	10	\N	\N
3062	346	\N	6	\N	30	\N	15	\N
3119	504	\N	6	15	\N	12	\N	\N
3029	500	\N	6	10	\N	10	\N	\N
3028	480	\N	6	10	\N	10	\N	\N
3125	457	\N	6	15	\N	12	\N	\N
3039	501	\N	6	10	\N	10	\N	\N
3061	443	\N	6	10	\N	10	\N	\N
3072	353	\N	6	10	\N	10	\N	\N
3047	86	\N	6	\N	60	\N	30	\N
3050	401	\N	6	\N	60	\N	30	\N
3010	452	\N	6	\N	30	\N	30	\N
3011	453	\N	6	\N	30	\N	30	\N
3013	451	\N	6	\N	30	\N	30	\N
4170	858	\N	6	\N	60	\N	30	\N
3144	577	\N	6	10	\N	10	\N	\N
3158	722	\N	6	15	\N	12	\N	\N
3161	675	\N	6	5	\N	3	\N	\N
3135	471	\N	6	10	\N	10	\N	\N
3085	399	\N	6	10	1	10	1	\N
3140	636	\N	6	10	\N	10	\N	\N
3001	424	\N	6	\N	300	\N	60	\N
3151	484	\N	6	10	\N	10	\N	\N
3110	670	\N	6	\N	60	\N	30	\N
3141	706	\N	6	10	\N	10	\N	\N
3003	647	\N	6	10	\N	10	\N	\N
4179	861	\N	6	\N	60	\N	30	\N
3625	833	\N	6	\N	60	\N	30	\N
4176	860	\N	6	\N	60	\N	30	\N
3184	649	\N	6	10	1	10	1	\N
3185	664	\N	6	10	\N	10	\N	\N
4317	892	\N	6	\N	300	\N	300	\N
3506	620	\N	6	10	\N	10	\N	\N
3172	674	\N	6	10	\N	10	\N	\N
3139	585	\N	6	\N	300	\N	60	\N
3081	422	\N	6	\N	300	\N	60	\N
4182	862	\N	6	\N	60	\N	30	\N
4242	877	\N	6	10	1	10	1	\N
4240	876	\N	6	10	1	10	1	\N
3130	721	\N	6	3	10	3	10	\N
3222	736	\N	6	\N	60	\N	30	\N
3294	759	\N	6	\N	60	\N	30	\N
3015	144	\N	6	\N	60	\N	30	\N
3016	72	\N	6	\N	60	\N	30	\N
3091	285	\N	6	\N	60	\N	30	\N
3094	359	\N	6	\N	60	\N	30	\N
3273	753	\N	6	\N	60	\N	30	\N
3289	757	\N	6	\N	60	\N	30	\N
3095	385	\N	6	\N	60	\N	30	\N
3096	284	\N	6	\N	60	\N	30	\N
3097	289	\N	6	\N	60	\N	30	\N
3099	293	\N	6	\N	60	\N	30	\N
3100	297	\N	6	\N	60	\N	30	\N
3101	376	\N	6	\N	60	\N	30	\N
3102	375	\N	6	\N	60	\N	30	\N
3408	789	\N	6	\N	60	\N	30	\N
3312	762	\N	6	\N	60	\N	30	\N
3315	761	\N	6	\N	60	\N	30	\N
3318	760	\N	6	\N	60	\N	30	\N
3335	763	\N	6	\N	60	\N	30	\N
2989	512	\N	6	\N	60	\N	30	\N
3004	667	\N	6	\N	60	\N	30	\N
3109	690	\N	6	\N	60	\N	30	\N
3027	146	\N	6	\N	60	\N	30	\N
3045	367	\N	6	\N	60	\N	30	\N
3046	365	\N	6	\N	60	\N	30	\N
3048	319	\N	6	\N	60	\N	30	\N
3049	363	\N	6	\N	60	\N	30	\N
3051	85	\N	6	\N	60	\N	30	\N
3053	349	\N	6	\N	60	\N	30	\N
3065	406	\N	6	\N	60	\N	30	\N
3066	370	\N	6	\N	60	\N	30	\N
3073	382	\N	6	\N	60	\N	30	\N
3080	350	\N	6	\N	60	\N	30	\N
3083	379	\N	6	\N	60	\N	30	\N
3087	361	\N	6	\N	60	\N	30	\N
3088	355	\N	6	\N	60	\N	30	\N
3089	357	\N	6	\N	60	\N	30	\N
3090	380	\N	6	\N	60	\N	30	\N
3145	633	\N	6	\N	60	\N	30	\N
3147	646	\N	6	\N	60	\N	30	\N
3150	657	\N	6	\N	60	\N	30	\N
3157	659	\N	6	\N	60	\N	30	\N
3164	676	\N	6	\N	60	\N	30	\N
3133	656	\N	6	\N	60	\N	30	\N
3169	677	\N	6	\N	60	\N	30	\N
3170	678	\N	6	\N	60	\N	30	\N
3177	489	\N	6	\N	60	\N	30	\N
3179	663	\N	6	\N	60	\N	30	\N
3137	658	\N	6	\N	60	\N	30	\N
3187	712	\N	6	\N	60	\N	30	\N
3188	713	\N	6	\N	60	\N	30	\N
3070	283	\N	6	6	10	6	10	\N
3194	730	\N	6	3	10	3	10	\N
4241	877	\N	5	10	3	10	3	\N
3251	746	\N	6	\N	60	\N	30	\N
4173	859	\N	6	\N	60	\N	30	\N
2988	447	Don't show as a warmup	6	\N	1500	\N	1500	\N
3123	691	\N	6	10	1	10	1	\N
3005	687	\N	6	15	1	12	1	\N
2998	506	\N	6	\N	30	\N	30	\N
2999	89	\N	6	\N	30	\N	30	\N
3008	497	\N	6	\N	30	\N	30	\N
3114	619	\N	6	\N	30	\N	30	\N
3117	539	\N	6	\N	30	\N	30	\N
3456	799	\N	6	10	1	10	1	\N
3060	390	\N	6	10	1	10	1	\N
3023	98	\N	6	\N	30	\N	30	\N
3025	507	\N	6	\N	30	\N	30	\N
3026	499	\N	6	\N	30	\N	30	\N
3032	509	\N	6	\N	60	\N	60	\N
3033	454	\N	6	\N	30	\N	30	\N
3036	455	\N	6	\N	30	\N	30	\N
3563	821	\N	6	\N	30	\N	30	\N
3044	456	\N	6	\N	30	\N	30	\N
3054	426	\N	6	\N	300	\N	300	\N
3058	716	\N	6	\N	30	\N	30	\N
3059	726	\N	6	\N	30	\N	30	\N
3037	535	\N	6	\N	30	\N	30	\N
3057	689	\N	6	\N	30	\N	30	\N
3040	91	\N	6	\N	300	\N	60	\N
3120	76	\N	6	\N	300	\N	60	\N
3115	635	\N	6	\N	300	\N	60	\N
3126	430	\N	6	\N	300	\N	60	\N
3413	791	\N	6	\N	60	\N	30	\N
3326	770	\N	6	\N	60	\N	30	\N
2995	496	\N	6	\N	60	\N	30	\N
3122	638	\N	6	10	1	10	1	\N
2979	169	\N	6	10	1	10	1	\N
3034	177	\N	6	\N	60	\N	30	\N
3124	671	\N	6	\N	60	\N	30	\N
3031	93	\N	6	\N	60	\N	30	\N
3041	54	\N	6	\N	60	\N	30	\N
3042	55	\N	6	\N	60	\N	30	\N
3132	632	\N	6	\N	60	\N	30	\N
3176	637	\N	6	\N	60	\N	30	\N
3043	44	\N	6	10	1	10	1	\N
3128	540	\N	6	\N	20	\N	20	\N
3181	498	\N	6	\N	30	\N	30	\N
3183	612	\N	6	\N	60	\N	60	\N
3156	543	\N	6	\N	30	\N	30	\N
3321	768	\N	6	\N	30	\N	30	\N
3069	63	\N	6	\N	300	\N	60	\N
3416	792	\N	6	\N	60	\N	30	\N
3075	292	\N	6	3	10	3	10	\N
3182	640	\N	6	10	1	10	1	\N
3068	654	\N	6	15	1	12	1	\N
3263	750	\N	6	10	1	10	1	\N
3261	751	\N	6	10	1	10	1	\N
3383	784	\N	6	\N	60	\N	30	\N
3173	530	\N	6	\N	300	\N	60	\N
3428	794	\N	6	\N	300	\N	60	\N
2981	531	\N	6	\N	60	\N	30	\N
3167	661	\N	6	10	1	10	1	\N
3030	75	\N	6	10	1	10	1	\N
3168	714	\N	6	10	1	10	1	\N
3243	737	\N	5	\N	30	\N	30	\N
2789	686	\N	5	15	\N	12	\N	\N
4220	575	\N	5	10	\N	10	\N	\N
1963	480	\N	5	10	\N	10	\N	\N
2074	501	\N	5	10	\N	10	\N	\N
4378	902	\N	5	10	\N	10	\N	\N
1905	457	\N	5	15	\N	12	\N	\N
1909	458	\N	5	10	\N	10	\N	\N
2970	581	\N	5	10	\N	10	\N	\N
2079	502	\N	5	\N	60	\N	30	\N
3510	801	\N	5	10	\N	10	\N	\N
2114	507	\N	5	\N	60	\N	30	\N
2144	514	\N	5	\N	60	\N	30	\N
2922	716	\N	5	\N	60	\N	30	\N
3392	786	\N	5	\N	60	\N	30	\N
3443	797	\N	5	\N	60	\N	30	\N
3461	800	\N	5	\N	60	\N	30	\N
1866	446	\N	5	\N	60	\N	30	\N
1992	447	Don't show as a warmup	5	\N	1500	\N	1500	\N
2259	540	\N	5	\N	20	\N	20	\N
1747	89	\N	5	\N	60	\N	30	\N
1749	119	\N	5	\N	60	\N	30	\N
2104	506	\N	5	\N	60	\N	30	\N
2214	531	\N	5	\N	60	\N	30	\N
3328	771	\N	6	\N	60	\N	30	\N
3022	95	\N	6	\N	60	\N	30	\N
3136	395	\N	6	\N	60	\N	30	\N
1687	390	\N	5	10	3	10	3	\N
2725	668	\N	5	10	\N	10	\N	\N
3142	639	\N	6	10	1	10	1	\N
1712	399	\N	5	10	3	10	3	\N
3171	662	\N	6	\N	60	\N	30	\N
1695	392	\N	5	10	\N	10	\N	\N
2637	654	\N	5	15	3	12	3	\N
1948	472	\N	5	10	\N	10	\N	\N
3193	730	\N	5	10	3	10	3	\N
2219	532	\N	5	10	\N	10	\N	\N
1938	467	\N	5	10	\N	10	\N	\N
3264	749	\N	5	10	3	10	3	\N
2028	490	\N	5	10	\N	10	\N	\N
3056	701	\N	6	\N	60	\N	30	\N
1841	75	\N	5	10	3	10	3	\N
3262	750	\N	5	10	3	10	3	\N
2570	639	\N	5	10	3	10	3	\N
3035	534	\N	6	\N	60	\N	30	\N
1958	478	\N	5	10	\N	10	\N	\N
2063	499	\N	5	10	\N	10	\N	\N
2545	577	\N	5	10	\N	10	\N	\N
2949	722	\N	5	10	\N	10	\N	\N
2880	484	\N	5	10	\N	10	\N	\N
2958	674	\N	5	10	\N	10	\N	\N
3507	620	\N	5	10	\N	10	\N	\N
1889	454	\N	5	\N	60	\N	30	\N
4205	869	\N	5	\N	30	\N	60	\N
1689	346	\N	5	\N	30	\N	15	\N
2718	665	\N	5	\N	30	\N	30	\N
3421	793	\N	5	\N	30	\N	30	\N
2084	503	\N	5	\N	30	\N	30	\N
3340	774	\N	5	\N	60	\N	30	\N
1944	470	\N	5	10	\N	10	\N	\N
4292	889	\N	5	10	\N	10	\N	\N
3404	788	\N	5	\N	30	\N	30	\N
2713	660	\N	5	5	3	3	3	\N
4239	876	\N	5	10	3	10	3	\N
2483	582	\N	5	10	3	10	3	\N
2714	661	\N	5	10	3	10	3	\N
2897	714	\N	5	10	3	10	3	\N
2902	711	\N	5	10	3	10	3	\N
2239	536	\N	5	8	3	6	3	\N
3626	834	\N	5	10	3	10	3	\N
1722	291	\N	5	10	3	10	3	\N
3386	785	\N	5	10	3	10	3	\N
2582	641	\N	5	10	3	10	3	\N
4544	957	\N	4	10	2	10	2	3
4545	957	\N	3	20	1	15	1	1
4546	957	\N	2	8	1	6	1	4
4547	957	\N	1	12	1	8	1	3
4548	957	\N	0	15	1	12	1	2
4549	959	\N	4	10	2	10	2	3
4550	959	\N	3	20	1	15	1	1
4551	959	\N	2	8	1	6	1	4
4552	959	\N	1	12	1	8	1	3
4553	959	\N	0	15	1	12	1	2
4554	958	\N	4	10	2	10	2	3
4555	958	\N	3	20	1	15	1	1
4556	958	\N	2	8	1	6	1	4
4557	958	\N	1	12	1	8	1	3
4558	958	\N	0	15	1	12	1	2
3363	780	\N	2	8	1	6	1	4
3362	780	\N	1	12	1	8	1	3
3364	780	\N	3	20	1	15	1	1
1303	30	\N	3	20	1	15	1	1
1365	28	\N	3	20	1	15	1	1
1082	31	\N	2	8	1	6	1	4
1520	31	\N	3	20	1	15	1	1
4559	960	\N	0	15	\N	12	\N	2
4560	960	\N	1	12	\N	8	\N	3
4561	960	\N	2	8	\N	6	\N	4
4562	960	\N	3	20	\N	15	\N	1
4563	961	\N	5	\N	30	\N	30	\N
4564	961	\N	6	\N	60	\N	30	\N
4565	962	\N	5	\N	30	\N	30	\N
4566	962	\N	6	\N	60	\N	30	\N
4567	963	\N	5	\N	30	\N	30	\N
4568	963	\N	6	\N	60	\N	30	\N
4569	964	\N	5	\N	30	\N	30	\N
4570	964	\N	4	\N	30	\N	30	\N
4571	964	\N	6	\N	60	\N	30	\N
4572	965	\N	5	\N	30	\N	30	\N
4573	965	\N	4	\N	30	\N	30	\N
4574	965	\N	6	\N	60	\N	30	\N
4575	966	\N	5	\N	30	\N	30	\N
4576	966	\N	4	\N	30	\N	30	\N
4577	966	\N	6	\N	60	\N	30	\N
4578	967	\N	5	\N	30	\N	30	\N
4579	967	\N	6	\N	60	\N	30	\N
4580	968	\N	5	\N	30	\N	30	\N
4581	968	\N	6	\N	60	\N	30	\N
4582	969	\N	5	\N	30	\N	30	\N
4583	969	\N	6	\N	60	\N	30	\N
4584	970	\N	5	\N	30	\N	30	\N
4585	970	\N	6	\N	60	\N	30	\N
4586	971	\N	0	\N	30	\N	15	4
4587	971	\N	1	\N	40	\N	20	3
4588	971	\N	2	\N	60	\N	30	2
4589	971	\N	3	\N	24	\N	12	5
4590	971	\N	5	\N	30	\N	30	\N
4591	971	\N	6	\N	60	\N	30	\N
4592	972	\N	0	\N	30	\N	15	4
4593	972	\N	1	\N	40	\N	20	3
4594	972	\N	2	\N	60	\N	30	2
4595	972	\N	3	\N	24	\N	12	5
4596	972	\N	5	\N	30	\N	30	\N
4597	972	\N	6	\N	60	\N	30	\N
4598	973	\N	5	\N	30	\N	30	\N
4599	973	\N	6	\N	30	\N	30	\N
2609	247	\N	5	10	\N	10	\N	\N
3149	247	\N	6	10	\N	10	\N	\N
4600	974	\N	5	\N	30	\N	30	\N
4601	974	\N	6	\N	60	\N	30	\N
167	47	\N	0	15	\N	12	\N	2
552	47	\N	1	12	\N	8	\N	3
418	49	\N	1	12	\N	8	\N	3
490	50	\N	1	12	\N	8	\N	3
4602	975	\N	4	\N	30	\N	30	3
4603	976	\N	4	\N	60	\N	30	3
4605	976	\N	6	\N	60	\N	30	\N
4604	976	\N	5	\N	30	\N	30	1
4606	977	\N	4	\N	60	\N	30	3
4607	977	\N	5	\N	30	\N	30	1
4608	977	\N	6	\N	60	\N	30	\N
\.


--
-- Data for Name: variation; Type: TABLE DATA; Schema: public; Owner: -
--

COPY public.variation ("Id", "DefaultInstructionId", "AnimatedImage", "AntiGravity", "DisabledReason", "IsWeighted", "MobilityJoints", "MovementPattern", "MuscleContractions", "MuscleMovement", "Name", "Notes", "SecondaryMuscles", "StaticImage", "StrengthMuscles", "StretchMuscles", "Unilateral", "UseCaution") FROM stdin;
902	1745	\N	f	\N	f	8388608	0	6	2	Floor Angels	\N	0	wall-angels.jpg	131104	327756	f	f
780	1579	squats-box.webp	t	\N	t	0	32	6	2	Box Squats	\N	1025	squats-box.jpg	2816	0	f	f
795	1608	side-plank-hip-drops.webp	f	\N	f	0	0	7	3	Side Plank with Hip Lifts	\N	4	side-plank-hip-drops.jpg	33169	0	t	f
502	1122	squat-jumps.webp	f	\N	f	0	32	6	4	Jump Squats	\N	1	squat-jumps.jpg	3840	0	f	f
663	1410	\N	f	\N	f	0	0	1	1	Half-Kneeling Hip Flexor Stretch	\N	0	hip-flexor-stretch.jpg	0	10496	t	f
436	1032	\N	f	\N	t	0	0	6	2	Lying Reverse Single Leg Lift	Standing exercises are more osteogenic, but also easier to cheat the correct muscles.	8193	reverse-lying-single-leg-lift.jpg	256	0	t	f
827	1647	squats-sumo.webp	t	\N	f	0	32	6	2	Assisted Sumo Squats	\N	1025	sumo-squats.jpg	35712	0	f	f
595	\N	\N	f	\N	t	2097152	0	6	2	Wrist Pronation and Supination	\N	0	wrist-rotations-alt.jpg	16384	0	f	f
293	856	\N	f	\N	f	0	0	1	1	Cobra Stretch	\N	0	cobra-stretch.jpg	135328	8203	f	f
676	1423	\N	f	It's like a combination or the Camel and Bow pose. Let each pose do it's specific function to its full capacity.	f	0	0	1	1	One-Leg Camel Stretch	\N	0	camel-pose-one-leg.jpg	2304	73741	t	f
541	1185	\N	f	\N	f	0	0	7	2	Lateral Crab Walk	\N	4	reverse-tabletop.jpg	401	0	f	f
800	1617	\N	f	\N	f	0	0	6	4	Seated Fast Feet	\N	1	jogging.jpg	12032	0	f	f
717	\N	\N	f	\N	t	0	16	6	2	Single Clean and Press	Although power cleans share a lot of similarities with plyometric exercises, they’re not considered plyometrics due to the fact that it only focuses on building up strength rather than speed and agility.	1	deadlift.jpg	3040	0	f	t
635	1370	boxer-shuffle.webp	f	\N	f	0	0	6	4	Boxer Shuffle	\N	1	shadow-boxing.jpg	12032	0	f	f
815	\N	chinups-assisted.webp	f	\N	f	12582912	8	6	2	Assisted Chinups	\N	196644	full-pullups.jpg	16450	0	f	f
841	\N	pullups-commando.webp	t	\N	t	12582912	8	6	2	Assisted Commando Pullups	\N	196644	pullups-commando.jpg	16450	0	t	f
814	\N	pullups-assisted.webp	f	\N	f	12582912	8	6	2	Assisted Pullups	t=6.50-16s	131108	full-pullups.jpg	81986	0	f	f
28	610	\N	f	\N	f	0	32	6	2	Front Staggered Squats	\N	1025	squats-staggered-front.jpg	2816	0	f	f
506	\N	\N	f	\N	f	0	0	6	4	Depth Drops	\N	1	depth-drop.jpg	1792	0	f	t
395	962	\N	f	\N	f	8388608	0	1	1	Reverse Tabletop	Not strength, belongs in warmup/cooldown	0	reverse-tabletop-alt.jpg	261	4	f	f
768	1563	bridge-yoga-alt.webp	f	\N	f	0	16	6	2	Yoga Bridge	\N	8320	glute-bridges-yoga.jpg	2816	0	f	f
608	\N	\N	f	Duplicate of Landmine Oblique Twists	t	0	256	6	2	Landmine Rotations	\N	8704	tight-twist.jpg	209	0	f	f
726	1499	\N	f	Uhm...	f	2097152	0	1	1	Figure 8 Wrist Mobilization	\N	0	wrist-bend.jpg	16384	0	f	f
698	1451	\N	f	\N	f	0	0	1	1	Extended Forearm Plank	\N	2052	hand-plank.jpg	8337	0	f	f
546	\N	chinups-full.webp	t	\N	t	12582912	8	6	2	Chinups	\N	196644	full-chinups.jpg	16450	0	f	f
253	705	lateral-squat.webp	t	\N	t	0	32	6	2	Lateral Squat	\N	17	lateral-squat.jpg	35584	0	t	f
892	1725	\N	f	\N	f	0	0	1	1	Shavasana	\N	0	shavasana.jpg	0	0	f	f
753	1544	\N	f	\N	f	0	0	1	1	Revolved Triangle Stretch	\N	0	triangle-stretch-revolved.jpg	0	33296	t	f
549	\N	\N	t	Duplicate of Chinups	f	12582912	8	6	2	Narrow-Grip Chinups	\N	131109	narrow-pullups.jpg	81986	0	f	f
707	\N	\N	f	\N	t	12582912	0	6	2	Scapular Pullups	Not a vertical pulling movement. Does not cover the full range of motion.	65542	full-pullups.jpg	147488	0	f	f
778	1576	\N	f	\N	f	0	0	1	1	Gate Stretch	aka. Parighasana 	0	gate-stretch.jpg	0	295440	t	f
550	\N	\N	t	\N	f	12582912	8	6	2	Jackknife Chinups	\N	196644	jackknife-pullups.jpg	16450	0	f	f
42	\N	\N	t	More likely to cause tendon imflammation? Just stick with Full Pullups.	f	12582912	8	6	2	One-Arm Pullups	\N	131108	one-arm-pullups.jpg	81986	0	t	f
36	\N	\N	t	\N	f	12582912	8	6	2	Jackknife Pullups	\N	131108	jackknife-pullups.jpg	81986	0	f	f
782	1582	\N	f	\N	f	0	0	1	1	Fish Stretch	aka. Matsyasana	0	fish-stretch.jpg	132	9	f	f
802	1619	deep-squats.webp	t	\N	t	0	32	6	2	Deep Squats	\N	1	squat-deep.jpg	2816	0	f	t
670	\N	\N	f	\N	f	0	256	6	4	Rotational Box Jumps	\N	42113	box-jumps.jpg	2832	0	f	f
324	600	\N	f	Duplciate of Weighted Glute Bridges	t	0	0	1	1	Weighted Glute Bridge Hold	\N	512	glute-bridges.jpg	256	0	f	f
710	1472	speed-bag-punches.webp	f	This is just a weird exercise. If I'm going to re-enable, add a Speed Bag as equipment.	f	0	0	6	4	Speed Bag Air Punches	\N	1	shadow-boxing.jpg	4098	0	f	f
437	1039	\N	f	\N	f	0	0	1	1	Reverse One-Leg Forearm Plank	\N	8964	reverse-forearm-plank.jpg	145	0	t	f
183	1371	renegade-row.webp	f	\N	t	0	256	7	2	Renegade Row	Does not work horizontal pulling functional movements--you're limited in the weight you can pull by how strong your core is, so it's primarily an anti-rotation movement. Because of the weight limitation, I'm keeping the strenghening muscles to minor muscle groups and anti-rotation muscle groups. Back and arm muscles are tagged as stability muscle groups.	219494	dumbbell-plank-row.jpg	145	0	t	f
14	641	\N	f	Inbetween step that seems too verbose.	f	0	0	6	2	Alternating Leg Raises	\N	16	alternating-leg-raises.jpg	8193	0	t	f
532	1176	pike-pushups.webp	f	\N	f	0	4	6	2	Pike Pushups	\N	262321	pike-pushups.jpg	4108	0	f	f
668	1415	pike-pushups-elevated.webp	f	\N	f	0	4	6	2	Elevated Pike Pushups	\N	262321	elevated-pike-pushups.jpg	4108	0	f	f
152	797	forearm-side-plank-hip-drops.webp	f	\N	f	0	0	7	3	Forearm Side Plank with Hip Lifts	\N	4	forearm-side-plank-hip-lifts.jpg	33169	0	t	f
597	\N	pullover.webp	t	\N	t	0	0	6	2	Pullover	\N	4096	pullover.jpg	262216	0	f	f
728	\N	\N	f	\N	t	0	256	6	2	Landmine Twists (Arms Only)	\N	8704	tight-twist.jpg	209	0	f	f
151	615	\N	f	Duplicate of Forearm Side Plank with Hip Lift	f	0	0	7	3	Forearm Side Plank with Hip Lifts	\N	4	forearm-side-plank-hip-lifts.jpg	33169	0	t	f
357	918	\N	f	\N	f	83886080	0	1	1	Dolphin Stretch	\N	0	dolphin-stretch.jpg	0	1548	f	f
582	1250	dolphin-plank.webp	f	\N	f	83886080	0	7	2	Forearm Plank to Dolphin	\N	0	dolphin-stretch.jpg	270485	1024	f	f
492	\N	ball-slam.webp	f	\N	t	0	0	6	4	Ball Slam	\N	0	ball-slam.jpg	64	35	f	f
515	\N	squat-throws.webp	f	\N	t	0	32	6	4	Squat Throws	\N	1	squat-throws.jpg	3840	0	f	f
222	\N	lateral-raise.webp	f	\N	t	0	0	6	2	Lateral Raise	\N	458784	lateral-raise-alt.jpg	4	0	t	f
367	928	\N	f	\N	f	0	0	1	1	Lizard Stretch	\N	0	lizard-stretch.jpg	0	43776	t	f
425	\N	\N	f	Can't do on a treadmill. Requires outdoors while I want to keep these to at-home exercises.	f	0	0	6	4	Sprinting	\N	0	sprinting.jpg	12032	1	f	f
501	1121	inch-worms.webp	f	\N	f	0	1	6	2	Inch Worms	\N	0	full-pushups.jpg	4108	199553	f	f
700	1453	\N	f	Duplicate of Forearm Plank with Reach. Reach allows you to slowdown and engage your core, shoulder taps are to quick	f	0	0	7	2	Forearm Plank Shoulder Taps	\N	2052	plank-shoulder-taps.jpg	8337	0	f	f
769	1564	\N	f	\N	f	0	16	1	1	Supported Shoulder Stand	\N	8320	shoulder-stand-supported-alt.jpg	2816	0	f	f
723	\N	pullup-negatives.webp	f	\N	f	0	8	6	2	Pullup Negatives	\N	65541	full-pullups.jpg	16482	0	f	f
430	1610	jogging.webp	f	\N	f	0	0	6	4	Jogging (in place)	\N	1	jogging.jpg	12032	0	f	f
426	\N	\N	f	You go for a warmup jog, not a warmup run.	f	0	0	6	4	Running	\N	1	running.jpg	12032	0	f	f
447	\N	\N	f	Can't do on a treadmill. Requires outdoors while I want to keep these to at-home exercises.	f	0	0	6	4	Bounding	\N	0	bounding.jpg	12032	1	f	f
630	\N	lat-pulldown-straight-arm.webp	f	\N	t	8388608	0	6	8	Straight-Arm Lat Pulldowns	It’s a great exercise to hone in on your lats. The straight arm pulldown exercise is as close to an isolation exercise for the lats as there is.\n\nThe only downside with this lat pulldown variation is there's a low ceiling for load potential. This is really purely an accessory movement. 	131108	lat-pulldown-straight-arm.jpg	64	0	f	f
797	1613	fast-fast.webp	f	\N	f	0	0	6	4	Fast Feet	\N	1	jogging.jpg	12032	0	f	f
449	1051	\N	f	Duplicate of Lateral Bounds	f	0	0	6	4	One-Leg Lateral Jumps	\N	0	lateral-jumps.jpg	768	1	t	f
507	1132	\N	f	\N	f	0	0	6	4	Hurdle Hops	\N	1	hurdle-hops.jpg	3840	0	f	f
508	1131	\N	f	\N	f	0	0	6	4	One-Leg Hurdle Hops	\N	1	one-leg-hurdle-hops.jpg	3840	0	t	f
155	577	\N	f	\N	f	0	0	7	2	Plank with Alternating Opposite Reach	\N	2052	plank-opposite-reach.jpg	8337	0	f	f
752	\N	hula-hoop.webp	f	\N	f	0	0	6	4	Hula Hoop	\N	0	hula-hoop.jpg	232705	0	f	f
781	1581	\N	f	\N	f	0	0	1	1	Locust	aka. Salabhasana	0	locust.jpg	384	9	f	f
724	\N	\N	f	\N	f	0	8	6	2	Chinup Negatives	\N	196644	full-pullups.jpg	16450	0	f	f
798	1612	\N	f	\N	f	0	0	6	4	Seated Toe Taps	\N	0	jogging.jpg	524288	0	f	f
330	878	\N	f	\N	f	0	0	7	2	Lateral Bear Crawl	\N	269060	bear-crawl.jpg	145	0	f	f
748	1533	\N	f	\N	f	0	0	1	1	L Sit	\N	131105	l-sit-alt.jpg	8321	0	f	f
656	1403	\N	f	\N	f	0	0	1	1	Frog Stretch (Mandukasana)	\N	0	frog-stretch.jpg	0	33024	f	f
490	1104	\N	f	\N	f	0	0	6	2	Standing Scapular Retraction	\N	0	standing-t.jpg	131108	65536	f	f
329	879	bear-crawl.webp	f	\N	f	0	0	7	2	Bear Crawl	\N	269060	bear-crawl.jpg	145	0	f	f
581	1249	\N	f	\N	f	0	0	6	10	Hamstring Curls	\N	0	hamstring-slides.jpg	512	0	f	f
516	1150	\N	f	\N	t	0	0	7	11	Single Leg Lift from Reverse Forearm Plank	\N	2564	reverse-one-leg-plank-alt.jpg	8593	0	t	f
825	1645	split-squat-assisted.webp	t	\N	f	117440512	64	6	10	Assisted ATG Split Squat	\N	1025	split-squat.jpg	2816	8192	t	f
657	1405	\N	f	\N	f	0	0	1	1	Frog Stretch (Bhekasana)	\N	0	frog-pose.jpg	0	67597	f	f
498	\N	halo.webp	f	\N	t	0	0	6	2	Plate Halo	\N	131104	front-raise.jpg	327684	0	t	f
699	1452	\N	f	\N	f	0	256	1	1	One-Arm One-Leg Forearm Plank	\N	0	plank-one-arm-one-leg.jpg	8337	0	t	f
116	803	split-squat-elevated.webp	t	\N	t	50331648	64	6	2	Bulgarian Split Squats	\N	513	bulgarian-split-squat.jpg	35072	0	t	f
521	\N	flyes-dumbbell.webp	f	\N	t	0	0	6	2	Chest Fly	\N	0	bodyweight-fly.jpg	8	0	f	f
829	1650	\N	f	\N	f	0	0	1	1	Pike Plank	\N	479268	pike-pushups.jpg	145	0	f	f
770	1565	\N	f	\N	f	0	0	1	1	Crow Hold	\N	36	crow-stretch.jpg	4289	0	f	f
866	1695	\N	f	\N	f	0	0	1	1	Crane Hold	\N	36	crow-stretch.jpg	4289	0	f	f
45	566	\N	f	\N	f	0	4	6	2	Wall Bridges	\N	32	wall-bridges.jpg	4224	0	f	f
895	\N	back-extension.webp	f	\N	f	0	0	6	2	Reverse Hyperextensions	\N	512	back-extension.jpg	256	129	f	t
607	\N	hanging-oblique-raises.webp	f	\N	t	0	0	6	2	Hanging Oblique Raises	\N	82048	hanging-oblique-raises.jpg	8209	0	f	f
632	1354	\N	f	\N	f	16777216	0	1	1	Standing Half Forward Fold	\N	0	forward-bend-half.jpg	0	896	f	f
319	556	\N	f	\N	f	0	0	1	1	Half Reclined Hero Stretch	\N	0	fish-out-of-hero-stretch.jpg	0	534528	f	f
612	1308	\N	f	\N	f	0	0	1	1	Deep Squat Hold	\N	1	squat-deep.jpg	2816	0	f	f
547	\N	\N	t	More likely to cause tendon imflammation? Just stick with Full Chinups.	f	12582912	8	6	2	One-Hand Chinups	\N	131109	one-arm-pullups.jpg	81986	0	t	f
548	\N	\N	t	More likely to cause tendon imflammation? Just stick with Full Chinups.	f	12582912	8	6	2	One-Arm Chinups	\N	131109	one-arm-pullups.jpg	81986	0	t	f
380	944	\N	f	\N	f	0	0	1	1	Knees to Chest Stretch	\N	0	knees-to-chest-stretch.jpg	0	448	f	f
540	1184	\N	f	\N	f	0	0	6	4	Plank to Pike Jumps	\N	4	pike-pushups.jpg	8193	0	f	f
39	\N	\N	t	More likely to cause tendon imflammation? Just stick with Full Pullups.	f	12582912	8	6	2	One-Hand Pullups	\N	131108	one-arm-pullups.jpg	81986	0	t	f
727	\N	\N	f	\N	t	0	256	6	4	Landmine Twists	aka. Full-Contact Twists	8704	tight-twist.jpg	209	0	f	f
855	1684	\N	f	Duplicate of Bird Dogs	f	0	0	1	1	Balancing Table Stretch	\N	0	bird-dogs.jpg	2304	73741	f	f
285	847	\N	f	Better when combined with Cow Stretch. See Cat/Cow Combo Stretch	f	0	0	1	1	Cat Stretch	\N	135266	cat-stretch.jpg	0	137	f	f
146	781	\N	f	\N	f	0	0	1	1	One-Arm Camel Stretch	\N	0	camel-pose-one-arm.jpg	2304	335885	t	f
144	779	\N	f	Regular Camel is enough.	f	0	0	1	1	Full Camel Stretch	\N	0	camel-pose-full.jpg	2304	73741	f	f
562	1227	\N	f	\N	f	33554432	0	6	2	Reverse Nordic Curl	\N	512	nordic-hamstrings.jpg	2048	0	f	f
523	1168	\N	f	Don't need the twist	t	0	0	6	2	Decline Twisting Dumbbell Fly	\N	0	decline-dumbbell-fly.jpg	12	0	f	f
667	1414	\N	f	Let's try to stick with Yoga poses for cooldown stretches. Camel pose covers these same muscles.	f	0	0	1	1	Chest and Shoulders Stretch	\N	0	chest-and-shoulders-stretch.jpg	0	327694	f	f
284	846	\N	f	Better when combined with Cat Stretch. See Cat/Cow Combo Stretch	f	0	0	1	1	Cow Stretch	\N	4107	cow-stretch.jpg	0	131296	f	f
763	1559	\N	f	\N	f	16777216	0	1	1	Eye of the Needle Stretch	\N	0	eye-of-the-needle-stretch.jpg	0	40960	f	f
736	1516	\N	f	\N	f	0	0	1	1	Half Lotus Stretch	\N	0	lotus-stretch-half.jpg	0	40960	t	f
614	1312	\N	f	\N	t	0	0	6	10	Standing Inner Thigh Leg Lift	\N	0	standing-inner-thigh-leg-lift.jpg	33024	8209	f	f
720	\N	\N	f	\N	t	0	16	6	2	Double Clean and Press	Although power cleans share a lot of similarities with plyometric exercises, they’re not considered plyometrics due to the fact that it only focuses on building up strength rather than speed and agility.	1	deadlift.jpg	3040	0	f	t
544	1189	side-lying-leg-lift.webp	f	\N	t	0	0	7	10	Side-Lying Leg Lifts	Standing exercises are more osteogenic, but also easier to cheat the correct muscles.	8209	side-lying-leg-raises.jpg	33024	0	t	f
896	\N	\N	f	\N	f	33554432	0	6	2	Assisted Reverse Nordic Curl	\N	512	nordic-hamstrings.jpg	2048	0	f	f
578	\N	pullups-commando.webp	t	\N	t	12582912	8	6	2	Commando Pullups	\N	196644	pullups-commando.jpg	16450	0	t	f
38	\N	\N	t	Duplicate of Pullups	f	12582912	8	6	2	Narrow-Grip Pullups	\N	131108	narrow-pullups.jpg	81986	0	f	f
86	739	\N	f	\N	f	0	0	1	1	Downward Dog	\N	0	downward-dog-pose.jpg	327684	1800	f	f
813	1631	lateral-lunge-alt.webp	t	\N	f	117440512	32	6	2	Assisted Lateral Lunge	\N	1024	lateral-lunge.jpg	35584	0	t	f
509	1133	speed-skaters-alt.webp	f	\N	f	0	0	6	4	Speed Skaters	\N	0	speed-skaters.jpg	12032	17	f	t
898	1739	curtsy-lunge.webp	f	\N	t	117440512	64	6	2	Curtsy Lunges	May be dangerous for anyone with movement restrictions in the ankle, knee, hip or back as well as injuries to any of these structures	1024	lunges-curtsy.jpg	35584	0	t	t
899	1742	overhead-reach-banded.webp	f	\N	t	8388608	0	6	10	Shoulder Dislocates	\N	8	banded-overhead-reach.jpg	65536	0	f	f
730	1507	worlds-greatest-stretch.webp	f	\N	f	0	288	7	2	World's Greatest Stretch	\N	1	worlds-greatest-stretch.jpg	196644	262296	t	f
379	941	\N	f	\N	f	0	0	1	1	Rabbit Stretch	\N	0	rabbit-stretch.jpg	0	194	f	f
658	1404	\N	f	\N	f	0	0	1	1	Half Frog Stretch (Ardha Bhekasana)	\N	0	frog-pose-half.jpg	0	67597	t	f
93	770	burpee.webp	f	\N	f	0	0	6	4	Burpees	\N	0	burpee.jpg	7948	0	f	f
772	1567	\N	f	\N	f	16777216	0	1	1	Revolved Forward Fold	\N	0	forward-bend-revolved.jpg	0	912	f	f
301	863	\N	f	Duplciate of One-Leg Glute Bridges	f	0	0	1	1	One-Leg Glute Bridge Hold	\N	512	glute-bridge-one-leg.jpg	256	0	t	f
359	920	\N	f	\N	f	0	0	1	1	Half Bow Stretch	\N	0	half-bow-pose.jpg	0	10253	t	f
323	569	glute-bridge.webp	f	\N	t	0	16	6	2	Glute Bridge	\N	512	glute-bridges.jpg	256	0	f	f
897	1737	\N	f	\N	f	16777216	0	6	2	Hip Airplane	\N	17	warrior-iii.jpg	384	33280	t	f
680	1525	\N	f	\N	t	0	16	7	2	Standing Windmill	\N	4356	kettlebell-windmill.jpg	327680	520	t	f
625	\N	back-extension.webp	f	\N	f	0	0	6	2	Back Hyperextensions	\N	512	back-extension.jpg	256	129	f	t
731	\N	\N	f	\N	f	8388608	0	1	1	Passive Hang	\N	0	dead-hang.jpg	16384	458982	f	f
361	922	\N	f	\N	f	0	0	1	1	Hero Stretch	\N	0	hero-stretch.jpg	0	534528	f	f
677	1424	\N	f	\N	f	0	0	1	1	One-Leg King Pigeon Stretch	\N	0	king-pigeon-stretch.jpg	0	41472	t	f
678	1425	\N	f	\N	f	0	0	1	1	Pigeon Stretch	\N	0	pigeon-stretch.jpg	0	41472	t	f
306	\N	pullups-full.webp	t	\N	t	12582912	8	6	2	Pullups	\N	131108	full-pullups.jpg	81986	0	f	f
901	\N	halo.webp	f	\N	t	0	0	6	2	Shoulder Rotations	\N	131104	front-raise.jpg	327684	0	f	f
690	1442	\N	f	\N	f	0	0	1	1	Puppy Dog Stretch	\N	0	puppy-dog-stretch.jpg	0	327693	f	f
760	1556	\N	f	\N	f	0	288	1	1	Side Angle Stretch	\N	1025	side-angle-stretch.jpg	131076	40984	t	f
297	860	\N	f	\N	f	0	0	1	1	Sphinx Stretch	\N	0	cobra-forearm-stretch.jpg	135328	8203	f	f
713	1474	\N	f	\N	f	0	0	1	2	Supine Hamstring Stretch	\N	0	supine-hamstring-floss.jpg	257	512	t	f
708	1468	\N	f	\N	f	0	0	6	10	Lying Single Leg Lift	Standing exercises are more osteogenic, but also easier to cheat the correct muscles.	2049	single-leg-lift.jpg	8192	0	t	f
147	599	\N	f	\N	f	0	0	1	1	Knee Hand Plank	\N	2052	plank-knee.jpg	8337	0	f	f
190	598	\N	f	Duplicate of Plank with Reach, too easy to push off of ground with hand when touching shoulder like a pushup. Reach requires you to slowdown and engage your core	f	0	0	7	2	Plank Shoulder Taps	\N	2052	plank-shoulder-taps.jpg	8337	0	f	f
158	807	plank-alternating-reach.webp	f	\N	f	0	0	7	2	Plank with Alternating Reach	\N	2052	plank-reach.jpg	8337	0	f	f
583	1341	downward-dog-to-plank.webp	f	\N	f	0	0	7	2	Plank to Downward Dog	\N	0	downward-dog-pose.jpg	145	3840	f	f
539	1183	\N	f	\N	f	0	0	1	1	X-Plank	\N	2052	x-plank.jpg	8337	0	f	f
159	576	\N	f	\N	f	0	256	7	2	Plank Reach Through	\N	2052	plank-reach-through.jpg	8337	0	t	f
106	751	\N	f	\N	f	0	0	1	1	Hand Plank	\N	2052	hand-plank.jpg	8337	0	f	f
712	1475	\N	f	\N	f	0	0	1	2	Standing Hamstring Stretch	\N	0	hamstring-stretch.jpg	257	512	t	f
894	\N	chest-press-neutral.webp	f	\N	t	0	0	6	2	Crush Press	\N	4100	bench-press-close-grip.jpg	8	0	f	f
687	\N	\N	f	Pallof press is as good as it gets.	t	0	256	6	2	Pallof Press Dead Bug	\N	65536	dead-bugs.jpg	17	0	t	f
845	1673	\N	f	\N	f	0	0	6	4	Lateral Bounds	\N	1	one-leg-hurdle-hops.jpg	1536	0	t	f
824	1644	split-squat.webp	t	\N	t	117440512	64	6	10	ATG Split Squat	\N	1025	split-squat.jpg	2816	8192	t	f
685	\N	\N	f	Regular Dead Bug is just as good.	t	0	0	6	2	Pullover Dead Bug	\N	0	dead-bugs.jpg	262289	73728	f	f
557	\N	\N	f	Too hard	f	0	0	6	2	Front Level Raise	\N	0	full-pullups.jpg	16486	0	f	f
646	1388	\N	f	\N	f	83886080	0	1	1	Single Leg Dolphin Stretch	\N	0	dolphin-stretch-one-leg.jpg	0	1548	t	f
686	\N	\N	f	Pallof press is just as good.	f	0	256	6	2	Anti-Rotation Dead Bug	\N	0	dead-bugs.jpg	145	73728	t	f
697	1450	\N	f	\N	f	0	0	1	1	Extended Plank	\N	2052	hand-plank.jpg	8337	0	f	f
616	1315	\N	f	\N	f	0	0	1	1	Copenhagen Plank	\N	0	side-star-plank.jpg	33169	0	t	f
552	\N	\N	t	More likely to cause tendon imflammation? Just stick with Full Chinups.	f	12582912	8	6	2	Archer Chinups	\N	131109	archer-pullups.jpg	81986	0	f	f
843	\N	\N	t	Duplicate of Chinups	f	12582912	8	6	2	Wide-Grip Chinups	\N	131109	narrow-pullups.jpg	81986	0	f	f
601	\N	\N	f	TODO	t	0	0	6	4	Dumbbell Uppercut	\N	65536	uppercut.jpg	266284	0	f	f
23	652	squats-assisted.webp	t	\N	f	0	32	6	2	Assisted Squats	\N	1025	squats-assisted.jpg	2816	0	f	f
29	608	\N	f	\N	f	0	32	6	2	One-Leg Box Squats	\N	1025	squats-one-leg-alt.jpg	2816	0	t	f
406	974	\N	f	\N	f	0	0	1	1	Triangle Stretch	\N	0	triangle-stretch-alt.jpg	0	33296	t	f
833	1654	\N	f	\N	f	0	0	1	1	Upward Facing Dog	\N	134	upward-facing-dog-alt.jpg	135200	8201	f	f
586	1253	ab-rollout.webp	f	\N	f	0	0	6	2	Rollout	\N	0	abs-rollout.jpg	8337	0	f	f
339	896	hip-thrust.webp	t	\N	t	16777216	16	6	2	Hip Thrusts	\N	512	hip-thrusts.jpg	256	0	f	f
191	597	\N	f	\N	f	0	256	1	1	One-Arm Forearm Plank	\N	0	plank-forearm-one-arm.jpg	8337	0	t	f
272	\N	\N	f	\N	f	0	0	6	2	Ring Body Saw	\N	0	ring-body-saw.jpg	8337	0	f	f
193	595	\N	f	\N	f	0	256	1	1	One-Arm Plank	\N	0	plank-one-arm.jpg	8337	0	t	f
192	596	\N	f	\N	f	0	0	1	1	One-Leg Plank	\N	0	plank-one-leg.jpg	8337	0	t	f
343	905	\N	t	\N	t	16777216	16	6	2	One-Leg Hip Thrusts	\N	512	glute-bridge-one-leg.jpg	256	0	t	f
438	1038	\N	f	\N	f	0	0	1	1	Reverse One-Leg Plank	\N	8964	reverse-one-leg-plank.jpg	145	0	t	f
337	885	cossack-squats.webp	f	\N	t	0	0	6	2	Cossack Squats	\N	0	cossack-squats.jpg	2816	32768	f	f
18	\N	hanging-knee-raises.webp	f	\N	f	0	0	6	2	Hanging Knee Raises	\N	82048	hanging-knee-raises.jpg	8193	0	f	f
651	\N	stiff-legged-deadlift.webp	f	\N	t	0	16	6	2	Stiff-Legged Deadlift	\N	2081	romanian-deadlift.jpg	10176	0	f	t
655	\N	\N	f	\N	t	8388608	0	1	1	Arm Bar	\N	4100	turkish-get-up-1-4.jpg	327680	8	t	f
762	1558	\N	f	\N	f	0	0	1	1	Pancake Stretch	\N	0	pancake-stretch-alt.jpg	0	33664	f	t
50	715	\N	f	\N	f	0	4	6	2	Tap Bridges	\N	32	tap-bridges-alt.jpg	4480	0	f	f
645	1387	\N	f	\N	t	0	16	7	2	3/4 Turkish Get-Up	Does not work vertical push functional movement--range of motion is too small.	4612	turkish-get-up-3-4.jpg	2304	0	t	f
365	926	\N	f	\N	f	16777216	0	1	1	Standing Straddle Stretch	\N	0	standing-straddle-stretch.jpg	0	33664	f	f
746	1529	\N	f	\N	f	16777216	0	7	3	Standing IT Band Stretch	\N	0	forward-bend.jpg	0	896	t	f
289	852	\N	f	\N	f	0	0	1	1	Reclined Hero Stretch	\N	0	reclined-hero-stretch.jpg	0	534528	f	f
791	1593	\N	f	\N	f	0	0	1	1	Side Splits	\N	0	side-splits.jpg	0	41472	f	t
428	1022	\N	f	\N	f	0	0	1	1	Half Boat Float	\N	2048	boat-pose-half.jpg	8321	0	f	f
653	1399	\N	f	\N	t	0	256	6	2	Standing Oblique Twists	\N	0	twists-oblique-standing.jpg	16	129	f	t
745	\N	\N	f	There are other hip openers that are just as good and don't require weights.	t	0	0	7	2	Hip Weight Shift	\N	0	reverse-lunge.jpg	0	40960	t	f
533	1177	\N	f	\N	f	0	0	6	4	Pogo Jumps	\N	0	vertical-jumps.jpg	1792	1	f	f
808	1625	jogging.webp	f	\N	f	0	0	6	4	Seated Jogging	\N	1	jogging.jpg	12032	0	f	f
63	723	jumping-jacks.webp	f	\N	f	0	0	6	4	Jumping Jacks	\N	0	jumping-jacks.jpg	232709	512	f	f
465	1068	\N	f	\N	f	0	0	1	1	Supine Isometric Heel Digs	\N	0	supine-isometric-heel-digs.jpg	512	0	f	f
440	1036	\N	f	\N	f	8388608	0	1	1	Reverse One-Leg Tabletop	Not strength, belongs in warmup/cooldown	0	reverse-one-leg-tabletop.jpg	261	4	t	f
435	1033	reverse-leg-lift-standing.webp	f	\N	t	0	0	6	2	Standing Reverse Single Leg Lift	\N	8193	reverse-single-leg-lift-alt.jpg	256	0	t	f
518	1153	\N	f	\N	f	0	0	6	10	Standing Single Leg Lift	\N	2049	single-leg-lift-standing.jpg	8192	0	t	f
810	1628	lateral-squat-feet-elevated-alt2.webp	t	\N	t	0	32	6	2	Foot-Elevated Lateral Squat	\N	17	lateral-squat-feet-elevated.jpg	35584	0	t	f
259	\N	\N	t	\N	t	0	32	6	2	Hack Squat	\N	1153	barbell-hack-squat.jpg	2816	0	f	f
817	1637	\N	f	\N	f	0	0	1	1	Assisted Deep Squat Hold	\N	1	squat-deep.jpg	2816	0	f	f
801	1618	pike.webp	f	\N	f	0	0	6	2	Stability Ball Pike	\N	0	pike.jpg	8193	0	f	f
505	1127	arm-circles.webp	f	\N	t	8388608	0	6	2	Arm Circles	\N	0	arm-circles.jpg	65540	0	f	f
779	1577	\N	f	\N	f	0	0	1	1	Half Moon Stretch	\N	0	half-moon-stretch.jpg	33024	516	t	f
771	1566	\N	f	\N	f	0	0	1	1	Peacock Plank	\N	2304	peacock-stretch.jpg	24721	0	f	f
444	1728	\N	f	\N	f	33554432	0	6	2	Nordic Hamstring Curl	\N	257	nordic-hamstrings.jpg	512	0	f	f
606	\N	\N	f	\N	t	0	256	6	2	Pallof Press	\N	65536	pallof-press-alt.jpg	145	0	t	f
471	\N	\N	f	\N	t	0	0	6	8	Shoulder Extension	\N	0	banded-shoulder-extension.jpg	65536	0	f	f
431	\N	\N	f	\N	t	50331648	0	6	2	Lateral Step Downs	\N	41984	step-ups-lateral.jpg	2816	0	t	f
593	1271	\N	f	Isolation exercise. Hammer Curl is better since it works the forearms and biceps more evenly.	t	0	0	6	2	Zottman Curl	\N	0	bicep-curl.jpg	16386	0	f	f
623	1326	\N	f	“Using a leg extension machine isn’t functional – there is no natural movement in life were you sit and straighten your knee with a 100-pound load against it,” says Joe Tatta, DPT. He’s a physical therapist at Premier Physical Therapy & Wellness in New York City.	t	0	0	6	2	Standing Leg Extension	\N	257	standing-leg-extension-alt.jpg	10240	0	f	f
682	1430	dead-bug-straight-leg.webp	f	\N	f	0	0	6	2	Straight-Leg Dead Bug	\N	0	dead-bugs.jpg	145	73728	t	f
624	\N	\N	f	Furthermore, the load on the knees and lower back is increased by the Leg Press action, risking damage to the lower back soft tissues and discs. Forceful presses, heavy loading, and poor posture are typically to blame, especially if you bring your knees right up to your chest.	t	0	0	6	8	Prone Leg Press	\N	257	prone-leg-extension.jpg	10240	0	f	f
627	\N	\N	f	\N	f	0	0	1	1	Arch Hang	\N	0	dead-hang.jpg	409632	65732	f	f
783	1583	\N	f	\N	f	0	0	1	1	Tall-Kneeling Backbend	\N	0	tall-kneeling-back-bend.jpg	2304	73741	f	f
424	1609	walking.webp	f	\N	f	0	0	6	4	Walking (in place)	\N	1	walking.jpg	12032	0	f	f
529	1173	\N	f	\N	f	0	0	6	4	Jumping Knee Tuck	\N	0	vertical-jumps.jpg	1792	1	f	f
528	1172	\N	f	\N	f	0	0	6	2	Wall Walking Handstand	Not a vertical pushing movement. Locked out elbows do not work the full vertical push range of motion.	0	wall-hand-stand.jpg	266469	0	f	f
2	626	pushups-incline.webp	f	\N	f	0	1	6	2	Incline Pushups	\N	133521	incline-pushups.jpg	4108	0	f	f
401	971	\N	f	\N	f	0	0	1	1	Warrior I	\N	0	warrior-i.jpg	4	335881	t	f
461	\N	\N	f	\N	f	0	0	1	1	Churn the Pot on Ball	\N	0	stir-the-pot.jpg	8337	0	f	f
734	1511	\N	f	\N	t	33554432	0	7	2	Single Leg Wall Slide	\N	524433	wall-sit.jpg	2048	0	t	f
804	1621	clamshells.webp	f	\N	t	0	0	6	10	Clamshells	\N	512	clamshells.jpg	256	0	t	f
476	1084	hamstring-bridge-one-leg.webp	f	\N	f	0	0	6	2	One-Leg Hamstring Bridges	\N	256	hamstring-bridge-one-leg-alt.jpg	512	0	t	f
628	\N	\N	f	\N	f	0	0	1	1	Support Hold	\N	397535	support-hold.jpg	81920	0	f	f
570	1361	\N	f	\N	t	67108864	0	7	2	One-Leg Bent-Knee Calf Raises	Ankle plantar flexion.	524288	one-leg-full-calf-raises.jpg	1024	0	t	f
496	\N	\N	f	\N	f	0	0	6	4	Box Jump Single Leg Land	\N	42129	box-jumps.jpg	2816	0	t	f
455	1057	\N	f	Regular mountain climbers are fine. These work the obliques, but are also ?potentially more dangerous.	f	50331648	0	6	4	Semicircle Mountain Climbers	\N	0	mountain-climbers.jpg	12049	0	f	f
4	628	pushups-knee.webp	f	\N	f	0	1	6	2	Knee Pushups	\N	133521	knee-pushups.jpg	4108	0	f	f
775	1570	\N	f	\N	f	0	1	6	4	Plyometric Knee Pushups	\N	133521	pushups-pylo.jpg	4108	0	f	f
35	\N	rows-horizontal.webp	t	\N	f	0	2	6	2	Horizontal Rows	\N	81925	advanced-horizontal-pullups.jpg	98	0	f	f
34	\N	rows-bodyweight.webp	t	\N	f	0	2	6	2	Bodyweight Rows	\N	81925	horizontal-pullups.jpg	98	0	f	f
517	1147	reverse-plank-leg-lift.webp	f	\N	f	0	0	7	11	Single Leg Lift from Reverse Plank	\N	2564	reverse-one-leg-plank.jpg	8593	0	t	f
715	\N	\N	t	Flows are too hard to structure into a generated workout routine. Leave this out and let user's do pushups and rows seperately. That allows them to use the correct amount of weight for each exercise as well. Doing them both in one and you might bottleneck the weight.	t	0	40	6	2	Squat to Upright Row	\N	133	dumbbell-bent-over-rows.jpg	135010	0	f	f
273	833	\N	f	Exercises requires proficiency in side planks so we're going backwards by dropping back to the knee	f	0	0	7	2	Forearm Side Knee Plank with Leg Lifts	\N	4	forearm-side-knee-plank-leg-lifts.jpg	33169	0	f	f
784	1584	\N	f	\N	f	0	0	1	1	Wild Thing	aka. Camatkarasana	0	wild-thing.jpg	4512	262161	f	f
828	1648	\N	f	\N	f	0	0	1	1	Assisted Peacock Plank	\N	2304	peacock-stretch.jpg	24721	0	f	f
844	\N	\N	t	Duplicate of Pullups	f	12582912	8	6	2	Wide-Grip Pullups	\N	131108	narrow-pullups.jpg	81986	0	f	f
41	\N	\N	t	More likely to cause tendon imflammation? Just stick with Full Pullups.	f	12582912	8	6	2	Archer Pullups	\N	131108	archer-pullups.jpg	81986	0	f	f
754	\N	\N	f	\N	t	50331648	0	6	2	Crossover Step Ups	\N	9216	step-ups-lateral.jpg	35584	0	t	t
755	1547	squats-skater.webp	f	\N	t	0	64	6	2	Skater Squats	\N	42001	reverse-lunge.jpg	2816	0	t	f
742	\N	\N	f	\N	t	0	0	6	8	Psoas March	\N	0	supine-leg-cycle.jpg	8192	0	t	f
714	1473	\N	f	\N	f	0	0	7	2	Supine Hamstring Floss	\N	0	supine-hamstring-floss.jpg	257	512	t	f
803	1620	donkey-kicks.webp	f	\N	t	0	0	6	2	Donkey Kicks	\N	512	quadruped-leg-raise.jpg	256	0	f	f
480	1090	\N	f	\N	f	0	0	6	2	Straight Leg Ball Pickup	\N	0	ball-pick-up.jpg	512	0	f	f
615	\N	deadlift-sumo.webp	t	\N	t	0	16	6	2	Sumo Deadlift	\N	132129	deadlift.jpg	35712	0	f	f
307	558	\N	f	Too hard on the knees. Use the Reverse Lunge variations.	t	0	64	6	2	Full Lunges	\N	1024	full-lunges.jpg	11008	0	t	f
573	1355	\N	f	Too dangerous for most people	t	0	0	6	2	Jefferson Curl	\N	0	jefferson-curl.jpg	3040	1	f	f
587	1255	\N	f	Use the compound Bicep Curl variation instead	t	0	0	6	2	Preacher Curl	\N	0	preacher-curl.jpg	16386	0	f	f
404	972	\N	f	\N	f	0	0	1	1	Warrior II	\N	0	warrior-ii.jpg	0	41216	t	f
510	1134	plyometric-lunges.webp	f	\N	f	0	64	6	4	Plyometric Lunges	\N	1024	full-lunges.jpg	11008	0	f	f
91	\N	jump-rope.webp	f	\N	f	0	0	6	4	Jump Rope	\N	5	jump-rope-alt.jpg	28416	0	f	f
457	1059	\N	f	These don't seem too good of a warmup.	f	0	1	6	2	Beast Pushups	\N	0	full-pushups.jpg	4108	199057	f	f
308	570	windshield-wipers.webp	f	Hip is under tension when doing the exercise which creates a lot of unwanted pressure on the lumbar spine.	f	0	256	7	2	Windshield Wipers	\N	384	windshield-wipers.jpg	17	0	f	f
535	1179	\N	f	\N	f	0	0	6	2	Quadruped Kick Through	\N	0	quadruped-plank.jpg	2449	512	f	f
267	827	side-plank-leg-lifts.webp	f	\N	f	0	0	7	3	Side Plank with Leg Lifts	\N	4	side-plank-leg-lifts.jpg	33169	0	t	f
847	\N	\N	t	\N	t	67108864	0	7	2	Calf Smash	\N	768		0	1024	t	f
819	1639	reverse-lunge.webp	f	\N	f	67108864	64	6	2	Assisted Reverse Lunge	\N	33792	reverse-lunge-alt.jpg	11008	0	t	f
633	1367	\N	f	\N	f	0	0	1	1	Couch Stretch	\N	0	couch-stretch-alt.jpg	0	10496	t	f
820	1640	deep-squats-assisted.webp	t	\N	f	0	32	6	2	Assisted Deep Squats	\N	1	deep-squats-assisted.jpg	2816	0	f	t
543	1186	lateral-squat-walks.webp	f	\N	t	0	0	6	2	Lateral Squat Walks	\N	3585	lateral-squat-walks.jpg	33024	0	f	f
711	1476	\N	f	\N	f	0	16	7	2	Standing Hamstring Floss	\N	0	standing-hamstring-floss.jpg	257	512	t	f
750	1539	\N	f	\N	f	67108864	288	7	2	Reverse Lunge with Overhead Reach	\N	65536	reverse-lunge-overhead-reach.jpg	2816	263169	t	f
467	1070	\N	f	\N	t	0	0	6	8	Shoulder Internal Rotation	AKA the Sleeper Stretch	0	shoulder-rotation-internal.jpg	65536	0	f	f
478	1086	\N	f	\N	t	0	0	6	2	Single-Leg Hamstring Catch	\N	0	hamstring-catch.jpg	512	0	t	f
576	1240	\N	f	\N	t	0	0	1	1	Hollow-Body Hold	\N	2176	hollow-hold.jpg	8209	0	f	f
169	590	superman-alternating.webp	f	\N	f	0	0	7	2	Alternating Superman	\N	0	superman-alternating.jpg	932	9	f	f
133	\N	box-step-ups.webp	f	\N	t	50331648	0	6	2	Step Ups	\N	42496	step-ups.jpg	2304	0	t	f
446	1050	\N	f	\N	f	0	0	6	4	Vertical Jumps	\N	1	vertical-jumps.jpg	1792	0	f	f
157	802	forearm-plank-reach.webp	f	\N	f	0	0	7	2	Forearm Plank with Alternating Reach	\N	2052	plank-reach.jpg	8337	0	f	f
818	1638	split-squat-elevated.webp	t	\N	f	50331648	64	6	2	Assisted Bulgarian Split Squats	\N	513	bulgarian-split-squat.jpg	35072	0	t	f
314	553	calf-raise.webp	t	\N	t	67108864	0	7	2	Straight-Leg Calf Raises	Ankle plantar flexion.	524288	full-calf-raises.jpg	1024	0	f	f
499	1119	lateral-lunge-alt.webp	f	\N	f	125829120	32	7	2	Lateral Lunge with Overhead Reach	\N	0	lateral-lunge-overhead-reach.jpg	35584	1	t	f
832	1653	\N	f	\N	f	0	0	6	2	Elevated Pike Plank Walk	\N	479268	elevated-pike-pushups.jpg	145	0	f	f
671	\N	\N	f	\N	f	0	0	6	4	One-Leg Box Jump	\N	42129	box-jumps.jpg	2816	0	t	f
456	1058	\N	f	\N	f	50331648	0	6	4	Lateral Climbers	\N	0	mountain-climbers.jpg	12033	0	f	f
130	1670	romanian-deadlift-alt.webp	t	\N	t	0	16	6	2	Romanian Deadlift	\N	2081	romanian-deadlift.jpg	9152	0	f	t
363	924	\N	f	\N	f	50331648	0	1	1	Chair Stretch	\N	0	chair-pose.jpg	2816	265	f	f
654	1401	\N	f	Duplicate of Frog Squat	f	16777216	32	7	2	Squat to Forward Fold	\N	0	full-squats.jpg	3840	1	f	f
524	1165	\N	f	Don't need the twist	t	0	0	6	2	Twisting Dumbbell Fly	\N	0	dumbbell-fly.jpg	12	0	f	f
805	1622	donkey-kicks-straight-leg.webp	f	\N	t	0	0	6	2	Straight-Leg Donkey Kicks	\N	0	quadruped-leg-raise.jpg	768	0	f	f
382	946	\N	f	\N	f	0	0	1	1	One Knee to Chest Stretch	\N	0	one-knee-to-chest-stretch.jpg	0	448	t	f
773	1568	\N	f	\N	f	0	0	1	1	Headstand	\N	4	head-stand.jpg	4241	0	f	t
522	\N	reverse-flyes.webp	f	\N	t	0	0	6	2	Reverse Fly	aka. Band Pull Apart when using resistance bands.	65536	t-fly-alt.jpg	131108	0	f	f
95	\N	\N	f	\N	f	0	0	1	1	Active Hang	\N	0	dead-hang.jpg	409632	65732	f	f
758	1551	\N	f	\N	f	0	0	1	1	Savasana	\N	0	savasana.jpg	0	0	f	f
59	568	\N	f	\N	f	0	0	1	1	Clutch Flags	\N	0	clutch-flags.jpg	16594	0	f	f
774	1569	\N	f	\N	f	0	0	1	1	Staff Pose	\N	2052	staff-pose.jpg	8337	0	f	f
530	1174	\N	f	\N	f	0	0	6	4	Walking Jacks	\N	0	jumping-jacks.jpg	232709	512	f	f
536	1180	\N	f	World's Greatest Stretch covers this movement and is also more dynamic. This is closer to Lizard Pose then anything.	f	0	0	7	2	Groiners	\N	0	groiners.jpg	0	41472	t	f
556	\N	\N	f	Seems dangerous	f	0	0	7	2	Elbow Lift	\N	0	chinese-back-plank.jpg	261	0	f	f
464	1067	\N	f	\N	f	0	0	6	2	One-Leg Dives	\N	0	the-diver.jpg	512	0	t	f
626	1330	\N	f	\N	f	0	0	6	2	Pike Compressions	\N	0	pike-compressions.jpg	8193	0	f	f
566	1339	\N	f	\N	f	0	0	6	2	Pseudo Planche	\N	0	full-pushups.jpg	4108	199057	f	f
675	1422	\N	f	\N	f	0	0	6	2	90/90 Get Down	\N	0	90-90.jpg	256	40960	t	f
751	1538	reverse-lunge-twist.webp	f	\N	f	67108864	288	7	2	Reverse Lunge with Twist	\N	0	reverse-lunge-twist.jpg	2816	1041	t	f
161	787	\N	f	\N	f	0	0	1	1	Reverse Plank	\N	516	reverse-full-plank-alt.jpg	401	0	f	f
662	1409	deep-squat-rotations.webp	f	\N	f	0	0	7	3	Deep Squat with Thoracic Rotation	aka. Squat Sky Reach	0	squat-deep.jpg	133920	327689	t	f
30	609	squats-one-leg-assisted.webp	f	\N	f	0	32	6	2	Assisted One-Leg Squats	\N	1025	assisted-one-leg-squats.jpg	2816	0	t	f
603	\N	shrugs.webp	f	\N	t	0	0	6	10	Shrug	Doesn't target forearms like a farmer's carry does since the focus is on lifting the shoulders and not holding onto heavy weight.	16513	shrug.jpg	131104	0	f	t
44	565	\N	f	\N	f	0	0	7	2	Straight Bridges	\N	516	reverse-full-plank.jpg	401	0	f	f
370	931	\N	f	\N	f	0	0	1	1	Lotus Stretch	\N	0	lotus-stretch.jpg	0	40960	f	f
107	752	\N	f	\N	f	0	0	1	1	Forearm Plank	\N	2052	forearm-plank.jpg	8337	0	f	f
788	1594	knee-tucks.webp	f	\N	f	0	0	6	2	Knee Tucks	\N	2048	hamstring-slides.jpg	8193	0	f	f
156	799	\N	f	\N	f	0	0	7	2	Forearm Plank with Alternating Opposite Reach	\N	2052	plank-opposite-reach.jpg	8337	0	f	f
512	1141	\N	f	\N	f	16777216	0	1	1	Butterfly Stretch	aka. Bound Angle Pose; Baddha Konasana.	0	seated-butterfly-stretch.jpg	0	40960	f	f
346	909	\N	f	\N	f	0	0	1	1	Boat Float	\N	2048	boat-pose.jpg	8321	0	f	f
538	1182	flutter-kicks.webp	f	\N	t	0	0	6	2	Flutter Kicks	Make sure the instructional video makes it clear the user should not arch their back and instead keep it flat against the floor.	0	flutter-kicks.jpg	8193	0	f	f
76	606	butt-kicks.webp	f	\N	f	0	0	6	4	Butt Kicks	\N	0	butt-kicks-alt.jpg	12032	0	f	f
448	\N	\N	f	Can't do on a treadmill. Requires outdoors while I want to keep these to at-home exercises.	f	0	0	6	4	Plant & Cut	\N	0	plant-cut.jpg	12032	1	f	f
142	586	alternating-heel-touches.webp	f	“As exercisers drop in and out of abdominal flexion, losing their muscle tension in the midsection, the low back gets wrenched in and out of extension with little support,” says Alycea Ungaro, PT. She’s the owner of Real Pilates in New York City.	f	0	0	6	2	Alternating Heel Touches	\N	0	alternating-heel-touches.jpg	17	0	f	f
1	592	wall-pushups.webp	f	\N	f	0	1	6	2	Wall Pushups	\N	0	wall-pushups.jpg	4108	0	f	f
75	605	superman-alt.webp	f	\N	f	0	0	7	2	Superman	\N	0	superman.jpg	932	9	f	f
526	1170	\N	f	Regular Bird Dogs are as good as they get.	f	0	0	7	2	Knees Up Bird Dogs	\N	0	bird-dogs.jpg	2449	512	f	f
574	1235	\N	f	Too dangerous for most people	f	0	0	6	2	Bodyweight Jefferson Curl	\N	0	jefferson-curl.jpg	3040	1	f	f
749	1540	\N	f	\N	f	67108864	288	7	2	Reverse Lunge with Side Bend	\N	0	reverse-lunge-bend.jpg	2816	263185	t	f
534	1178	\N	f	\N	f	0	0	6	4	Forward/Backward Bounds	\N	1	one-leg-hurdle-hops.jpg	1536	0	t	f
759	1555	\N	f	\N	f	0	0	1	1	Cow Face Stretch	\N	0	cow-face-stretch.jpg	0	40960	t	f
129	578	glute-bridge-one-leg.webp	f	\N	t	0	16	6	2	One-Leg Glute Bridge	\N	512	glute-bridge-one-leg-alt.jpg	256	0	t	f
786	\N	\N	f	\N	f	0	0	6	4	One-Leg Box Jump Two-Leg Landing	\N	42129	box-jumps.jpg	2816	0	t	f
408	984	\N	f	\N	f	0	0	1	1	Quadruped Plank	\N	8208	quadruped-plank.jpg	129	0	f	f
196	\N	chest-press-wide-alt.webp	f	\N	t	0	1	6	2	Wide-Grip Chest Press	\N	20482	bench-press.jpg	12	0	f	t
15	642	\N	f	\N	f	0	0	6	2	Full Leg Raises	\N	16	full-leg-raises-alt.jpg	8193	0	f	f
674	1421	romanian-deadlift-knee-drive.webp	f	\N	f	0	16	6	2	One-Leg Romanian Deadlift with Knee Drive	\N	2081	romanian-deadlift-knee-drive.jpg	9152	0	t	f
12	601	\N	f	\N	f	0	0	6	2	Knee Raises	\N	16	knee-raises.jpg	8193	0	f	f
631	1353	\N	f	\N	f	16777216	0	1	1	Standing Forward Fold	\N	0	forward-bend.jpg	0	896	f	f
525	1169	\N	f	\N	f	0	0	1	1	Warrior III	\N	0	warrior-iii.jpg	0	772	t	f
661	1408	zenith-rotations.webp	f	\N	f	0	256	7	2	Zenith Rotations	\N	0	zenith-rotations.jpg	196640	262169	t	f
458	1060	\N	f	\N	f	8388608	0	6	2	Prone Snow Angels	\N	0	snowangels.jpg	65540	393312	f	f
729	1506	\N	f	They push your curved spine against the floor and work your hip flexors, the muscles that run from the thighs to the lumbar vertebrae in the lower back. When the hip flexors are too strong or too tight, they tug on the lower spine, which can create lower back discomfort.	f	0	0	6	2	McGill Curl Up	\N	0	mcgill-curl-up.jpg	1	0	f	f
182	782	\N	f	Regular squats are as good as they come.	t	0	256	6	2	Side-Loaded Squat	Does not work knee flexion (squat) functional movements--you're limited in the weight you can lift by how strong your core is, so it's primarily an anti-rotation movement.	1	squats-side-loaded.jpg	3840	0	t	f
317	574	squats.webp	t	\N	t	0	32	6	2	Full Squats	\N	1025	full-squats-weighted.jpg	2816	0	f	f
27	625	\N	f	These are lateral squats/lunges.	f	0	32	6	2	Side Staggered Squats	\N	1025	squats-staggered-side.jpg	2816	0	f	f
24	653	squats-half.webp	f	 Partial squats don’t activate the complete range of muscles that full squats do, missing out the hamstrings, glutes and adductors. The fact that they work the quadriceps and not the hamstrings can lead to an imbalance in the muscles, which heightens the risk of a hamstring or anterior cruciate ligament tear.	f	0	32	6	2	Half Squats	\N	1	half-squats.jpg	2048	0	f	f
375	937	\N	f	\N	f	16777216	16	1	1	Eagle Stretch	\N	0	eagle-stretch.jpg	256	40960	f	f
761	1557	\N	f	\N	f	0	288	1	1	Revolved Side Angle Stretch	\N	32769	side-angle-stretch-revolved.jpg	131076	9240	t	f
149	617	\N	f	\N	f	0	0	1	1	Forearm Knee Plank	\N	2052	plank-forearm-knee.jpg	8337	0	f	f
789	1589	\N	f	\N	f	0	0	1	1	Doorway Bicep Stretch	\N	0	standing-t.jpg	0	65538	f	f
559	\N	\N	f	This goes outside the effective range of motion for a Lateral Raise.	t	0	0	6	2	Overhead Lateral Raise	\N	0	lateral-raise.jpg	196644	0	t	t
702	\N	\N	t	\N	t	0	0	6	2	Dip Shrugs	This does not work any functional movement patterns--the range of motion is too small.	129	full-dips-alt.jpg	131108	262144	f	f
53	718	\N	f	\N	f	0	256	1	1	Straight Leg Twists	\N	192	twists-straight-leg.jpg	0	16	t	f
61	722	\N	f	\N	f	0	0	1	1	Elbow Lever	\N	0	full-elbow-lever.jpg	4133	0	f	f
422	1015	shadow-boxing.webp	f	\N	f	0	0	6	4	Shadow Boxing	\N	17	shadow-boxing-alt.jpg	331778	0	f	f
207	687	ab-cycle.webp	f	“As exercisers drop in and out of abdominal flexion, losing their muscle tension in the midsection, the low back gets wrenched in and out of extension with little support,” says Alycea Ungaro, PT. She’s the owner of Real Pilates in New York City.	f	0	0	6	4	Supine Ab Cycle	\N	128	supine-ab-cycle-alt.jpg	8209	0	f	t
807	1624	\N	f	\N	f	0	0	6	4	Seated Walking	\N	1	walking.jpg	12032	0	f	f
460	1062	\N	f	\N	f	0	256	1	1	Lying Sphinx	\N	192	lying-sphinx.jpg	0	16	t	f
125	651	pushups-decline.webp	f	\N	f	0	1	6	2	Decline Pushups	\N	0	decline-full-pushup.jpg	4108	199057	f	f
261	637	\N	f	\N	f	0	0	1	1	Side Star Plank	\N	4	side-star-plank.jpg	33169	0	t	f
262	638	\N	f	\N	f	0	0	1	1	Forearm Side Star Plank	\N	4	forearm-side-star-plank-alt.jpg	33169	0	t	f
78	731	high-knees.webp	f	\N	f	100663296	0	6	4	High Knees	\N	0	high-knees-alt.jpg	12032	0	f	f
26	677	squats-narrow.webp	f	\N	f	0	32	6	2	Narrow Squats	\N	1025	narrow-squats.jpg	2816	0	f	f
205	685	ab-v-up.webp	f	They push your curved spine against the floor and work your hip flexors, the muscles that run from the thighs to the lumbar vertebrae in the lower back. When the hip flexors are too strong or too tight, they tug on the lower spine, which can create lower back discomfort.	f	0	0	6	2	Ab V-Up	\N	0	ab-v-up.jpg	8193	0	f	f
148	616	\N	f	\N	f	0	0	1	1	Side Forearm Knee Plank	\N	260	knee-forearm-side-plank.jpg	32913	0	t	f
396	961	\N	f	\N	f	0	0	1	1	Chinese Back Plank	\N	768	chinese-back-plank.jpg	145	0	f	f
744	1527	\N	f	\N	f	16777216	0	6	2	Assisted Hip Airplane	\N	17	warrior-iii.jpg	384	33280	t	f
6	630	\N	f	\N	f	0	1	6	2	Narrow Pushups	\N	133521	narrow-pushups.jpg	4108	0	f	f
177	\N	box-jumps.webp	f	\N	f	0	0	6	4	Box Jumps	\N	42129	box-jumps.jpg	2816	0	f	f
7	631	\N	f	\N	f	0	1	6	2	Side Staggered Pushups	\N	133521	side-staggered-pushups.jpg	4108	0	f	f
9	633	\N	f	Close enough to be a duplicate of Archer Pushups (thinking of those as Assisted One-Arm Pushups)	f	0	1	6	2	Sliding One-Arm Pushups	\N	133521	onearm-pushups.jpg	4108	0	t	f
10	634	\N	f	\N	f	0	1	6	2	One-Arm Pushups	\N	133521	onearm-pushups.jpg	4108	0	t	f
739	1522	\N	f	\N	f	117440512	1	6	2	Hip ER Pushups	\N	133521	full-pushups.jpg	36876	0	f	f
17	644	leg-raises-plow.webp	f	\N	f	0	0	6	2	Plow Raises	\N	16	plow-raises.jpg	8193	0	f	f
46	711	\N	f	\N	f	0	4	6	2	Incline Bridges	\N	32	incline-bridges.jpg	4224	0	f	f
16	643	leg-raises-plow.webp	f	\N	f	0	0	6	2	Tuck Plow Raises	\N	16	tuck-plow-raises.jpg	8193	0	f	f
790	1590	\N	f	\N	f	16777216	0	7	2	Middle Split Hinge	\N	0	standing-straddle-stretch.jpg	1	33664	f	f
619	1319	\N	f	\N	f	67108864	0	7	2	Heel Walk	\N	0	heel-walk.jpg	524288	1024	f	f
85	738	\N	f	\N	f	0	0	1	1	Child's Stretch	\N	0	childs-pose.jpg	0	459232	f	f
756	1549	heel-sits.webp	t	\N	t	16777216	0	7	2	Heel Sits	\N	512	heel-sit.jpg	2304	0	f	f
385	947	\N	f	\N	f	0	0	1	1	Tree Stretch	\N	0	tree-pose.jpg	1	41472	t	f
503	1123	\N	f	\N	f	0	0	6	2	Walking Quad Stretch	\N	0	quad-stretch.jpg	2305	0	f	f
640	1379	\N	f	\N	f	0	0	7	2	Plank to One-Leg Downward Dog	\N	0	single-leg-downward-dog.jpg	145	3840	t	f
716	1479	lunge-pulses.webp	f	\N	f	0	64	6	4	Lunge Pulses	5.50-11s	1024	full-lunges.jpg	11008	0	t	f
473	1718	\N	f	\N	t	0	0	6	10	Standing Hamstring Curl	\N	0	standing-hamstring-curl.jpg	512	0	f	f
811	1629	squats-skater.webp	f	\N	f	0	64	6	2	Assisted Skater Squats	\N	42001	reverse-lunge.jpg	2816	0	t	f
812	1630	lateral-squat.webp	t	\N	f	0	32	6	2	Assisted Lateral Squat	\N	17	lateral-squat.jpg	35584	0	t	f
31	650	squats-one-leg.webp	f	\N	f	0	32	6	2	One-Leg Squats	\N	1025	squats-one-leg.jpg	2816	0	t	f
620	1320	\N	f	\N	t	67108864	0	7	2	Toe Raises	Ankle dorsiflection.	0	seated-calf-raises.jpg	524288	1024	f	f
491	\N	\N	f	\N	t	0	0	6	4	Granny Toss	\N	0	granny-toss.jpg	2	0	f	f
54	719	\N	f	\N	f	0	256	1	1	Bent Leg Twists	\N	192	twists-bent-leg.jpg	0	16	t	f
55	720	\N	f	\N	f	0	256	1	1	Full Twists	\N	192	twists-full.jpg	0	16	t	f
794	1607	\N	f	\N	f	0	0	6	4	Seated Jacks	\N	0	jumping-jacks.jpg	232709	512	f	f
792	1592	\N	f	\N	f	0	0	1	1	Front Splits	\N	0	front-splits.jpg	0	41472	f	t
764	1560	\N	f	Close enough to Warrior I. Only difference is if the heel is down in the back leg.	f	0	64	1	1	Crescent Lunge	\N	0	reverse-lunge-crescent-alt.jpg	12032	360484	t	f
172	902	\N	f	Hip is under tension when doing the exercise which creates a lot of unwanted pressure on the lumbar spine.	f	0	256	7	2	Russian Twists	\N	0	twists-russian.jpg	145	8768	f	f
604	1292	\N	f	Not targeting serious calisthenics people	f	0	0	6	2	Inverted Shrug	\N	129	inverted-shrug.jpg	147488	0	f	f
563	\N	\N	f	Too obscure	f	0	0	6	2	Pelican Curl	\N	0	bicep-curl.jpg	16386	0	f	f
321	564	squats-sumo.webp	t	\N	t	0	32	6	2	Sumo Squats	\N	1025	sumo-squats.jpg	35712	0	f	f
276	840	toe-touch-alternating.webp	f	They push your curved spine against the floor and work your hip flexors, the muscles that run from the thighs to the lumbar vertebrae in the lower back. When the hip flexors are too strong or too tight, they tug on the lower spine, which can create lower back discomfort.	f	0	0	6	2	Alternating Toe Touch	\N	0	alternating-toe-touch.jpg	8193	0	t	f
494	\N	chest-throw-supine.webp	f	\N	t	0	0	6	4	Supine Chest Throw	\N	44	chest-throw-supine.jpg	4096	0	f	f
497	1118	\N	f	\N	f	0	0	6	4	One-Leg Depth Drops	\N	1	depth-drop.jpg	1792	0	t	t
487	1101	\N	f	\N	f	0	0	7	2	Forearm Plank with Alternating Lateral Leg Reach	\N	2052	plank-leg-reach.jpg	8337	0	f	f
350	913	\N	f	\N	f	0	0	1	1	Happy Baby Stretch	\N	0	happy-baby-pose.jpg	0	41856	f	t
72	784	\N	f	\N	f	0	0	1	1	Camel Stretch	\N	0	camel-pose.jpg	2304	73741	f	f
689	1441	\N	f	\N	t	0	0	1	1	Isometric Dead Bug	\N	0	dead-bugs.jpg	145	73728	f	f
470	1074	\N	f	\N	t	0	0	6	8	Shoulder External Rotation	Arm needs to be kept next to the body (use a towel under the arm for tactile feedback) and the shoulder needs to be kept down and back for this to be effective.	0	shoulder-rotation-external.jpg	65536	0	f	f
353	914	\N	f	\N	f	8388608	0	6	2	Wall Angels	\N	0	wall-angels.jpg	131104	327756	f	f
390	953	\N	f	\N	f	8388608	0	7	2	Wall W's	\N	0	wall-w.jpg	131104	327756	f	f
150	796	plank-side-to-side-alt.webp	f	\N	f	0	0	7	2	Side-to-Side Forearm Plank	\N	2052	side-to-side-forearm-plank.jpg	8337	0	f	f
488	1100	\N	f	\N	f	0	0	7	2	Plank with Alternating Lateral Leg Reach	\N	2052	plank-leg-reach.jpg	8337	0	f	f
8	632	\N	f	\N	f	0	1	6	2	Archer Pushups	\N	133521	archer-pushups.jpg	4108	0	f	f
194	622	\N	f	\N	f	0	256	1	1	One-Arm One-Leg Plank	\N	0	plank-one-arm-one-leg.jpg	8337	0	t	f
184	798	\N	f	\N	f	0	0	1	1	One-Leg Forearm Plank	\N	0	one-leg-forearm-plank-alt.jpg	8337	0	t	f
89	741	mountain-climbers.webp	f	\N	f	50331648	0	6	4	Mountain Climbers	\N	0	mountain-climbers.jpg	12033	0	f	f
349	910	\N	f	\N	f	0	0	1	1	Bow Stretch	\N	0	bow-pose.jpg	0	10253	f	f
160	786	\N	f	\N	f	0	0	1	1	Reverse Forearm Plank	\N	772	reverse-forearm-plank.jpg	145	0	f	f
233	659	\N	f	I would say stationary wide push ups are a waste, less movement, more strain on elbows and easier to cause a little injury.	f	0	1	6	2	Wide-Grip Pushups	\N	133521	wide-grip-pushups.jpg	4108	0	f	f
565	\N	\N	f	\N	t	0	0	6	2	Hanging Leg Raises	\N	82048	hanging-leg-raises.jpg	8193	0	f	f
622	\N	face-pulls.webp	f	\N	t	8388608	2	6	2	Face Pulls	\N	278532	face-pulls.jpg	196640	0	f	f
47	712	bridges-head.webp	f	\N	f	0	4	6	2	Head Bridges	\N	32	head-bridges.jpg	4224	0	f	f
48	713	bridges-full.webp	f	\N	f	0	4	6	2	Full Bridges	\N	32	full-bridges.jpg	4480	0	f	f
21	\N	\N	f	\N	f	0	0	6	2	Toe to Bars	\N	82048	toe-to-bars.jpg	8193	0	f	f
355	917	\N	f	\N	f	0	0	1	1	Fish out of Hero Stretch	\N	0	fish-out-of-hero-stretch.jpg	0	534528	f	f
265	825	plank-knee-to-elbow.webp	f	\N	f	0	0	7	3	Plank Knee to Elbow	\N	32768	full-plank-knee-to-elbow.jpg	8337	0	f	f
706	1464	\N	f	\N	f	8388608	0	7	2	Arm Wall Slide	\N	0	arm-wall-slide-alt.jpg	262148	196640	f	f
721	1490	frog-squat.webp	f	\N	f	0	32	7	2	Frog Squat	\N	0	full-squats.jpg	2816	3840	f	f
649	1391	\N	f	\N	f	67108864	64	6	2	Reverse Lunge with Contralateral Reach	\N	0	reverse-lunge-reach.jpg	2816	263185	t	f
166	\N	rows-bent-over.webp	f	\N	t	0	2	6	2	Bent Over Rows	\N	901	dumbbell-bent-over-rows.jpg	131170	0	f	t
97	749	\N	f	\N	f	0	0	1	1	Wall Handstand	 Not a vertical pushing movement. Locked out elbows do not work the full vertical push range of motion.	213026	wall-hand-stand.jpg	266389	0	f	f
585	1252	supine-leg-cycle.webp	f	\N	f	0	0	6	4	Supine Leg Cycle	\N	17	supine-leg-cycle.jpg	8192	0	f	f
291	854	\N	f	\N	f	0	1	7	2	Sphinx Pushups	\N	0	cobra-forearm-pushup.jpg	135328	8203	f	f
577	1241	dead-bug.webp	f	\N	f	0	0	6	2	Bent-Knee Dead Bug	\N	0	dead-bugs.jpg	145	73728	t	f
638	1377	\N	f	\N	f	0	5	7	2	Pushup to Downward Dog	\N	0	downward-dog-pose.jpg	203165	3840	f	f
443	1047	\N	f	Can't find instructional video	f	0	0	7	2	Bird Dogs with Sweep	\N	0	bird-dogs.jpg	2449	512	f	f
504	1124	toy-soldiers.webp	f	\N	f	0	256	6	2	Toy Soldiers	\N	0	toy-soldiers.jpg	8720	65921	t	f
170	791	\N	f	Hip is under tension when doing the exercise which creates a lot of unwanted pressure on the lumbar spine.	f	0	256	6	2	Seated Twists	\N	8768	weighted-seated-twists.jpg	145	0	f	f
266	826	forearm-side-plank-leg-lifts.webp	f	\N	f	0	0	7	3	Forearm Side Plank with Leg Lifts	\N	4	forearm-side-star-plank.jpg	33169	0	t	f
399	1501	\N	f	\N	f	1048576	0	6	2	Ball Squeezes	\N	0	ball-squeezes.jpg	16384	0	f	f
493	\N	\N	f	\N	t	0	256	6	4	Parallel Scoop Throw	\N	65588	parallel-throw.jpg	52	385	f	f
854	1683	\N	f	This doesn't stretch any muscles, only strengthens. It won't ever show up as a Cooldown stretch.	f	0	0	1	1	Table Stretch	\N	0	quadruped-plank.jpg	2304	73741	f	f
872	1701	\N	f	\N	f	0	0	1	1	Thread the Needle Stretch	\N	0	thread-the-needle.jpg	0	131116	t	f
869	1698	\N	f	\N	f	0	0	1	1	Revolved Deep Squat Hold	\N	1	squat-deep.jpg	2816	0	f	f
701	1500	\N	f	\N	f	67108864	0	6	2	Foot Mash	\N	0	foot-mash.jpg	0	1024	t	f
126	800	\N	f	\N	f	0	0	1	1	Decline Forearm Plank	\N	2052	decline-forearm-plank.jpg	8337	0	f	f
127	801	\N	f	\N	f	0	0	1	1	Decline Plank	\N	2052	decline-plank-alt.jpg	8337	0	f	f
154	808	\N	f	Prefer something like plank with shoulder taps, less to focus on for proper form	f	0	0	7	2	Plank Walkdown	\N	2052	plank-walkdown.jpg	8337	0	f	f
840	1662	plank-knee-to-opposite-elbow.webp	f	\N	f	0	0	7	3	Plank Knee to Opposite Elbow	t=5.15-17.15	32768	full-plank-knee-to-elbow.jpg	8337	0	f	f
283	867	cat-cow.webp	f	\N	f	0	0	7	3	Cat/Cow Stretch	\N	0	cat-cow-stretches.jpg	0	131321	f	f
737	1520	\N	f	\N	f	0	0	6	2	Lateral Leg Swings	\N	8209	side-lying-leg-raises.jpg	33024	0	t	f
738	1521	leg-swings.webp	f	\N	f	0	0	6	2	Leg Swings	0.60-9.25s	2049	single-leg-lift.jpg	8192	0	t	f
659	1406	\N	f	\N	f	0	0	1	1	90/90 Hip Stretch	\N	0	90-90.jpg	0	41216	t	f
858	1687	\N	f	\N	f	0	0	1	1	Dancer Stretch	\N	0	dancer-stretch.jpg	0	1536	t	f
113	761	lateral-lunge-alt.webp	t	\N	t	117440512	32	6	10	Lateral Lunge	\N	1024	lateral-lunge.jpg	35584	0	t	f
637	1376	\N	f	\N	f	0	0	1	1	Single Leg Downward Dog	\N	0	single-leg-downward-dog.jpg	327684	1800	t	f
636	1374	curtsy-lunge.webp	f	\N	t	117440512	64	6	2	Curtsy Squats	May be dangerous for anyone with movement restrictions in the ankle, knee, hip or back as well as injuries to any of these structures	1024	lunges-curtsy.jpg	35584	0	t	t
848	1677	\N	f	\N	f	16777216	0	6	2	Walking Figure 4	\N	0	quad-stretch.jpg	256	33024	f	f
836	\N	\N	f	\N	t	0	256	6	2	Half-Kneeling Pallof Press	\N	65536	pallof-press-alt.jpg	145	0	t	f
837	\N	\N	f	\N	t	0	256	6	2	Lunge Pallof Press	\N	65536	pallof-press-alt.jpg	145	0	t	f
838	\N	\N	f	\N	t	0	256	6	2	One-Leg Pallof Press	\N	65536	pallof-press-alt.jpg	145	0	t	f
839	\N	\N	f	\N	t	0	256	6	2	Chaos Pallof Press	\N	65536	pallof-press-alt.jpg	145	0	t	f
514	1144	pushups-pylometric.webp	f	\N	f	0	1	6	4	Plyometric Pushups	\N	133521	pushups-pylo.jpg	4108	0	f	f
747	1532	\N	f	\N	f	0	0	1	1	Reverse Warrior	\N	0	warrior-reverse.jpg	4	360464	t	f
849	1678	karaoke.webp	f	\N	f	16777216	0	6	4	Karaoke	\N	0	karaoke.jpg	256	33024	t	f
250	703	split-squat.webp	t	\N	t	184549376	64	6	10	Split Squat	\N	32768	split-squat.jpg	2816	0	t	f
861	1690	\N	f	\N	f	0	0	1	1	Compass Stretch	\N	0	lotus-stretch.jpg	0	40960	t	f
851	1680	\N	f	\N	f	0	0	6	2	Walking Hamstring Stretch	\N	0	warrior-iii.jpg	384	512	f	f
453	1055	\N	f	\N	f	50331648	256	6	4	Rotational Climbers	\N	0	mountain-climbers.jpg	12049	0	f	f
98	806	\N	f	\N	t	0	0	1	1	Wall Sit	Wall sits are a Quad isolation exercise. If they are worked too often it can create an imbalance with the Hamstrings and unbalance the knees..	524288	wall-sit.jpg	2048	0	f	f
859	1688	\N	f	\N	f	50331648	0	1	1	Revolved Chair Stretch	\N	0	chair-pose.jpg	2816	281	t	f
860	1689	\N	f	\N	f	0	0	1	1	Scale Stretch	\N	0	lotus-stretch.jpg	4100	40960	f	f
863	1692	\N	f	\N	f	0	0	1	1	Firefly Hold	\N	0	crow-stretch.jpg	4325	0	f	f
865	1694	\N	f	\N	f	0	0	1	1	Shoulder Pressing Hold	\N	0	crow-stretch.jpg	4325	0	f	f
871	1700	\N	f	\N	f	0	0	1	1	Standing Big Toe Stretch	\N	0	front-splits.jpg	0	41472	f	t
862	1691	\N	f	\N	f	0	0	1	1	Standing Front Splits	\N	0	front-splits.jpg	0	41472	f	t
286	848	\N	f	\N	f	0	0	1	1	Supine Twist	\N	192	supine-twist.jpg	0	16	t	f
292	855	cobra-pushups.webp	f	\N	f	0	1	7	2	Cobra Pushups	\N	0	cobra-pushup.jpg	135328	8201	f	f
641	1381	downward-dog-toe-touch.webp	f	\N	f	0	0	7	2	Downward Dog Alternating Toe Touches	\N	0	downward-dog-alternating-toe-touch-alt.jpg	145	3840	f	f
853	1682	\N	f	This doesn't stretch any muscles, only strengthens. It won't ever show up as a Cooldown stretch.	f	0	0	1	1	Easy Stretch	aka. Sukhasana	0	camel-pose.jpg	2304	73741	f	f
852	1681	\N	f	This doesn't stretch any muscles, only strengthens. It won't ever show up as a Cooldown stretch.	f	0	0	1	1	Staff Stretch	\N	0	seated-butterfly-stretch.jpg	2304	73741	f	f
703	1462	\N	f	\N	f	0	0	7	3	Forearm Serratus Plank	\N	2304	forearm-plank.jpg	262273	0	f	f
704	1461	\N	f	\N	f	0	0	7	3	Serratus Plank	\N	2304	hand-plank.jpg	262273	0	f	f
722	1491	reverse-lunge-knee-drive.webp	f	\N	f	67108864	64	6	2	Reverse Lunge to Knee Drive	\N	0	reverse-lunge.jpg	11008	1025	t	f
875	1727	\N	f	\N	f	33554432	0	6	2	Assisted Nordic Hamstring Curl	\N	257	nordic-hamstrings.jpg	512	0	f	f
873	1702	\N	f	\N	f	0	0	1	1	Doorway Back Stretch	\N	0	standing-t.jpg	0	131104	f	f
874	1703	\N	f	\N	f	0	0	1	1	Doorway Chest Stretch	\N	0	standing-t.jpg	0	65544	f	f
245	\N	\N	f	\N	t	50331648	0	6	2	Lateral Step Ups	\N	42496	step-ups-lateral.jpg	2304	0	t	f
500	1120	\N	f	\N	f	0	16	6	2	Hamstring Scoops	\N	1	hamstring-scoops.jpg	256	512	t	f
334	886	dips-assisted.webp	t	If you don’t use proper form, triceps dips are a risky exercise for your shoulders. Doing them in a sloppy manner places your shoulders at a higher risk of injury. According to the American Council on Exercise, dips exert substantial stress on the anterior deltoids. The problem is the shoulder, despite being a ball-and-socket joint, doesn’t have the stability that the hip joint has. When you dip, it compresses on the capsule of the shoulder joint and creates added shearing forces on the shoulders.	f	0	4	6	2	Assisted Dips	\N	131073	bench-dips.jpg	4108	0	f	t
850	1679	\N	f	\N	f	0	0	6	2	Walking Knee Hugs	\N	0	quad-stretch.jpg	8192	448	f	f
868	1697	\N	f	\N	f	16777216	0	1	1	Firelog Stretch	\N	0	lotus-stretch-half.jpg	0	32768	t	f
864	1693	\N	f	\N	f	0	0	1	1	Bird of Paradise	\N	0	crow-stretch.jpg	4321	0	f	f
459	1061	\N	f	\N	t	16777216	0	6	2	Frog Pumps	\N	640	glute-bridges.jpg	33024	0	f	f
660	1407	\N	f	\N	f	0	0	7	2	Active 90/90 Hip Stretch	\N	0	90-90.jpg	0	41216	t	f
732	1509	\N	f	\N	f	0	0	1	1	Modified Downward Dog	\N	0	downward-dog-modified-alt.jpg	327684	1800	f	f
472	\N	reverse-flyes.webp	f	\N	t	0	0	6	2	Rear Raise	Not the same as a Reverse Fly.	65536	t-fly-alt.jpg	131108	0	f	f
719	\N	\N	f	\N	t	0	16	6	2	Double Clean	Although power cleans share a lot of similarities with plyometric exercises, they’re not considered plyometrics due to the fact that it only focuses on building up strength rather than speed and agility.	1	deadlift.jpg	3040	0	f	t
220	\N	\N	t	You use your front shoulders a lot every time you bench or press, so front raises are not as necessary for even development.	t	0	0	6	2	Overhead Front Raise	\N	1	weighted-front-overhead-raise.jpg	327684	0	f	f
567	1232	\N	f	\N	f	0	4	7	2	Wall Handstand Pushups	\N	129	wall-hand-stand.jpg	266284	0	f	t
609	1303	\N	f	This is because when you do them, you are holding the weight and have a long lever arm.  This can place excessive pressure on your spine in the long term and potentially lead to spine damage where Foramina close down more.  This can cause nerve impingement, which can lead to feelings of pain, tingling, numbness, and burning sensations traveling down your leg.  	t	0	0	6	2	Side Bends	\N	0	lateral-raise.jpg	131108	0	t	t
743	\N	row-seated.webp	f	\N	t	0	2	6	2	Seated Rows	\N	901	seated-row.jpg	131170	0	f	f
328	612	hamstring-bridge.webp	f	\N	t	0	0	6	2	Hamstring Bridges	\N	256	hamstring-bridge.jpg	512	0	f	f
579	1245	pushups-full-alt.webp	f	\N	t	0	1	6	2	Full Pushups	\N	133521	full-pushups-alt.jpg	4108	0	f	f
311	559	\N	t	\N	t	67108864	0	7	2	One-Leg Straight-Leg Calf Raises	Ankle plantar flexion.	524288	one-leg-full-calf-raises.jpg	1024	0	t	f
856	1685	\N	f	\N	f	16777216	0	1	1	Sage Marichi I	\N	0	head-to-knee-alt.jpg	0	33664	f	f
571	1362	\N	f	\N	t	67108864	0	7	2	Bent-Knee Calf Raises	Ankle plantar flexion.	524288	full-calf-raises.jpg	1024	0	f	f
694	\N	farmers-carry-one-hand.webp	f	\N	t	0	384	6	10	One-Hand Farmer's Carry	\N	241250	carry-suitcase.jpg	16785	0	t	f
867	1696	\N	f	\N	f	0	0	1	1	One-Leg Crow Hold	\N	36	crow-stretch.jpg	4289	0	f	f
605	\N	woodchopper.webp	f	\N	t	0	256	6	2	Woodchopper	This is primarily a core movement, so no traps, rotator cuffs, or rhomboids being worked--there are better exercises for those. This is not a prehab or rehab exercise.	458788	woodchopper.jpg	17	0	t	f
644	1385	\N	f	\N	t	0	16	7	2	2/4 Turkish Get-Up	Does not work vertical push functional movement--range of motion is too small.	4612	turkish-get-up-2-4.jpg	2304	0	t	f
857	1686	\N	f	\N	f	16777216	0	1	1	Heron Stretch	\N	0	head-to-knee-alt.jpg	0	896	f	f
441	1041	inner-thigh-leg-lift-lying.webp	f	\N	t	0	0	7	10	Side-Lying Inner Thigh Leg Lift	\N	0	side-lying-inner-thigh-leg-lift.jpg	33024	8209	t	f
486	1097	\N	f	\N	t	0	0	6	10	Side-Lying Double Leg Lifts	\N	8209	side-lying-double-leg-lifts.jpg	33024	0	t	f
642	1380	downward-dog-knee-to-elbow.webp	f	\N	f	0	0	7	2	Downward Dog Knee to Elbow	\N	0	downward-dog-knee-to-elbow.jpg	145	3840	t	f
691	1443	downward-dog-upward-dog.webp	f	\N	f	0	5	7	2	Downward Dog to Upward Dog	\N	0	cobra-stretch.jpg	135328	8715	f	f
647	1389	pushups-serratus.webp	f	\N	f	0	1	6	2	Serratus Pushups	\N	0	full-pushups.jpg	266252	65536	f	f
82	\N	\N	f	For starters, many people struggle with the hands-overhead position required in triceps extensions. "Some have a hard time standing straight up without flaring their ribs when they bring their arms overhead," Summers says.\n\nThis difficulty may be related to limited shoulder mobility, a common issue that can reduce your shoulders' range of motion, thus making it challenging to straighten your arms above you without discomfort. Consequently, attempting a move like the overhead triceps extension exacerbates the problem and can create new pain points.\n\n"Usually what happens with people who lack shoulder and thoracic [upper back] mobility is they start to compensate in other ways by jutting their neck out of alignment or overarching their lower back," Summers says.\n\nIn other words, putting your already weak shoulders in a vulnerable position can lead to injury in them as well as your neck and back. This scenario becomes especially troublesome if you misjudge your strength and lift too heavy.	t	0	0	6	2	Tricep Extension	\N	0	tricep-extension.jpg	4096	0	f	f
56	\N	dips-full.webp	t	As you lower yourself into the dip, the moment arm and therefore the effort requirement increases not at the elbow, but at the shoulder (glenohumeral joint).\n\nThis is illustrated in the image below. The line of force (vertical line) travels straight down through the elbow. There is no moment arm (horizontal line) to the elbow whatsoever.\n\nThis makes the exercise primarily a challenge to the anterior deltoid.	t	0	4	6	2	Full Dips	\N	131073	full-dips.jpg	4108	0	f	t
221	\N	\N	t	\N	t	0	0	6	2	Front Raise	You use your front shoulders a lot every time you bench or press, so front raises are not as necessary for even development.	1	front-raise.jpg	327684	0	f	f
591	1267	\N	f	Isolation exercise. Hammer Curl is better since it works the forearms and biceps more evenly.	t	0	0	6	2	Drag Curl	\N	0	bicep-curl.jpg	16386	0	f	f
589	1260	\N	f	Similar to the Reverse Fly	t	0	0	6	2	Incline Y Raise	\N	0	reverse-fly.jpg	131108	0	f	f
484	1095	good-mornings.webp	f	\N	t	0	16	6	2	Good Mornings	Too dangerous to do with weights, no good way to bail. Still useful as an unweighted warmup	0	good-morning.jpg	9184	2049	f	t
793	1595	flutter-kicks-reverse.webp	f	\N	t	0	0	6	2	Reverse Flutter Kicks	\N	0	flutter-kicks.jpg	384	0	f	f
572	1347	glute-kickback.webp	f	\N	t	0	0	6	2	Glute Kickback	\N	1	quadruped-leg-raise.jpg	768	0	f	f
558	\N	lat-pulldown.webp	f	\N	t	12582912	8	6	8	Lat Pulldowns	\N	131110	lat-pulldowns-alt.jpg	64	0	f	f
664	\N	overhead-reach-banded.webp	f	\N	t	8388608	0	6	10	Banded Overhead Reach	\N	72	banded-overhead-reach.jpg	458788	0	f	f
537	1181	\N	f	\N	f	0	0	7	2	Crab Walk	\N	4	reverse-tabletop.jpg	401	0	f	f
777	\N	\N	f	Duplicate of Dumbbell Rows.	t	0	2	6	2	Seal Rows	\N	901	seal-rows.jpg	131170	0	f	f
240	\N	overhead-press.webp	f	\N	t	0	4	6	10	Overhead Press	\N	65576	overhead-press.jpg	266244	0	f	f
590	\N	tricep-pushdown.webp	f	\N	t	0	0	6	8	Tricep Pushdown	\N	0	tricep-kickback.jpg	4096	0	f	f
822	1642	flutter-kicks-reverse.webp	f	\N	t	0	0	6	2	Reverse Scissor Kicks	\N	0	flutter-kicks.jpg	384	0	f	f
229	\N	\N	f	More or less a duplicate of the Bench Press.	t	0	1	7	2	Alternating Dumbbell Bench Press (Top Down)	\N	0	bench-press-alternating.jpg	20490	65540	t	f
219	\N	\N	f	The weight doesn't apply to the full range of motion.	t	0	0	6	2	Tricep Kickback	\N	0	tricep-kickback.jpg	4096	0	f	f
495	\N	chest-pass-one-arm.webp	f	\N	t	0	0	6	4	Stepping One-Arm Chest Pass	\N	44	one-arm-chest-pass.jpg	4096	0	t	f
672	\N	\N	f	Hard to maximize weight because the max depends on standing up straight when the weight is pulling you backwards and you will lose balance.	t	0	16	6	2	Banded Pull Through	\N	0	pull-through.jpg	2944	8192	f	f
709	1470	side-leg-lift-standing.webp	f	\N	t	0	0	7	10	Standing Side Leg Lift	\N	8209	side-standing-leg-raises-alt.jpg	33024	0	t	f
776	\N	row-three-point.webp	f	\N	t	0	2	6	2	Dumbbell Rows	\N	901	bench-rows.jpg	131170	0	t	f
718	\N	\N	f	\N	t	0	16	6	2	Single Clean	Although power cleans share a lot of similarities with plyometric exercises, they’re not considered plyometrics due to the fact that it only focuses on building up strength rather than speed and agility.	1	deadlift.jpg	3040	0	f	t
725	\N	\N	f	Duplicate of Chest Fly. Although there is a Crossover Fly where you actually cross your arms over each other.	t	0	0	6	2	Bear Hug	\N	0	bodyweight-fly.jpg	262156	0	f	f
652	\N	farmers-carry.webp	f	\N	t	0	128	6	10	Two-Hand Farmer's Carry	\N	241266	carry-farmers.jpg	16769	0	f	f
195	\N	chest-press-neutral.webp	f	\N	t	0	1	6	2	Neutral-Grip Chest Press	\N	16394	bench-press-close-grip.jpg	4100	0	f	f
373	936	\N	f	\N	t	0	80	7	2	Turkish Get-Up	Does not work vertical push functional movement--range of motion is too small.	4100	turkish-get-up-3-4.jpg	2816	0	t	f
693	\N	\N	f	\N	t	0	128	6	10	Two-Hand Rack Carry	Can't get the same load as a Farmer's Carry, reducing work required by the Glutes.	175986	carry-farmers.jpg	16513	0	f	f
692	\N	overhead-carry.webp	f	\N	t	0	128	7	2	Two-Hand Overhead Carry	Main focus is core and shoulder stability.	20740	overhead-carry.jpg	262273	0	f	f
679	1669	romanian-deadlift-split-stance.webp	t	\N	t	0	16	6	2	Split Stance Romanian Deadlift	\N	2081	romanian-deadlift-split-stance.jpg	9152	0	t	t
442	1375	\N	f	Flows are too hard to structure into a generated workout routine. Leave this out and let user's do pushups and rows seperately. That allows them to use the correct amount of weight for each exercise as well. Doing them both in one and you might bottleneck the weight.	t	0	3	7	2	Pushup Row	\N	67968	dumbbell-plank-row.jpg	135293	0	t	f
639	1378	\N	f	\N	f	0	5	7	2	Pushup to One-Leg Downward Dog	\N	0	single-leg-downward-dog.jpg	4108	3840	t	f
277	841	toe-touchers.webp	f	They push your curved spine against the floor and work your hip flexors, the muscles that run from the thighs to the lumbar vertebrae in the lower back. When the hip flexors are too strong or too tight, they tug on the lower spine, which can create lower back discomfort.	f	0	0	6	2	Toe Touchers	\N	0	toe-touchers-alt.jpg	8193	0	f	f
876	1706	downward-dog-to-plank.webp	f	\N	f	0	0	7	2	Quadruped to Downward Dog Alternating Toe Touches	\N	0	downward-dog-pose.jpg	145	3840	f	f
877	1707	downward-dog-to-plank.webp	f	\N	f	0	0	7	2	Quadruped to Downward Dog	\N	0	downward-dog-pose.jpg	145	3840	f	f
891	1721	toe-walk.webp	f	\N	f	67108864	0	7	2	Toe Walk	\N	0	heel-walk.jpg	1024	524288	f	f
879	1709	cat-cow.webp	f	\N	f	0	0	7	3	Seated Cat/Cow Stretch	\N	0	cat-cow-stretches.jpg	0	131321	f	f
880	1710	\N	f	\N	f	0	256	1	1	Seated Twists	\N	192	twists-straight-leg.jpg	0	16	t	f
821	1641	scissor-kicks.webp	f	\N	t	0	0	6	2	Scissor Kicks	Make sure the instructional video makes it clear the user should not arch their back and instead keep it flat against the floor.	0	flutter-kicks.jpg	8193	0	f	f
884	1714	\N	f	This doesn't stretch any muscles, only strengthens. It won't ever show up as a Cooldown stretch.	f	0	0	1	1	Mountain Stretch	\N	0	camel-pose.jpg	2304	73741	f	f
665	1412	\N	f	Walking or something is much better.	f	67108864	0	6	2	Rocking Ankle Mobilization	\N	0	rocking-ankle-mobilization.jpg	4101	1024	t	f
886	1716	\N	f	\N	f	16777216	0	1	1	Single Leg Balance	\N	1792		0	0	t	f
249	702	reverse-lunge.webp	f	\N	t	67108864	64	6	2	Reverse Lunge	\N	33792	reverse-lunge-alt.jpg	11008	0	t	f
887	1717	\N	f	\N	f	16777216	0	1	1	Assisted Single Leg Balance	\N	1792		0	0	t	f
870	1699	\N	f	\N	f	0	0	1	1	Side-Reclining Leg Lift	\N	0	side-reclining-leg-lift.jpg	0	41472	f	f
882	1712	\N	f	\N	f	0	0	1	1	Seated Pigeon Stretch	\N	0	pigeon-stretch.jpg	0	33280	t	f
878	1708	\N	f	\N	f	0	0	1	1	Supported Warrior III	\N	0	warrior-iii.jpg	0	772	t	f
881	1711	\N	f	\N	f	16777216	16	1	1	Seated Eagle Stretch	\N	0	eagle-stretch.jpg	256	40960	f	f
666	1413	\N	f	\N	f	0	0	6	2	Shoulder Controlled Articular Rotation	\N	0	shoulder-car.jpg	327680	0	t	f
575	1237	bird-dogs.webp	f	\N	t	0	0	7	3	Bird Dogs	aka. Balancing Table Stretch (isometric).	0	bird-dogs.jpg	2449	512	t	f
905	1748	\N	f	\N	f	0	0	6	2	Kegals	\N	0	kegals.jpg	268435456	0	f	f
883	1713	\N	f	\N	f	16777216	0	1	1	Seated Forward Fold	\N	0	forward-fold-seated.jpg	0	896	f	f
400	969	\N	f	\N	t	1048576	0	7	8	Finger Spread	aka. Finger Spread	0	finger-spread.jpg	16384	0	t	f
893	\N	chest-press-neutral.webp	f	\N	t	0	0	6	2	Svend Press	\N	4100	bench-press-close-grip.jpg	8	0	f	f
900	\N	lat-pulldown.webp	f	\N	t	12582912	0	6	8	Scapular Pulldowns	\N	65542	lat-pulldowns-alt.jpg	131104	0	f	f
226	\N	tricep-extension-lying.webp	f	\N	t	0	0	6	2	Lying Tricep Extension	\N	0	tricep-extension-lying.jpg	4096	0	f	f
799	1611	fire-hydrant.webp	f	\N	t	0	0	6	10	Fire Hydrant	aka. Quadruped Hip Abduction	1	fire-hydrant.jpg	256	32768	f	f
888	\N	\N	t	\N	t	67108864	0	7	2	Ankle Resisted Straight-Leg Plantar Flexion	Ankle plantar flexion.	524288	one-leg-full-calf-raises.jpg	1024	0	t	f
131	\N	deadlift.webp	t	\N	t	0	16	6	2	Deadlift	\N	33	deadlift.jpg	3008	0	f	f
955	1803	cossack-squats.webp	f	\N	f	0	0	6	2	Assisted Cossack Squats	\N	0	cossack-squats.jpg	2816	32768	f	f
560	\N	upright-row.webp	t	The internal rotation to which you expose your shoulders is one of the most harmful exercises you can do, causing similar damage to triceps dips. As a demonstration, hold your arms straight out to your sides with your palms facing down.\n\nThen, rotate your hands forward as if pouring out, or emptying a glass of water in from each hand. Then, to do the upright row, you’ll lift the barbell with bent elbows causing internal rotation of the shoulders.\n\nInternal rotation itself is not necessarily harmful to your shoulders.\n\nThe problem comes as you raise your arms and add resistance (the weight of the barbell) in that position. Every time you raise your arms bearing the weight, impingement occurs. That involves a small shoulder tendon getting pinched by the bones in your shoulder.	t	0	8	6	10	Upright Row	Hand placement should be at minimum shoulder-width apart or there is a risk of shoulder impingement.	133	upright-row.jpg	131170	0	f	t
600	1604	wrist-curl-reverse.webp	f	\N	t	6291456	0	6	2	Wrist Curls	aka. Wrist Flexion and Extension	0	wrist-curl.jpg	16384	0	f	f
903	1746	\N	t	\N	f	134217728	0	7	2	Big Toe Mobility	\N	0		0	0	t	f
908	1751	\N	f	\N	f	134217728	0	6	2	Metatarsal Mobilization	\N	0		0	0	t	f
816	1636	split-squat-assisted.webp	t	\N	f	184549376	64	6	10	Assisted Split Squat	\N	32768	split-squat-assisted.jpg	2816	0	t	f
907	1750	marble-pick-up.webp	f	\N	f	134217728	0	7	2	Toe Marble Pick-up	\N	0	marble-pick-up.jpg	0	0	t	f
669	\N	\N	f	\N	t	1048576	0	6	2	Finger Curls	\N	0	wrist-curl.jpg	16384	0	f	f
909	1752	\N	f	\N	f	134217728	0	7	2	Toe Rocker	\N	0		0	0	t	f
904	1747	\N	f	\N	f	134217728	0	7	2	Toe Curls	\N	0		0	0	t	f
513	1142	romanian-deadlift-one-leg.webp	t	\N	t	0	16	6	2	One-Leg Romanian Deadlift	\N	2081	romanian-deadlift-one-leg.jpg	9152	0	t	t
33	660	\N	t	Too easy	f	0	2	6	2	Wall Rows	\N	81925	rows-vertical.jpg	98	0	f	f
889	\N	\N	f	\N	t	67108864	0	7	2	Ankle Resisted Bent-Knee Plantar Flexion	Ankle plantar flexion.	524288	one-leg-full-calf-raises.jpg	1024	0	t	f
885	1715	\N	t	\N	t	67108864	0	7	2	Plantar Fascia Towel Stretch	\N	0		0	1024	t	f
910	1753	\N	t	\N	f	134217728	0	7	2	Top of Foot Stretch	\N	0		0	0	t	f
584	1251	\N	f	\N	t	33554432	0	7	2	Wall Slide	\N	524417	wall-sit.jpg	2048	0	f	f
906	1749	\N	f	\N	f	0	0	6	2	Reverse Kegals	\N	0	kegals.jpg	268435456	0	f	f
831	1652	\N	f	There are too many variations of this. Stick with Plank to Downward Dog and make Elevated Pike Plank Walk a precursor to Wall Walking Handstand	f	0	0	6	2	Pike Plank Walk	\N	479268	pike-pushups.jpg	145	0	f	f
916	1759	\N	f	\N	f	1048576	0	1	1	Finger Extensor Stretch	\N	0	finger-spread.jpg	0	0	f	f
915	1758	\N	f	\N	t	1048576	0	1	1	Finger Tendon Glide	\N	0	finger-spread.jpg	0	0	f	f
914	1757	\N	f	\N	t	1048576	0	1	1	Finger Adduction	\N	0	finger-spread.jpg	0	0	f	f
913	1756	\N	f	\N	t	1048576	0	1	1	Finger Abduction	\N	0	finger-spread.jpg	0	0	f	f
376	940	\N	f	\N	f	16777216	0	1	1	Pyramid Stretch	\N	0	pyramid-stretch-alt.jpg	0	8704	t	f
392	\N	\N	f	\N	t	4194304	0	6	2	Forearm Wrist Twists	aka. Forearm Pronation/Supination	2	wrist-rotations.jpg	16384	0	f	f
912	1755	\N	f	\N	f	1048576	0	1	1	Finger Flexor Stretch	\N	0	finger-spread.jpg	0	0	t	f
138	\N	kettlebell-swings-two-handed.webp	f	\N	t	0	16	6	6	Two-Handed Kettlebell Swings	This is the Russian variation (arms don't go above shoulders). The American version (arms go above shoulders) is more likely to cause shoulder injuries. Let other exercises target that range of motion.	196832	kettlebell-swings-two-handed.jpg	1792	0	f	t
489	1102	\N	f	\N	f	6291456	0	1	1	Wrist Mobility	\N	0	wrist-bend.jpg	0	16384	t	f
917	1760	marble-pick-up.webp	f	\N	f	134217728	0	7	2	Big Toe Abduction	\N	0	marble-pick-up.jpg	0	0	t	f
919	1762	\N	f	\N	t	1048576	0	1	1	Finger Hook	\N	0	finger-spread.jpg	0	0	f	f
920	1763	\N	f	\N	t	1048576	0	1	1	Finger Duck	\N	0	finger-spread.jpg	0	0	f	f
531	1175	star-jacks.webp	f	\N	f	0	0	6	4	Star Jacks	\N	0	star-jacks.jpg	232709	512	f	f
452	1054	mountain-climbers-side-alt.webp	f	\N	f	50331648	0	6	4	Side Climbers	\N	0	side-mountain-climbers.jpg	44801	0	f	f
911	1754	wrist-curl-reverse.webp	f	\N	t	6291456	0	7	2	Towel Twist	\N	0	wrist-curl.jpg	16384	0	t	f
407	985	\N	f	\N	f	0	256	7	1	Quadruped Plank with Alternating Shoulder Taps	\N	8192	quadruped-plank-shoulder-taps.jpg	145	0	f	f
49	714	bridges-wheel.webp	f	\N	f	0	4	6	2	Wheel Bridges	\N	32	wheel-bridges.jpg	4480	0	f	f
842	1665	pushups-plyometric-incline.webp	f	\N	f	0	1	6	4	Plyometric Incline Pushups	\N	133521	pushups-pylo.jpg	4108	0	f	f
696	\N	rack-carry-one-hand.webp	f	\N	t	0	384	6	10	One-Hand Rack Carry	Can't get the same load as a Farmer's Carry, reducing work required by the Glutes.	175970	carry-suitcase.jpg	16529	0	t	f
705	\N	\N	f	\N	t	8388608	0	6	8	Banded Diagonals	This is a great movement for scapular stabilization.	262148	banded-diagonals.jpg	196640	0	t	f
454	1056	\N	f	\N	f	50331648	0	6	4	Jumping Mountain Climbers	\N	0	mountain-climbers.jpg	12033	0	f	f
918	1761	marble-pick-up.webp	f	\N	f	134217728	0	1	1	Foot Doming	\N	0	marble-pick-up.jpg	0	0	t	f
733	1510	\N	f	\N	t	0	0	1	1	Single Leg Wall Sit	Wall sits are a Quad isolation exercise. If they are worked too often it can create an imbalance with the Hamstrings and unbalance the knees..	557328	wall-sit.jpg	2048	0	t	f
922	1768	clamshells.webp	f	\N	t	0	0	6	10	Reverse Clamshells	\N	512	clamshells.jpg	256	0	t	f
823	1643	glute-bridge-march.webp	f	\N	t	0	0	6	2	Glute Bridge March	\N	512	glute-bridges.jpg	256	0	f	f
695	\N	overhead-carry.webp	f	\N	t	0	384	7	2	One-Hand Overhead Carry	Main focus is core and shoulder stability.	20740	overhead-carry.jpg	262289	0	t	f
65	725	forearm-side-plank-rotations.webp	f	\N	f	0	256	7	3	Forearm Side Plank with Torso Rotation	\N	260	forearm-side-plank-rotations.jpg	32913	0	t	f
110	758	\N	f	\N	f	0	0	1	1	Side Plank	\N	260	full-side-plank.jpg	32913	0	t	f
580	1247	\N	f	\N	f	0	0	1	1	Forearm Side Plank	\N	260	forearm-side-plank.jpg	32913	0	t	f
757	1550	\N	f	\N	f	0	0	7	3	Kneeling Adductor Stretch	\N	0	hip-adductor-stretch-kneeling.jpg	0	33280	t	f
681	1524	\N	f	\N	t	0	16	7	2	Half-Kneeling Windmill	\N	4356	kettlebell-windmill.jpg	327680	8	t	f
830	1651	\N	f	\N	f	0	0	1	1	Elevated Pike Plank	\N	479268	elevated-pike-pushups.jpg	145	0	f	f
445	1049	\N	t	\N	t	67108864	32	7	2	Full Squats with Calf Raise	Ankle plantar flexion.	524288	full-squats-pylo.jpg	3840	0	f	f
594	1273	\N	f	\N	f	0	0	6	2	Matrix Squats	\N	1025	matrix-squat.jpg	2560	0	f	t
826	1646	\N	f	\N	f	0	0	6	2	Assisted Matrix Squats	\N	1025	matrix-squat.jpg	2560	0	f	t
119	768	\N	f	This is just the Psoas March but elevated.	f	50331648	0	6	4	Reverse Mountain Climbers	\N	1024	reverse-mountain-climbers.jpg	11009	0	f	f
451	1053	\N	f	\N	f	50331648	0	6	4	Everest Climbers	\N	0	mountain-climbers.jpg	12033	0	f	f
610	1305	\N	f	Not targeting serious calisthenics people	f	0	16	6	2	Inverted Deadlift	\N	33	deadlift.jpg	3008	0	f	f
51	716	\N	f	This is a fancy way to get in the bridge position, but you aren't actually doing a push up to a bridge.	f	0	4	6	2	Wall Walking Bridges	\N	32	wallwalking-bridges.jpg	4480	0	f	f
52	717	\N	f	This is a fancy way to get in the bridge position, but you aren't actually doing a push up to a bridge.	f	0	4	6	2	Stand to Stand Bridges	\N	32	standtostand-bridges-alt.jpg	4480	0	f	f
956	1805	forearm-plank-reach-through.webp	f	\N	f	0	256	7	2	Forearm Plank Reach Through	\N	2052	plank-reach-through.jpg	8337	0	t	f
921	1767	\N	t	\N	t	201326592	0	7	2	One-Leg Straight-Leg Calf Raises with Big Toe Extension	Ankle plantar flexion. For Plantar Faciitis.	524288	one-leg-full-calf-raises.jpg	1024	0	t	f
643	1383	\N	f	\N	t	0	0	7	2	1/4 Turkish Get-Up	Does not work vertical push functional movement--range of motion is too small.	4100	turkish-get-up-1-4.jpg	256	0	t	f
766	1561	\N	f	\N	f	16777216	0	1	1	Head to Knee	\N	0	head-to-knee-alt.jpg	0	33664	f	f
767	1562	\N	f	\N	f	16777216	0	1	1	Revolved Head to Knee	\N	0	head-to-knee-revolved.jpg	0	33680	f	f
957	1	\N	f	\N	f	0	0	7	2	Eye Blinking	\N	0	head-to-knee-alt.jpg	536870912	536870912	f	f
796	1616	toe-taps.webp	f	\N	f	0	0	6	4	Toe Taps	\N	1	jogging.jpg	8448	1024	f	f
80	\N	bicep-curl.webp	t	\N	t	4194304	0	6	2	Bicep Curl	Isolation exercise. Hammer Curl is better since it works the forearms and biceps more evenly.	16384	bicep-curl.jpg	2	0	f	f
81	734	\N	t	Use the compound Bicep Curl variation instead	t	4194304	0	6	2	Concentration Curl	\N	0	concentration-curl.jpg	16386	0	f	f
209	\N	hammer-curl.webp	t	\N	t	4194304	0	6	2	Hammer Curl	This works the Biceps and Forearms more evenly then a Bicep Curl.	0	hammer-curl.jpg	16386	0	f	f
239	\N	\N	t	\N	t	4194304	0	6	2	Reverse Curl	Isolation exercise. Hammer Curl is better since it works the forearms and biceps more evenly.	2	reverse-barbell-curl.jpg	16384	0	f	f
958	1807	\N	f	\N	f	0	0	7	2	Neck Stretch	\N	0	head-to-knee-alt.jpg	1073741824	1073741824	f	t
959	1808	\N	f	\N	f	0	0	7	2	Neck Strength	\N	0	head-to-knee-alt.jpg	1073741824	1073741824	f	t
960	\N	row-three-point.webp	f	\N	t	0	2	6	2	T-Bar Rows	\N	901	bench-rows.jpg	131170	0	t	f
785	1585	scapular-retraction-prone.webp	f	\N	f	0	0	6	2	Prone Scapular Retraction	\N	0	prone-t.jpg	196644	8	f	f
834	1655	dolphin-plank.webp	f	\N	f	83886080	0	7	2	Forearm Plank to One-Leg Dolphin	\N	0	dolphin-stretch.jpg	270741	1024	f	f
961	1813	\N	f	\N	f	0	0	1	1	Child's Stretch with Twist	\N	0	childs-pose.jpg	0	459232	f	f
962	1814	\N	f	\N	f	0	0	1	1	Deer Stretch	\N	0	90-90.jpg	0	41216	t	f
963	1815	\N	f	\N	f	16777216	0	1	1	Dangling Stretch	\N	0	forward-bend.jpg	0	896	f	f
964	1816	\N	f	\N	f	16777216	0	1	1	Half Butterfly Stretch	aka. Bound Angle Pose; Baddha Konasana.	0	seated-butterfly-stretch.jpg	0	40960	f	f
965	1817	\N	f	\N	f	0	0	1	1	Cow Face Arms Stretch	\N	0	cow-face-stretch.jpg	0	40960	t	f
966	1818	\N	f	\N	f	0	0	1	1	Cow Face Legs Stretch	\N	0	cow-face-stretch.jpg	0	40960	t	f
967	1819	\N	f	\N	f	16777216	16	1	1	Eagle Arms Stretch	\N	0	eagle-stretch.jpg	256	40960	f	f
969	1821	\N	f	\N	f	0	256	1	1	Banana Stretch	\N	192	lying-sphinx.jpg	0	16	t	f
970	1822	\N	f	\N	f	0	256	1	1	Cat Pulling it's Tail Stretch	\N	0	lying-sphinx.jpg	0	10756	t	f
972	1824	\N	f	\N	f	0	0	1	1	High Low Plank	\N	2052	hand-plank.jpg	8337	0	f	f
968	1820	\N	f	\N	f	67108864	0	1	1	Ankle Stretch	\N	0	rocking-ankle-mobilization.jpg	4101	1024	t	f
973	1825	\N	f	\N	f	67108864	0	6	2	Half-Kneeling Ankle Rocks	\N	0	rocking-ankle-mobilization.jpg	0	1024	t	f
247	700	lunges-walking.webp	f	\N	t	0	64	6	2	Walking Lunges	Hard on the knees, keep as a warmup only.	1024	lunges-walking.jpg	11008	0	t	f
971	1823	crab-reach.webp	f	\N	f	8388608	0	7	2	Crab Reach	Not strength, belongs in warmup/cooldown	0	crab-reach.jpg	261	4	f	f
974	1826	\N	f	\N	f	0	0	1	1	Hurdler Stretch	\N	0	couch-stretch-alt.jpg	0	33536	t	f
976	\N	\N	f	\N	f	8388608	0	7	2	Shoulder Pendulum	\N	0	plank-shoulder-taps.jpg	0	65540	f	f
975	1827	wrist-curl-reverse.webp	f	\N	t	8388608	0	7	2	Towel Stretch	\N	0	wrist-curl.jpg	0	65540	t	f
977	1829	\N	f	\N	f	8388608	0	7	2	Cross-Arm Stretch	\N	0	plank-shoulder-taps.jpg	0	65540	f	f
\.


--
-- Name: User_Id_seq; Type: SEQUENCE SET; Schema: public; Owner: -
--

SELECT pg_catalog.setval('public."User_Id_seq"', 337, true);


--
-- Name: equipment_Id_seq; Type: SEQUENCE SET; Schema: public; Owner: -
--

SELECT pg_catalog.setval('public."equipment_Id_seq"', 33, true);


--
-- Name: exercise_Id_seq; Type: SEQUENCE SET; Schema: public; Owner: -
--

SELECT pg_catalog.setval('public."exercise_Id_seq"', 400, true);


--
-- Name: exercise_variation_Id_seq; Type: SEQUENCE SET; Schema: public; Owner: -
--

SELECT pg_catalog.setval('public."exercise_variation_Id_seq"', 1053, true);


--
-- Name: footnote_Id_seq; Type: SEQUENCE SET; Schema: public; Owner: -
--

SELECT pg_catalog.setval('public."footnote_Id_seq"', 287, true);


--
-- Name: instruction_Id_seq; Type: SEQUENCE SET; Schema: public; Owner: -
--

SELECT pg_catalog.setval('public."instruction_Id_seq"', 1829, true);


--
-- Name: intensity_Id_seq; Type: SEQUENCE SET; Schema: public; Owner: -
--

SELECT pg_catalog.setval('public."intensity_Id_seq"', 4608, true);


--
-- Name: variation_Id_seq; Type: SEQUENCE SET; Schema: public; Owner: -
--

SELECT pg_catalog.setval('public."variation_Id_seq"', 977, true);


--
-- Name: __EFMigrationsHistory PK___EFMigrationsHistory; Type: CONSTRAINT; Schema: public; Owner: -
--

ALTER TABLE ONLY public."__EFMigrationsHistory"
    ADD CONSTRAINT "PK___EFMigrationsHistory" PRIMARY KEY ("MigrationId");


--
-- Name: equipment PK_equipment; Type: CONSTRAINT; Schema: public; Owner: -
--

ALTER TABLE ONLY public.equipment
    ADD CONSTRAINT "PK_equipment" PRIMARY KEY ("Id");


--
-- Name: exercise PK_exercise; Type: CONSTRAINT; Schema: public; Owner: -
--

ALTER TABLE ONLY public.exercise
    ADD CONSTRAINT "PK_exercise" PRIMARY KEY ("Id");


--
-- Name: exercise_prerequisite PK_exercise_prerequisite; Type: CONSTRAINT; Schema: public; Owner: -
--

ALTER TABLE ONLY public.exercise_prerequisite
    ADD CONSTRAINT "PK_exercise_prerequisite" PRIMARY KEY ("ExerciseId", "PrerequisiteExerciseId");


--
-- Name: exercise_variation PK_exercise_variation; Type: CONSTRAINT; Schema: public; Owner: -
--

ALTER TABLE ONLY public.exercise_variation
    ADD CONSTRAINT "PK_exercise_variation" PRIMARY KEY ("Id");


--
-- Name: instruction PK_instruction; Type: CONSTRAINT; Schema: public; Owner: -
--

ALTER TABLE ONLY public.instruction
    ADD CONSTRAINT "PK_instruction" PRIMARY KEY ("Id");


--
-- Name: instruction_equipment PK_instruction_equipment; Type: CONSTRAINT; Schema: public; Owner: -
--

ALTER TABLE ONLY public.instruction_equipment
    ADD CONSTRAINT "PK_instruction_equipment" PRIMARY KEY ("EquipmentId", "InstructionsId");


--
-- Name: instruction_location PK_instruction_location; Type: CONSTRAINT; Schema: public; Owner: -
--

ALTER TABLE ONLY public.instruction_location
    ADD CONSTRAINT "PK_instruction_location" PRIMARY KEY ("Location", "InstructionId");


--
-- Name: intensity PK_intensity; Type: CONSTRAINT; Schema: public; Owner: -
--

ALTER TABLE ONLY public.intensity
    ADD CONSTRAINT "PK_intensity" PRIMARY KEY ("Id");


--
-- Name: user PK_user; Type: CONSTRAINT; Schema: public; Owner: -
--

ALTER TABLE ONLY public."user"
    ADD CONSTRAINT "PK_user" PRIMARY KEY ("Id");


--
-- Name: user_email PK_user_email; Type: CONSTRAINT; Schema: public; Owner: -
--

ALTER TABLE ONLY public.user_email
    ADD CONSTRAINT "PK_user_email" PRIMARY KEY ("Id");


--
-- Name: user_equipment PK_user_equipment; Type: CONSTRAINT; Schema: public; Owner: -
--

ALTER TABLE ONLY public.user_equipment
    ADD CONSTRAINT "PK_user_equipment" PRIMARY KEY ("UserId", "EquipmentId");


--
-- Name: user_exercise PK_user_exercise; Type: CONSTRAINT; Schema: public; Owner: -
--

ALTER TABLE ONLY public.user_exercise
    ADD CONSTRAINT "PK_user_exercise" PRIMARY KEY ("UserId", "ExerciseId");


--
-- Name: user_exercise_variation PK_user_exercise_variation; Type: CONSTRAINT; Schema: public; Owner: -
--

ALTER TABLE ONLY public.user_exercise_variation
    ADD CONSTRAINT "PK_user_exercise_variation" PRIMARY KEY ("UserId", "ExerciseVariationId");


--
-- Name: user_footnote PK_user_footnote; Type: CONSTRAINT; Schema: public; Owner: -
--

ALTER TABLE ONLY public.user_footnote
    ADD CONSTRAINT "PK_user_footnote" PRIMARY KEY ("Id");


--
-- Name: user_frequency PK_user_frequency; Type: CONSTRAINT; Schema: public; Owner: -
--

ALTER TABLE ONLY public.user_frequency
    ADD CONSTRAINT "PK_user_frequency" PRIMARY KEY ("UserId", "Id");


--
-- Name: user_muscle_flexibility PK_user_muscle_flexibility; Type: CONSTRAINT; Schema: public; Owner: -
--

ALTER TABLE ONLY public.user_muscle_flexibility
    ADD CONSTRAINT "PK_user_muscle_flexibility" PRIMARY KEY ("UserId", "MuscleGroup");


--
-- Name: user_muscle_mobility PK_user_muscle_mobility; Type: CONSTRAINT; Schema: public; Owner: -
--

ALTER TABLE ONLY public.user_muscle_mobility
    ADD CONSTRAINT "PK_user_muscle_mobility" PRIMARY KEY ("UserId", "MuscleGroup");


--
-- Name: user_muscle_strength PK_user_muscle_strength; Type: CONSTRAINT; Schema: public; Owner: -
--

ALTER TABLE ONLY public.user_muscle_strength
    ADD CONSTRAINT "PK_user_muscle_strength" PRIMARY KEY ("UserId", "MuscleGroup");


--
-- Name: user_token PK_user_token; Type: CONSTRAINT; Schema: public; Owner: -
--

ALTER TABLE ONLY public.user_token
    ADD CONSTRAINT "PK_user_token" PRIMARY KEY ("Id");


--
-- Name: user_variation PK_user_variation; Type: CONSTRAINT; Schema: public; Owner: -
--

ALTER TABLE ONLY public.user_variation
    ADD CONSTRAINT "PK_user_variation" PRIMARY KEY ("UserId", "VariationId");


--
-- Name: user_variation_weight PK_user_variation_weight; Type: CONSTRAINT; Schema: public; Owner: -
--

ALTER TABLE ONLY public.user_variation_weight
    ADD CONSTRAINT "PK_user_variation_weight" PRIMARY KEY ("Id");


--
-- Name: user_workout PK_user_workout; Type: CONSTRAINT; Schema: public; Owner: -
--

ALTER TABLE ONLY public.user_workout
    ADD CONSTRAINT "PK_user_workout" PRIMARY KEY ("Id");


--
-- Name: user_workout_exercise_variation PK_user_workout_exercise_variation; Type: CONSTRAINT; Schema: public; Owner: -
--

ALTER TABLE ONLY public.user_workout_exercise_variation
    ADD CONSTRAINT "PK_user_workout_exercise_variation" PRIMARY KEY ("Id");


--
-- Name: variation PK_variation; Type: CONSTRAINT; Schema: public; Owner: -
--

ALTER TABLE ONLY public.variation
    ADD CONSTRAINT "PK_variation" PRIMARY KEY ("Id");


--
-- Name: IX_exercise_prerequisite_PrerequisiteExerciseId; Type: INDEX; Schema: public; Owner: -
--

CREATE INDEX "IX_exercise_prerequisite_PrerequisiteExerciseId" ON public.exercise_prerequisite USING btree ("PrerequisiteExerciseId");


--
-- Name: IX_exercise_variation_ExerciseId_VariationId; Type: INDEX; Schema: public; Owner: -
--

CREATE INDEX "IX_exercise_variation_ExerciseId_VariationId" ON public.exercise_variation USING btree ("ExerciseId", "VariationId");


--
-- Name: IX_exercise_variation_VariationId; Type: INDEX; Schema: public; Owner: -
--

CREATE INDEX "IX_exercise_variation_VariationId" ON public.exercise_variation USING btree ("VariationId");


--
-- Name: IX_instruction_ParentId; Type: INDEX; Schema: public; Owner: -
--

CREATE INDEX "IX_instruction_ParentId" ON public.instruction USING btree ("ParentId");


--
-- Name: IX_instruction_VariationId; Type: INDEX; Schema: public; Owner: -
--

CREATE INDEX "IX_instruction_VariationId" ON public.instruction USING btree ("VariationId");


--
-- Name: IX_instruction_equipment_InstructionsId; Type: INDEX; Schema: public; Owner: -
--

CREATE INDEX "IX_instruction_equipment_InstructionsId" ON public.instruction_equipment USING btree ("InstructionsId");


--
-- Name: IX_instruction_location_InstructionId; Type: INDEX; Schema: public; Owner: -
--

CREATE INDEX "IX_instruction_location_InstructionId" ON public.instruction_location USING btree ("InstructionId");


--
-- Name: IX_intensity_VariationId; Type: INDEX; Schema: public; Owner: -
--

CREATE INDEX "IX_intensity_VariationId" ON public.intensity USING btree ("VariationId");


--
-- Name: IX_user_Email; Type: INDEX; Schema: public; Owner: -
--

CREATE UNIQUE INDEX "IX_user_Email" ON public."user" USING btree ("Email");


--
-- Name: IX_user_email_UserId; Type: INDEX; Schema: public; Owner: -
--

CREATE INDEX "IX_user_email_UserId" ON public.user_email USING btree ("UserId");


--
-- Name: IX_user_equipment_EquipmentId; Type: INDEX; Schema: public; Owner: -
--

CREATE INDEX "IX_user_equipment_EquipmentId" ON public.user_equipment USING btree ("EquipmentId");


--
-- Name: IX_user_exercise_ExerciseId; Type: INDEX; Schema: public; Owner: -
--

CREATE INDEX "IX_user_exercise_ExerciseId" ON public.user_exercise USING btree ("ExerciseId");


--
-- Name: IX_user_exercise_variation_ExerciseVariationId; Type: INDEX; Schema: public; Owner: -
--

CREATE INDEX "IX_user_exercise_variation_ExerciseVariationId" ON public.user_exercise_variation USING btree ("ExerciseVariationId");


--
-- Name: IX_user_footnote_UserId; Type: INDEX; Schema: public; Owner: -
--

CREATE INDEX "IX_user_footnote_UserId" ON public.user_footnote USING btree ("UserId");


--
-- Name: IX_user_token_UserId_Token; Type: INDEX; Schema: public; Owner: -
--

CREATE INDEX "IX_user_token_UserId_Token" ON public.user_token USING btree ("UserId", "Token");


--
-- Name: IX_user_variation_VariationId; Type: INDEX; Schema: public; Owner: -
--

CREATE INDEX "IX_user_variation_VariationId" ON public.user_variation USING btree ("VariationId");


--
-- Name: IX_user_variation_weight_UserId; Type: INDEX; Schema: public; Owner: -
--

CREATE INDEX "IX_user_variation_weight_UserId" ON public.user_variation_weight USING btree ("UserId");


--
-- Name: IX_user_variation_weight_VariationId; Type: INDEX; Schema: public; Owner: -
--

CREATE INDEX "IX_user_variation_weight_VariationId" ON public.user_variation_weight USING btree ("VariationId");


--
-- Name: IX_user_workout_UserId; Type: INDEX; Schema: public; Owner: -
--

CREATE INDEX "IX_user_workout_UserId" ON public.user_workout USING btree ("UserId");


--
-- Name: IX_user_workout_exercise_variation_ExerciseVariationId; Type: INDEX; Schema: public; Owner: -
--

CREATE INDEX "IX_user_workout_exercise_variation_ExerciseVariationId" ON public.user_workout_exercise_variation USING btree ("ExerciseVariationId");


--
-- Name: IX_user_workout_exercise_variation_UserWorkoutId; Type: INDEX; Schema: public; Owner: -
--

CREATE INDEX "IX_user_workout_exercise_variation_UserWorkoutId" ON public.user_workout_exercise_variation USING btree ("UserWorkoutId");


--
-- Name: IX_variation_DefaultInstructionId; Type: INDEX; Schema: public; Owner: -
--

CREATE INDEX "IX_variation_DefaultInstructionId" ON public.variation USING btree ("DefaultInstructionId");


--
-- Name: exercise_prerequisite FK_exercise_prerequisite_exercise_ExerciseId; Type: FK CONSTRAINT; Schema: public; Owner: -
--

ALTER TABLE ONLY public.exercise_prerequisite
    ADD CONSTRAINT "FK_exercise_prerequisite_exercise_ExerciseId" FOREIGN KEY ("ExerciseId") REFERENCES public.exercise("Id") ON DELETE CASCADE;


--
-- Name: exercise_prerequisite FK_exercise_prerequisite_exercise_PrerequisiteExerciseId; Type: FK CONSTRAINT; Schema: public; Owner: -
--

ALTER TABLE ONLY public.exercise_prerequisite
    ADD CONSTRAINT "FK_exercise_prerequisite_exercise_PrerequisiteExerciseId" FOREIGN KEY ("PrerequisiteExerciseId") REFERENCES public.exercise("Id") ON DELETE CASCADE;


--
-- Name: exercise_variation FK_exercise_variation_exercise_ExerciseId; Type: FK CONSTRAINT; Schema: public; Owner: -
--

ALTER TABLE ONLY public.exercise_variation
    ADD CONSTRAINT "FK_exercise_variation_exercise_ExerciseId" FOREIGN KEY ("ExerciseId") REFERENCES public.exercise("Id") ON DELETE CASCADE;


--
-- Name: exercise_variation FK_exercise_variation_variation_VariationId; Type: FK CONSTRAINT; Schema: public; Owner: -
--

ALTER TABLE ONLY public.exercise_variation
    ADD CONSTRAINT "FK_exercise_variation_variation_VariationId" FOREIGN KEY ("VariationId") REFERENCES public.variation("Id") ON DELETE CASCADE;


--
-- Name: instruction_equipment FK_instruction_equipment_equipment_EquipmentId; Type: FK CONSTRAINT; Schema: public; Owner: -
--

ALTER TABLE ONLY public.instruction_equipment
    ADD CONSTRAINT "FK_instruction_equipment_equipment_EquipmentId" FOREIGN KEY ("EquipmentId") REFERENCES public.equipment("Id") ON DELETE CASCADE;


--
-- Name: instruction_equipment FK_instruction_equipment_instruction_InstructionsId; Type: FK CONSTRAINT; Schema: public; Owner: -
--

ALTER TABLE ONLY public.instruction_equipment
    ADD CONSTRAINT "FK_instruction_equipment_instruction_InstructionsId" FOREIGN KEY ("InstructionsId") REFERENCES public.instruction("Id") ON DELETE CASCADE;


--
-- Name: instruction FK_instruction_instruction_ParentId; Type: FK CONSTRAINT; Schema: public; Owner: -
--

ALTER TABLE ONLY public.instruction
    ADD CONSTRAINT "FK_instruction_instruction_ParentId" FOREIGN KEY ("ParentId") REFERENCES public.instruction("Id");


--
-- Name: instruction_location FK_instruction_location_instruction_InstructionId; Type: FK CONSTRAINT; Schema: public; Owner: -
--

ALTER TABLE ONLY public.instruction_location
    ADD CONSTRAINT "FK_instruction_location_instruction_InstructionId" FOREIGN KEY ("InstructionId") REFERENCES public.instruction("Id") ON DELETE CASCADE;


--
-- Name: instruction FK_instruction_variation_VariationId; Type: FK CONSTRAINT; Schema: public; Owner: -
--

ALTER TABLE ONLY public.instruction
    ADD CONSTRAINT "FK_instruction_variation_VariationId" FOREIGN KEY ("VariationId") REFERENCES public.variation("Id") ON DELETE CASCADE;


--
-- Name: intensity FK_intensity_variation_VariationId; Type: FK CONSTRAINT; Schema: public; Owner: -
--

ALTER TABLE ONLY public.intensity
    ADD CONSTRAINT "FK_intensity_variation_VariationId" FOREIGN KEY ("VariationId") REFERENCES public.variation("Id") ON DELETE CASCADE;


--
-- Name: user_email FK_user_email_user_UserId; Type: FK CONSTRAINT; Schema: public; Owner: -
--

ALTER TABLE ONLY public.user_email
    ADD CONSTRAINT "FK_user_email_user_UserId" FOREIGN KEY ("UserId") REFERENCES public."user"("Id") ON DELETE CASCADE;


--
-- Name: user_equipment FK_user_equipment_equipment_EquipmentId; Type: FK CONSTRAINT; Schema: public; Owner: -
--

ALTER TABLE ONLY public.user_equipment
    ADD CONSTRAINT "FK_user_equipment_equipment_EquipmentId" FOREIGN KEY ("EquipmentId") REFERENCES public.equipment("Id") ON DELETE CASCADE;


--
-- Name: user_equipment FK_user_equipment_user_UserId; Type: FK CONSTRAINT; Schema: public; Owner: -
--

ALTER TABLE ONLY public.user_equipment
    ADD CONSTRAINT "FK_user_equipment_user_UserId" FOREIGN KEY ("UserId") REFERENCES public."user"("Id") ON DELETE CASCADE;


--
-- Name: user_exercise FK_user_exercise_exercise_ExerciseId; Type: FK CONSTRAINT; Schema: public; Owner: -
--

ALTER TABLE ONLY public.user_exercise
    ADD CONSTRAINT "FK_user_exercise_exercise_ExerciseId" FOREIGN KEY ("ExerciseId") REFERENCES public.exercise("Id") ON DELETE CASCADE;


--
-- Name: user_exercise FK_user_exercise_user_UserId; Type: FK CONSTRAINT; Schema: public; Owner: -
--

ALTER TABLE ONLY public.user_exercise
    ADD CONSTRAINT "FK_user_exercise_user_UserId" FOREIGN KEY ("UserId") REFERENCES public."user"("Id") ON DELETE CASCADE;


--
-- Name: user_exercise_variation FK_user_exercise_variation_exercise_variation_ExerciseVariatio~; Type: FK CONSTRAINT; Schema: public; Owner: -
--

ALTER TABLE ONLY public.user_exercise_variation
    ADD CONSTRAINT "FK_user_exercise_variation_exercise_variation_ExerciseVariatio~" FOREIGN KEY ("ExerciseVariationId") REFERENCES public.exercise_variation("Id") ON DELETE CASCADE;


--
-- Name: user_exercise_variation FK_user_exercise_variation_user_UserId; Type: FK CONSTRAINT; Schema: public; Owner: -
--

ALTER TABLE ONLY public.user_exercise_variation
    ADD CONSTRAINT "FK_user_exercise_variation_user_UserId" FOREIGN KEY ("UserId") REFERENCES public."user"("Id") ON DELETE CASCADE;


--
-- Name: user_footnote FK_user_footnote_user_UserId; Type: FK CONSTRAINT; Schema: public; Owner: -
--

ALTER TABLE ONLY public.user_footnote
    ADD CONSTRAINT "FK_user_footnote_user_UserId" FOREIGN KEY ("UserId") REFERENCES public."user"("Id");


--
-- Name: user_frequency FK_user_frequency_user_UserId; Type: FK CONSTRAINT; Schema: public; Owner: -
--

ALTER TABLE ONLY public.user_frequency
    ADD CONSTRAINT "FK_user_frequency_user_UserId" FOREIGN KEY ("UserId") REFERENCES public."user"("Id") ON DELETE CASCADE;


--
-- Name: user_muscle_flexibility FK_user_muscle_flexibility_user_UserId; Type: FK CONSTRAINT; Schema: public; Owner: -
--

ALTER TABLE ONLY public.user_muscle_flexibility
    ADD CONSTRAINT "FK_user_muscle_flexibility_user_UserId" FOREIGN KEY ("UserId") REFERENCES public."user"("Id") ON DELETE CASCADE;


--
-- Name: user_muscle_mobility FK_user_muscle_mobility_user_UserId; Type: FK CONSTRAINT; Schema: public; Owner: -
--

ALTER TABLE ONLY public.user_muscle_mobility
    ADD CONSTRAINT "FK_user_muscle_mobility_user_UserId" FOREIGN KEY ("UserId") REFERENCES public."user"("Id") ON DELETE CASCADE;


--
-- Name: user_muscle_strength FK_user_muscle_strength_user_UserId; Type: FK CONSTRAINT; Schema: public; Owner: -
--

ALTER TABLE ONLY public.user_muscle_strength
    ADD CONSTRAINT "FK_user_muscle_strength_user_UserId" FOREIGN KEY ("UserId") REFERENCES public."user"("Id") ON DELETE CASCADE;


--
-- Name: user_token FK_user_token_user_UserId; Type: FK CONSTRAINT; Schema: public; Owner: -
--

ALTER TABLE ONLY public.user_token
    ADD CONSTRAINT "FK_user_token_user_UserId" FOREIGN KEY ("UserId") REFERENCES public."user"("Id") ON DELETE CASCADE;


--
-- Name: user_variation FK_user_variation_user_UserId; Type: FK CONSTRAINT; Schema: public; Owner: -
--

ALTER TABLE ONLY public.user_variation
    ADD CONSTRAINT "FK_user_variation_user_UserId" FOREIGN KEY ("UserId") REFERENCES public."user"("Id") ON DELETE CASCADE;


--
-- Name: user_variation FK_user_variation_variation_VariationId; Type: FK CONSTRAINT; Schema: public; Owner: -
--

ALTER TABLE ONLY public.user_variation
    ADD CONSTRAINT "FK_user_variation_variation_VariationId" FOREIGN KEY ("VariationId") REFERENCES public.variation("Id") ON DELETE CASCADE;


--
-- Name: user_variation_weight FK_user_variation_weight_user_UserId; Type: FK CONSTRAINT; Schema: public; Owner: -
--

ALTER TABLE ONLY public.user_variation_weight
    ADD CONSTRAINT "FK_user_variation_weight_user_UserId" FOREIGN KEY ("UserId") REFERENCES public."user"("Id") ON DELETE CASCADE;


--
-- Name: user_variation_weight FK_user_variation_weight_variation_VariationId; Type: FK CONSTRAINT; Schema: public; Owner: -
--

ALTER TABLE ONLY public.user_variation_weight
    ADD CONSTRAINT "FK_user_variation_weight_variation_VariationId" FOREIGN KEY ("VariationId") REFERENCES public.variation("Id") ON DELETE CASCADE;


--
-- Name: user_workout_exercise_variation FK_user_workout_exercise_variation_exercise_variation_Exercise~; Type: FK CONSTRAINT; Schema: public; Owner: -
--

ALTER TABLE ONLY public.user_workout_exercise_variation
    ADD CONSTRAINT "FK_user_workout_exercise_variation_exercise_variation_Exercise~" FOREIGN KEY ("ExerciseVariationId") REFERENCES public.exercise_variation("Id") ON DELETE CASCADE;


--
-- Name: user_workout_exercise_variation FK_user_workout_exercise_variation_user_workout_UserWorkoutId; Type: FK CONSTRAINT; Schema: public; Owner: -
--

ALTER TABLE ONLY public.user_workout_exercise_variation
    ADD CONSTRAINT "FK_user_workout_exercise_variation_user_workout_UserWorkoutId" FOREIGN KEY ("UserWorkoutId") REFERENCES public.user_workout("Id") ON DELETE CASCADE;


--
-- Name: user_workout FK_user_workout_user_UserId; Type: FK CONSTRAINT; Schema: public; Owner: -
--

ALTER TABLE ONLY public.user_workout
    ADD CONSTRAINT "FK_user_workout_user_UserId" FOREIGN KEY ("UserId") REFERENCES public."user"("Id") ON DELETE CASCADE;


--
-- Name: variation FK_variation_instruction_DefaultInstructionId; Type: FK CONSTRAINT; Schema: public; Owner: -
--

ALTER TABLE ONLY public.variation
    ADD CONSTRAINT "FK_variation_instruction_DefaultInstructionId" FOREIGN KEY ("DefaultInstructionId") REFERENCES public.instruction("Id");


--
-- PostgreSQL database dump complete
--

